traveller_id,origin_city,traveller_type,adults,children,seniors,total_party_size,pace,total_budget,budget_level,hotel_comfort,mobility_need,dietary_preference,preferred_transport,travel_month,nights,archetype,food_preference,culture_preference,nature_preference,beach_preference,wellness_preference,adventure_preference,nightlife_preference,shopping_preference,history_preference,photography_preference,wildlife_preference,spirituality_preference,split
T000001,Chennai,friends,6,0,0,6,balanced,134658,high,budget,no_restriction,vegetarian,public_transport,March,6,senior_traveller,66,71,83,53,56,8,31,66,57,70,62,46,train
T000002,Chennai,solo,1,0,0,1,balanced,26955,medium,premium,no_restriction,no_preference,public_transport,April,3,culture_traveller,15,68,74,96,32,37,46,18,12,47,22,66,test
T000003,Jaipur,solo,1,0,0,1,balanced,25964,high,standard,no_restriction,no_preference,fastest,February,3,beach_traveller,64,1,79,78,49,53,74,46,32,68,52,22,train
T000004,Bengaluru,solo,1,0,0,1,balanced,5000,low,budget,no_restriction,no_preference,fastest,November,1,adventure_traveller,65,51,83,87,53,85,49,15,52,72,62,13,train
T000005,Kochi,seniors,1,0,2,3,packed,26819,medium,premium,no_restriction,vegetarian,balanced,November,2,food_traveller,79,87,45,54,45,15,67,68,62,59,12,39,test
T000006,Ahmedabad,family,2,2,1,5,packed,89674,high,standard,no_restriction,no_preference,fastest,June,3,family_traveller,76,74,78,40,64,54,39,44,60,67,80,91,train
T000007,Ahmedabad,solo,1,0,0,1,packed,7754,low,standard,no_restriction,no_preference,balanced,February,2,wellness_traveller,67,28,65,72,76,10,91,23,3,55,37,82,test
T000008,Hyderabad,couple,2,0,0,2,easy_going,44512,medium,budget,no_restriction,no_preference,lowest_cost,December,7,balanced_traveller,75,58,55,60,72,59,52,70,62,75,59,42,train
T000009,Ahmedabad,seniors,1,0,3,4,easy_going,132862,low,luxury,no_restriction,no_preference,balanced,November,6,senior_traveller,22,13,67,12,50,69,58,19,80,71,73,13,train
T000010,Jaipur,solo,1,0,0,1,packed,12148,medium,budget,no_restriction,vegetarian,private_transport,May,2,wellness_traveller,73,58,83,87,97,8,16,39,49,60,71,48,train
T000011,Bengaluru,family,4,3,0,7,easy_going,101774,high,budget,no_restriction,vegetarian,fastest,March,3,senior_traveller,6,59,14,82,31,14,92,16,28,15,11,2,test
T000012,Jaipur,solo,1,0,0,1,packed,68672,medium,premium,no_restriction,jain,lowest_cost,September,7,food_traveller,98,94,61,47,43,35,60,85,36,68,25,43,train
T000013,Delhi,family,4,1,1,6,balanced,44898,medium,premium,no_restriction,vegetarian,fastest,November,1,culture_traveller,38,88,53,56,44,15,36,63,95,91,62,95,test
T000014,Chennai,solo,1,0,0,1,easy_going,30161,high,standard,no_restriction,vegetarian,balanced,September,3,nightlife_traveller,72,8,93,13,95,80,59,78,79,94,25,59,train
T000015,Indore,family,3,1,1,5,packed,46031,medium,standard,no_restriction,vegan,balanced,December,3,family_traveller,65,41,77,67,33,89,76,27,36,31,15,14,train
T000016,Jaipur,seniors,2,0,1,3,packed,23760,low,budget,wheelchair_friendly_preference,non_vegetarian,fastest,January,3,beach_traveller,54,0,94,78,58,72,37,41,0,75,62,26,train
T000017,Kochi,solo,1,0,0,1,packed,30136,low,luxury,no_restriction,vegetarian,public_transport,January,2,food_traveller,83,88,52,63,53,18,66,66,41,39,0,48,validation
T000018,Kolkata,friends,6,0,0,6,easy_going,51396,low,budget,no_restriction,vegetarian,public_transport,November,4,senior_traveller,70,74,79,66,77,2,25,44,62,55,35,68,train
T000019,Kolkata,couple,2,0,0,2,balanced,23425,medium,standard,no_restriction,no_preference,balanced,January,3,wellness_traveller,79,70,85,55,84,45,47,57,58,69,46,60,train
T000020,Ahmedabad,family,3,2,0,5,balanced,49349,low,premium,no_restriction,no_preference,lowest_cost,December,4,nightlife_traveller,79,69,43,57,88,59,93,82,27,56,54,9,train
T000021,Nagpur,solo,1,0,0,1,balanced,35827,low,premium,no_restriction,vegetarian,lowest_cost,September,4,adventure_traveller,52,33,70,92,67,76,38,0,50,100,62,12,train
T000022,Ahmedabad,seniors,2,0,1,3,balanced,37920,medium,standard,no_restriction,no_preference,lowest_cost,December,3,balanced_traveller,73,51,74,58,60,75,52,45,51,62,38,64,test
T000023,Mumbai,friends,6,0,0,6,packed,40258,medium,standard,no_restriction,no_preference,lowest_cost,January,2,adventure_traveller,64,61,86,84,81,81,53,10,44,72,46,19,train
T000024,Indore,family,4,1,0,5,balanced,34207,low,luxury,no_restriction,no_preference,balanced,March,1,nightlife_traveller,92,71,53,61,28,43,79,73,29,80,42,9,train
T000025,Indore,family,4,4,0,8,packed,46425,low,premium,no_restriction,no_preference,lowest_cost,October,2,culture_traveller,72,76,49,63,66,25,0,63,73,83,39,85,train
T000026,Pune,family,4,1,0,5,packed,40080,medium,luxury,no_restriction,no_preference,lowest_cost,December,1,nightlife_traveller,62,76,87,52,33,53,79,80,5,63,63,0,train
T000027,Chennai,seniors,0,0,3,3,easy_going,20947,low,standard,reduced_walking,vegetarian,balanced,October,3,senior_traveller,73,86,84,46,59,35,15,36,56,46,52,56,train
T000028,Indore,couple,2,0,0,2,balanced,26300,low,luxury,no_restriction,no_preference,lowest_cost,January,2,food_traveller,85,85,61,54,66,28,72,77,51,51,30,74,train
T000029,Ahmedabad,family,5,2,0,7,balanced,71045,low,standard,no_restriction,non_vegetarian,public_transport,February,6,family_traveller,38,6,69,20,30,39,41,0,11,86,0,50,train
T000030,Kochi,family,3,1,0,4,balanced,80846,high,premium,reduced_walking,vegetarian,lowest_cost,December,3,beach_traveller,62,20,86,80,60,58,66,66,0,64,69,35,train
T000031,Indore,family,5,4,0,9,balanced,190046,medium,luxury,no_restriction,no_preference,lowest_cost,November,4,adventure_traveller,62,71,87,87,64,84,35,21,50,71,77,42,validation
T000032,Kolkata,solo,1,0,0,1,easy_going,28844,medium,standard,no_restriction,non_vegetarian,fastest,October,4,beach_traveller,67,20,83,82,54,44,55,48,3,86,61,0,train
T000033,Jaipur,family,4,2,0,6,packed,55993,medium,budget,no_restriction,vegan,private_transport,April,3,wellness_traveller,79,52,40,9,88,39,68,14,96,17,19,85,train
T000034,Ahmedabad,friends,8,0,0,8,balanced,93775,medium,standard,no_restriction,vegetarian,private_transport,July,5,beach_traveller,47,8,79,93,79,52,79,57,42,81,58,24,train
T000035,Kochi,solo,1,0,0,1,easy_going,36411,high,standard,no_restriction,vegetarian,balanced,February,3,food_traveller,66,87,45,39,56,21,48,88,40,52,12,56,train
T000036,Indore,seniors,0,0,1,1,balanced,50573,high,standard,no_restriction,no_preference,public_transport,November,7,balanced_traveller,13,30,55,9,84,61,54,16,25,16,85,58,train
T000037,Pune,friends,7,0,0,7,packed,43118,low,premium,no_restriction,vegetarian,balanced,September,3,food_traveller,75,85,63,49,68,35,74,86,73,34,15,46,train
T000038,Nagpur,seniors,1,0,1,2,packed,118644,high,premium,no_restriction,no_preference,private_transport,January,6,food_traveller,72,81,68,67,59,31,62,91,60,52,24,21,train
T000039,Kolkata,friends,5,0,0,5,packed,49408,medium,standard,no_restriction,vegetarian,balanced,July,4,family_traveller,83,73,81,56,40,53,48,68,57,53,55,59,train
T000040,Kochi,family,4,4,1,9,balanced,101613,medium,standard,no_restriction,no_preference,fastest,January,4,senior_traveller,86,79,78,67,74,43,37,55,61,66,58,58,train
T000041,Nagpur,family,3,1,0,4,packed,21728,low,standard,no_restriction,vegetarian,fastest,April,2,family_traveller,68,73,73,57,53,52,64,61,60,61,64,31,test
T000042,Nagpur,friends,8,0,0,8,balanced,75359,low,premium,no_restriction,vegetarian,balanced,November,4,nightlife_traveller,88,65,45,68,65,58,75,75,13,63,45,25,train
T000043,Bengaluru,couple,2,0,0,2,easy_going,36133,high,standard,no_restriction,non_vegetarian,private_transport,January,3,food_traveller,91,76,56,44,62,38,56,80,43,54,0,46,train
T000044,Kolkata,friends,4,0,0,4,balanced,29659,medium,standard,no_restriction,no_preference,public_transport,December,2,beach_traveller,64,16,77,82,66,59,49,71,40,85,68,36,train
T000045,Jaipur,friends,7,0,0,7,packed,30662,low,budget,no_restriction,non_vegetarian,public_transport,September,2,culture_traveller,58,82,70,52,61,7,25,57,76,80,54,79,train
T000046,Delhi,friends,6,0,0,6,packed,109623,high,budget,no_restriction,no_preference,fastest,December,7,family_traveller,82,95,63,32,50,57,65,62,52,69,69,59,train
T000047,Pune,couple,2,0,0,2,packed,10613,low,standard,no_restriction,no_preference,balanced,October,2,nightlife_traveller,69,45,46,86,78,52,79,72,0,55,45,18,train
T000048,Delhi,couple,2,0,0,2,easy_going,13384,low,standard,no_restriction,no_preference,private_transport,March,2,senior_traveller,86,80,94,69,53,29,45,80,42,45,74,44,train
T000049,Kochi,couple,2,0,0,2,easy_going,13892,medium,standard,no_restriction,non_vegetarian,balanced,February,1,nightlife_traveller,80,48,25,40,35,30,72,92,19,72,61,30,test
T000050,Hyderabad,seniors,2,0,4,6,balanced,41178,medium,standard,no_restriction,vegetarian,balanced,November,2,senior_traveller,82,86,86,75,72,6,41,50,69,57,52,35,validation
T000051,Indore,couple,2,0,0,2,balanced,83113,medium,luxury,no_restriction,no_preference,lowest_cost,October,3,beach_traveller,68,21,88,78,56,55,46,64,28,86,75,38,train
T000052,Chennai,family,4,1,1,6,packed,31873,medium,standard,no_restriction,non_vegetarian,balanced,October,1,adventure_traveller,81,66,83,78,52,64,60,30,38,76,43,7,train
T000053,Chennai,couple,2,0,0,2,balanced,10142,low,budget,no_restriction,vegetarian,lowest_cost,February,1,culture_traveller,79,83,28,30,87,2,52,46,69,16,66,37,test
T000054,Pune,couple,2,0,0,2,balanced,139316,low,luxury,reduced_walking,non_vegetarian,lowest_cost,January,9,family_traveller,85,87,100,54,47,62,62,50,44,84,60,48,train
T000055,Indore,seniors,1,0,4,5,packed,65566,medium,budget,no_restriction,vegetarian,balanced,December,6,senior_traveller,89,68,88,52,61,5,37,71,68,38,66,61,train
T000056,Kochi,couple,2,0,0,2,packed,59838,medium,luxury,no_restriction,no_preference,lowest_cost,January,2,adventure_traveller,71,43,84,74,48,93,50,26,34,96,64,17,train
T000057,Nagpur,family,4,3,0,7,balanced,51476,medium,standard,no_restriction,vegan,lowest_cost,February,2,nightlife_traveller,92,73,46,83,68,68,82,80,17,61,73,22,train
T000058,Chennai,family,5,4,0,9,packed,116966,medium,standard,no_restriction,non_vegetarian,balanced,March,4,culture_traveller,61,70,74,55,60,50,39,53,77,79,63,81,validation
T000059,Bengaluru,couple,2,0,0,2,packed,19218,low,budget,no_restriction,no_preference,balanced,November,5,culture_traveller,57,71,40,39,35,21,34,56,63,80,55,98,train
T000060,Pune,family,5,4,0,9,balanced,70122,medium,standard,no_restriction,jain,fastest,February,3,family_traveller,77,73,79,43,60,43,65,42,50,49,72,60,train
T000061,Kolkata,couple,2,0,0,2,balanced,36854,high,standard,no_restriction,vegetarian,balanced,January,2,food_traveller,76,92,53,33,41,0,54,80,51,69,35,54,train
T000062,Kochi,seniors,2,0,4,6,balanced,58220,medium,budget,no_restriction,non_vegetarian,fastest,December,3,adventure_traveller,55,73,80,67,47,86,61,0,48,77,52,2,train
T000063,Pune,couple,2,0,0,2,easy_going,6843,low,budget,no_restriction,non_vegetarian,lowest_cost,November,1,adventure_traveller,58,65,69,82,54,84,56,1,41,82,69,0,validation
T000064,Hyderabad,couple,2,0,0,2,easy_going,20810,low,standard,no_restriction,non_vegetarian,private_transport,November,4,culture_traveller,54,76,61,62,60,23,40,44,81,91,72,70,test
T000065,Kolkata,solo,1,0,0,1,easy_going,61247,medium,premium,no_restriction,vegetarian,public_transport,November,6,balanced_traveller,91,35,60,47,63,57,66,71,59,70,28,76,train
T000066,Mumbai,friends,3,0,0,3,balanced,106028,medium,standard,no_restriction,non_vegetarian,private_transport,December,11,wellness_traveller,86,28,87,39,82,18,35,54,48,50,72,63,train
T000067,Indore,family,4,1,1,6,balanced,70094,medium,standard,no_restriction,no_preference,fastest,December,3,senior_traveller,76,81,69,58,62,17,0,68,61,48,53,38,train
T000068,Mumbai,solo,1,0,0,1,balanced,7365,medium,standard,no_restriction,vegetarian,lowest_cost,December,1,family_traveller,70,77,72,61,51,85,36,59,43,51,58,29,test
T000069,Kochi,seniors,0,0,4,4,balanced,54943,high,standard,no_restriction,no_preference,fastest,July,3,adventure_traveller,40,69,70,76,80,91,58,7,50,82,57,18,train
T000070,Delhi,solo,1,0,0,1,balanced,9967,low,standard,no_restriction,vegetarian,lowest_cost,November,2,food_traveller,71,87,47,50,60,13,67,75,49,49,12,70,train
T000071,Nagpur,couple,2,0,0,2,easy_going,39586,medium,standard,no_restriction,non_vegetarian,balanced,July,6,beach_traveller,45,56,78,82,41,77,70,60,2,83,43,39,train
T000072,Chennai,couple,2,0,0,2,packed,7084,low,budget,no_restriction,vegetarian,public_transport,December,1,beach_traveller,43,76,73,3,56,15,94,16,62,32,64,41,test
T000073,Kochi,couple,2,0,0,2,packed,38690,medium,premium,no_restriction,no_preference,balanced,October,3,wellness_traveller,89,62,79,31,88,35,28,46,65,67,75,46,train
T000074,Hyderabad,friends,7,0,0,7,easy_going,41452,low,standard,no_restriction,no_preference,balanced,June,2,adventure_traveller,67,39,71,65,57,73,52,28,49,83,53,28,validation
T000075,Mumbai,friends,3,0,0,3,easy_going,46815,high,standard,no_restriction,no_preference,fastest,November,2,food_traveller,79,83,67,50,49,4,44,67,65,78,38,37,train
T000076,Pune,friends,3,0,0,3,packed,28036,low,budget,no_restriction,non_vegetarian,private_transport,December,4,culture_traveller,31,79,50,38,62,14,6,50,90,86,55,86,train
T000077,Bengaluru,family,5,3,0,8,packed,85884,high,premium,no_restriction,non_vegetarian,fastest,February,2,food_traveller,73,90,33,70,56,4,50,73,67,65,0,52,train
T000078,Indore,family,5,3,0,8,easy_going,58113,low,premium,no_restriction,no_preference,lowest_cost,November,4,family_traveller,74,75,98,57,59,35,49,59,44,67,42,53,train
T000079,Nagpur,couple,2,0,0,2,balanced,25268,low,standard,no_restriction,no_preference,fastest,November,4,culture_traveller,53,82,77,40,66,0,22,75,85,83,50,82,test
T000080,Bengaluru,friends,3,0,0,3,balanced,27116,medium,standard,no_restriction,vegetarian,lowest_cost,December,3,adventure_traveller,55,50,99,78,49,85,60,1,70,81,43,35,validation
T000081,Mumbai,couple,2,0,0,2,easy_going,31458,medium,standard,no_restriction,vegetarian,lowest_cost,November,4,balanced_traveller,47,58,56,40,39,63,25,59,51,72,51,64,train
T000082,Chennai,friends,5,0,0,5,balanced,35388,low,premium,no_restriction,no_preference,lowest_cost,September,2,adventure_traveller,64,62,82,73,66,72,70,57,61,86,51,0,train
T000083,Jaipur,solo,1,0,0,1,easy_going,77050,high,premium,no_restriction,non_vegetarian,balanced,March,4,balanced_traveller,52,40,33,53,57,41,56,57,31,46,61,61,train
T000084,Kolkata,friends,6,0,0,6,packed,71306,medium,budget,no_restriction,no_preference,lowest_cost,February,4,culture_traveller,66,88,47,35,75,23,0,48,88,79,50,93,train
T000085,Chennai,couple,2,0,0,2,packed,79287,medium,luxury,no_restriction,no_preference,balanced,February,4,senior_traveller,86,82,75,57,56,22,48,50,62,69,58,85,train
T000086,Jaipur,seniors,0,0,4,4,balanced,59870,high,standard,no_restriction,no_preference,private_transport,December,4,family_traveller,59,81,6,51,25,66,11,93,89,18,32,58,train
T000087,Chennai,solo,1,0,0,1,balanced,10349,medium,budget,no_restriction,vegan,private_transport,January,2,balanced_traveller,49,46,44,53,42,61,57,62,63,64,52,82,train
T000088,Indore,couple,2,0,0,2,balanced,95933,low,luxury,no_restriction,no_preference,fastest,December,6,beach_traveller,57,22,67,80,57,54,47,50,17,82,64,34,validation
T000089,Nagpur,solo,1,0,0,1,balanced,16896,high,budget,no_restriction,vegan,lowest_cost,January,3,family_traveller,76,70,82,47,58,47,43,59,58,63,83,60,validation
T000090,Kolkata,couple,2,0,0,2,balanced,17157,medium,standard,no_restriction,no_preference,balanced,December,2,balanced_traveller,40,68,62,49,38,48,56,70,44,55,65,28,train
T000091,Kochi,couple,2,0,0,2,balanced,47758,high,standard,no_restriction,non_vegetarian,lowest_cost,May,4,adventure_traveller,54,34,78,85,43,87,67,21,20,71,79,12,train
T000092,Ahmedabad,family,4,1,0,5,packed,131728,high,standard,no_restriction,non_vegetarian,lowest_cost,January,6,family_traveller,78,91,89,87,47,50,53,51,46,23,51,61,train
T000093,Delhi,family,5,4,0,9,easy_going,111337,medium,budget,no_restriction,non_vegetarian,lowest_cost,November,5,family_traveller,85,92,91,57,28,63,30,74,59,68,46,38,train
T000094,Chennai,couple,2,0,0,2,easy_going,53110,low,standard,no_restriction,vegetarian,private_transport,September,12,beach_traveller,45,17,76,94,65,64,64,56,22,72,30,21,test
T000095,Mumbai,family,3,1,0,4,balanced,22187,low,luxury,no_restriction,vegetarian,fastest,November,1,family_traveller,81,94,79,27,63,48,57,55,53,66,38,50,train
T000096,Hyderabad,family,3,2,0,5,easy_going,46437,medium,standard,no_restriction,vegan,public_transport,October,2,family_traveller,76,86,78,68,60,48,46,37,60,52,28,50,train
T000097,Bengaluru,friends,6,0,0,6,packed,51211,medium,budget,no_restriction,non_vegetarian,fastest,December,3,wellness_traveller,78,58,91,82,77,19,43,38,69,44,58,54,train
T000098,Mumbai,couple,2,0,0,2,easy_going,9287,low,budget,no_restriction,non_vegetarian,lowest_cost,February,2,senior_traveller,78,78,88,66,50,14,27,47,52,58,68,49,train
T000099,Pune,family,5,2,0,7,balanced,56706,low,standard,no_restriction,no_preference,lowest_cost,April,5,food_traveller,86,74,57,32,59,29,53,96,46,59,19,55,train
T000100,Ahmedabad,couple,2,0,0,2,balanced,36503,high,standard,no_restriction,vegetarian,private_transport,January,2,wellness_traveller,81,30,77,71,86,23,33,62,71,68,75,61,validation
T000101,Hyderabad,family,2,3,0,5,balanced,55294,medium,budget,no_restriction,non_vegetarian,lowest_cost,December,4,beach_traveller,54,0,97,87,56,52,69,50,34,86,59,21,train
T000102,Jaipur,family,3,3,1,7,packed,70570,medium,premium,wheelchair_friendly_preference,no_preference,private_transport,October,3,family_traveller,68,85,68,55,51,31,61,52,31,67,74,74,train
T000103,Mumbai,couple,2,0,0,2,packed,87428,medium,standard,no_restriction,vegan,public_transport,December,10,food_traveller,49,88,63,52,42,46,20,82,19,71,75,57,train
T000104,Chennai,friends,6,0,0,6,balanced,66229,medium,standard,no_restriction,no_preference,fastest,October,3,culture_traveller,60,66,69,50,73,18,22,71,74,74,54,88,train
T000105,Indore,friends,5,0,0,5,packed,44794,medium,premium,no_restriction,non_vegetarian,lowest_cost,December,2,adventure_traveller,75,59,77,80,73,93,47,19,58,74,56,20,train
T000106,Chennai,friends,5,0,0,5,balanced,25638,low,standard,no_restriction,no_preference,fastest,November,2,nightlife_traveller,80,76,50,60,85,44,66,92,9,56,49,23,train
T000107,Indore,friends,4,0,0,4,balanced,32531,high,premium,no_restriction,no_preference,balanced,February,1,beach_traveller,65,38,78,85,54,61,75,63,0,85,71,17,test
T000108,Bengaluru,friends,3,0,0,3,packed,24375,medium,budget,no_restriction,non_vegetarian,lowest_cost,March,3,family_traveller,89,85,83,61,46,67,43,67,71,59,54,61,train
T000109,Jaipur,solo,1,0,0,1,packed,49295,medium,standard,no_restriction,no_preference,balanced,November,11,beach_traveller,63,35,21,69,68,53,93,38,83,7,73,98,train
T000110,Mumbai,family,4,1,0,5,balanced,29214,medium,budget,no_restriction,non_vegetarian,balanced,February,2,family_traveller,90,78,80,65,61,52,37,58,69,42,64,60,train
T000111,Chennai,family,3,3,0,6,balanced,43249,medium,standard,no_restriction,non_vegetarian,fastest,November,2,nightlife_traveller,78,88,63,51,62,44,94,76,26,69,61,21,train
T000112,Chennai,friends,3,0,0,3,easy_going,14988,medium,budget,no_restriction,vegetarian,lowest_cost,February,1,culture_traveller,63,76,53,68,67,7,8,58,95,66,60,70,train
T000113,Kolkata,family,3,1,1,5,easy_going,54499,medium,luxury,no_restriction,vegetarian,private_transport,December,2,beach_traveller,55,43,97,68,86,46,68,68,7,85,55,27,validation
T000114,Nagpur,family,2,1,0,3,balanced,14589,medium,standard,no_restriction,vegetarian,private_transport,November,1,family_traveller,92,83,75,75,56,58,52,46,39,64,47,93,train
T000115,Delhi,couple,2,0,0,2,packed,24404,high,standard,no_restriction,no_preference,lowest_cost,December,2,beach_traveller,41,13,75,85,60,67,66,70,19,84,63,21,train
T000116,Delhi,family,2,1,0,3,balanced,32270,medium,budget,no_restriction,vegetarian,lowest_cost,February,5,family_traveller,70,90,77,52,57,70,57,42,63,51,79,56,train
T000117,Delhi,family,4,4,0,8,balanced,87135,low,budget,no_restriction,jain,fastest,November,7,family_traveller,84,71,79,48,67,71,69,47,24,35,74,52,test
T000118,Pune,seniors,0,0,4,4,easy_going,46024,medium,budget,wheelchair_friendly_preference,vegan,balanced,January,5,senior_traveller,79,61,64,44,63,21,22,80,41,56,60,48,train
T000119,Pune,seniors,2,0,3,5,easy_going,28477,medium,budget,no_restriction,no_preference,lowest_cost,April,2,senior_traveller,71,75,80,49,84,18,40,54,60,41,51,59,train
T000120,Nagpur,friends,8,0,0,8,packed,69566,high,premium,no_restriction,no_preference,balanced,December,1,culture_traveller,96,81,72,86,90,33,61,60,26,22,11,65,train
T000121,Ahmedabad,solo,1,0,0,1,easy_going,14427,low,premium,no_restriction,vegetarian,balanced,February,2,beach_traveller,57,29,71,75,60,55,63,42,24,90,62,21,train
T000122,Kolkata,solo,1,0,0,1,packed,37844,high,premium,no_restriction,no_preference,fastest,December,2,adventure_traveller,74,68,74,74,56,78,43,14,51,76,53,35,train
T000123,Bengaluru,friends,4,0,0,4,packed,88415,medium,budget,no_restriction,vegetarian,balanced,February,8,family_traveller,75,81,68,41,69,51,43,59,50,51,65,43,validation
T000124,Nagpur,family,2,1,0,3,easy_going,19226,low,budget,no_restriction,vegetarian,balanced,April,4,beach_traveller,69,19,82,88,58,41,47,59,35,94,66,23,train
T000125,Mumbai,seniors,2,0,3,5,easy_going,80984,high,standard,no_restriction,no_preference,public_transport,November,3,balanced_traveller,65,48,57,49,50,43,72,69,63,80,54,93,train
T000126,Jaipur,solo,1,0,0,1,packed,25299,medium,standard,no_restriction,vegetarian,fastest,November,3,nightlife_traveller,75,89,53,39,48,56,86,86,28,49,61,8,train
T000127,Nagpur,family,3,2,0,5,packed,34952,medium,budget,no_restriction,vegetarian,balanced,November,2,family_traveller,70,76,86,65,40,45,48,52,40,39,47,58,train
T000128,Nagpur,couple,2,0,0,2,balanced,37206,high,standard,no_restriction,jain,balanced,July,3,beach_traveller,62,24,90,77,57,56,65,44,33,85,41,35,validation
T000129,Jaipur,couple,2,0,0,2,easy_going,16648,high,budget,no_restriction,no_preference,fastest,November,1,balanced_traveller,64,39,51,75,44,67,51,63,70,65,67,43,train
T000130,Pune,friends,7,0,0,7,easy_going,31732,low,budget,no_restriction,vegetarian,public_transport,November,3,culture_traveller,68,79,61,49,76,8,15,58,73,84,76,78,validation
T000131,Kolkata,solo,1,0,0,1,balanced,16029,medium,budget,no_restriction,non_vegetarian,lowest_cost,December,4,adventure_traveller,47,52,95,88,50,92,48,33,40,90,52,6,train
T000132,Nagpur,solo,1,0,0,1,balanced,51706,low,luxury,no_restriction,non_vegetarian,lowest_cost,November,3,balanced_traveller,68,68,94,63,62,65,44,51,50,64,54,58,train
T000133,Kochi,family,2,2,0,4,packed,60401,high,standard,no_restriction,no_preference,lowest_cost,September,2,wellness_traveller,81,34,78,57,79,16,26,44,37,52,66,77,train
T000134,Ahmedabad,friends,7,0,0,7,balanced,68167,low,premium,no_restriction,non_vegetarian,balanced,October,3,wellness_traveller,77,50,73,58,81,0,22,45,62,41,57,53,train
T000135,Indore,friends,4,0,0,4,balanced,50897,high,standard,no_restriction,vegetarian,fastest,December,2,balanced_traveller,79,45,78,0,28,75,79,61,30,31,96,43,train
T000136,Indore,couple,2,0,0,2,packed,167700,high,standard,no_restriction,no_preference,balanced,October,14,nightlife_traveller,72,65,77,62,56,30,65,83,15,43,57,21,train
T000137,Nagpur,couple,2,0,0,2,balanced,14287,low,standard,no_restriction,no_preference,public_transport,August,2,balanced_traveller,37,73,52,58,41,63,49,58,53,80,80,57,test
T000138,Pune,solo,1,0,0,1,easy_going,53264,medium,premium,no_restriction,vegetarian,fastest,March,4,nightlife_traveller,93,46,59,45,54,66,82,70,2,40,62,46,train
T000139,Ahmedabad,family,4,2,0,6,packed,60911,medium,budget,no_restriction,no_preference,public_transport,November,3,balanced_traveller,68,72,67,69,65,60,58,54,42,45,53,59,train
T000140,Hyderabad,friends,8,0,0,8,easy_going,150615,medium,luxury,no_restriction,no_preference,lowest_cost,February,4,culture_traveller,62,86,44,63,40,11,33,61,79,85,56,82,train
T000141,Kolkata,friends,8,0,0,8,easy_going,51627,high,budget,no_restriction,vegetarian,fastest,October,1,nightlife_traveller,84,62,40,68,52,67,75,83,24,55,61,16,test
T000142,Ahmedabad,friends,6,0,0,6,balanced,56149,high,budget,no_restriction,no_preference,private_transport,January,1,adventure_traveller,81,17,5,75,35,38,24,85,29,21,30,20,train
T000143,Jaipur,family,3,1,0,4,balanced,19963,medium,budget,no_restriction,vegetarian,lowest_cost,March,1,family_traveller,81,84,98,44,59,47,50,56,73,78,62,52,test
T000144,Pune,solo,1,0,0,1,easy_going,34422,high,standard,no_restriction,no_preference,balanced,December,3,wellness_traveller,54,75,42,29,4,2,43,88,24,57,68,6,test
T000145,Jaipur,friends,8,0,0,8,packed,131595,medium,luxury,no_restriction,vegetarian,lowest_cost,December,3,family_traveller,91,76,80,54,41,53,73,59,40,38,76,55,train
T000146,Bengaluru,couple,2,0,0,2,balanced,8442,low,standard,no_restriction,no_preference,private_transport,December,1,food_traveller,84,80,79,46,57,20,61,78,60,54,0,57,validation
T000147,Pune,solo,1,0,0,1,packed,12181,high,budget,no_restriction,non_vegetarian,lowest_cost,September,2,family_traveller,76,86,83,51,44,60,42,62,88,73,65,55,train
T000148,Kolkata,couple,2,0,0,2,easy_going,21522,low,budget,no_restriction,vegetarian,balanced,November,5,nightlife_traveller,86,54,54,64,55,53,85,87,18,57,47,8,train
T000149,Indore,solo,1,0,0,1,packed,34375,medium,standard,no_restriction,vegetarian,fastest,July,5,culture_traveller,59,76,65,91,52,20,14,51,94,76,51,69,train
T000150,Chennai,solo,1,0,0,1,balanced,15306,medium,budget,no_restriction,no_preference,balanced,July,4,family_traveller,88,80,78,54,41,61,35,51,66,60,64,56,train
T000151,Delhi,seniors,1,0,1,2,packed,38453,high,premium,no_restriction,non_vegetarian,lowest_cost,December,2,food_traveller,85,67,45,73,78,4,53,82,78,51,13,75,test
T000152,Mumbai,solo,1,0,0,1,packed,29917,medium,premium,no_restriction,non_vegetarian,balanced,December,3,nightlife_traveller,84,68,25,47,58,55,85,84,16,50,54,34,train
T000153,Ahmedabad,family,3,4,0,7,balanced,27111,low,budget,no_restriction,vegetarian,balanced,January,2,food_traveller,99,80,47,74,60,27,55,79,54,40,18,60,train
T000154,Hyderabad,family,5,1,0,6,balanced,32656,medium,budget,no_restriction,no_preference,fastest,August,2,family_traveller,87,29,42,95,94,71,6,59,98,94,10,39,train
T000155,Pune,seniors,1,0,1,2,balanced,46996,low,luxury,wheelchair_friendly_preference,non_vegetarian,fastest,January,4,food_traveller,20,5,13,49,65,8,44,58,23,37,7,22,test
T000156,Jaipur,solo,1,0,0,1,easy_going,13607,low,luxury,no_restriction,vegetarian,fastest,January,1,culture_traveller,44,73,39,73,86,13,2,30,80,79,49,83,train
T000157,Chennai,couple,2,0,0,2,balanced,78420,low,premium,no_restriction,jain,lowest_cost,December,11,balanced_traveller,70,61,59,71,62,57,74,58,53,46,65,71,train
T000158,Nagpur,couple,2,0,0,2,easy_going,36937,medium,standard,no_restriction,non_vegetarian,fastest,December,4,adventure_traveller,47,68,76,75,72,92,63,14,54,75,45,6,validation
T000159,Nagpur,couple,2,0,0,2,balanced,7403,low,budget,no_restriction,no_preference,public_transport,December,1,food_traveller,40,64,57,15,45,36,27,72,30,54,92,53,test
T000160,Ahmedabad,family,2,3,0,5,packed,71420,high,budget,no_restriction,non_vegetarian,fastest,December,4,adventure_traveller,46,70,84,84,65,95,59,18,75,89,53,20,train
T000161,Pune,seniors,1,0,2,3,balanced,21236,medium,budget,no_restriction,vegetarian,fastest,January,2,culture_traveller,58,99,56,48,54,21,18,56,70,74,55,80,train
T000162,Kochi,couple,2,0,0,2,easy_going,9448,low,budget,no_restriction,vegetarian,balanced,November,1,wellness_traveller,87,64,81,59,90,11,11,59,61,47,56,55,train
T000163,Kolkata,family,5,2,0,7,packed,89972,low,budget,no_restriction,no_preference,private_transport,February,8,senior_traveller,81,75,68,51,66,49,20,47,42,63,35,63,train
T000164,Nagpur,solo,1,0,0,1,easy_going,99143,high,luxury,no_restriction,no_preference,lowest_cost,January,3,nightlife_traveller,82,63,63,49,63,47,77,91,32,48,48,11,train
T000165,Hyderabad,solo,1,0,0,1,balanced,35210,medium,premium,no_restriction,non_vegetarian,lowest_cost,February,4,wellness_traveller,73,49,93,59,73,23,18,98,60,52,74,34,validation
T000166,Pune,solo,1,0,0,1,packed,15590,low,premium,no_restriction,non_vegetarian,balanced,December,2,wellness_traveller,90,62,71,41,86,2,17,60,43,44,55,63,train
T000167,Bengaluru,friends,7,0,0,7,easy_going,56788,medium,standard,no_restriction,no_preference,fastest,September,2,adventure_traveller,57,39,100,81,61,85,52,10,82,90,66,27,train
T000168,Hyderabad,seniors,0,0,3,3,balanced,47735,low,premium,no_restriction,vegetarian,lowest_cost,February,4,senior_traveller,89,90,79,57,60,27,18,55,73,71,62,77,validation
T000169,Indore,friends,4,0,0,4,packed,46817,low,premium,no_restriction,non_vegetarian,lowest_cost,January,3,beach_traveller,45,38,91,86,59,59,56,64,20,75,44,10,train
T000170,Bengaluru,family,5,4,0,9,balanced,40344,low,budget,no_restriction,no_preference,private_transport,September,2,family_traveller,79,84,90,51,67,48,51,47,61,70,54,41,test
T000171,Jaipur,friends,3,0,0,3,packed,42724,medium,premium,no_restriction,no_preference,fastest,October,2,balanced_traveller,52,77,48,48,55,61,51,38,46,72,57,62,train
T000172,Chennai,solo,1,0,0,1,balanced,55231,high,standard,no_restriction,no_preference,lowest_cost,January,5,adventure_traveller,74,15,25,77,53,1,0,51,30,18,61,22,train
T000173,Kochi,couple,2,0,0,2,balanced,8548,low,budget,no_restriction,non_vegetarian,balanced,September,1,wellness_traveller,94,69,86,46,83,13,20,54,32,70,56,51,train
T000174,Kolkata,solo,1,0,0,1,easy_going,9787,medium,standard,no_restriction,vegetarian,lowest_cost,December,1,senior_traveller,79,78,97,61,61,15,12,30,68,62,54,55,test
T000175,Bengaluru,friends,7,0,0,7,packed,49744,medium,premium,no_restriction,vegetarian,balanced,January,2,senior_traveller,85,76,87,52,53,27,0,76,59,72,44,45,test
T000176,Delhi,friends,3,0,0,3,balanced,37618,medium,standard,no_restriction,vegetarian,lowest_cost,October,3,wellness_traveller,81,36,93,55,87,10,17,46,71,60,61,73,train
T000177,Kochi,family,4,3,1,8,balanced,96316,medium,budget,no_restriction,no_preference,balanced,November,4,senior_traveller,97,88,78,66,40,7,24,31,56,44,58,44,train
T000178,Jaipur,couple,2,0,0,2,packed,26534,high,budget,no_restriction,no_preference,balanced,November,2,adventure_traveller,59,61,81,90,49,89,63,19,53,100,47,23,train
T000179,Ahmedabad,friends,3,0,0,3,packed,28880,low,luxury,no_restriction,vegetarian,fastest,December,1,balanced_traveller,57,49,77,44,62,53,78,46,48,45,60,40,train
T000180,Delhi,friends,5,0,0,5,easy_going,27225,low,budget,no_restriction,no_preference,fastest,February,3,nightlife_traveller,86,53,54,72,48,58,89,88,17,53,36,6,train
T000181,Chennai,family,2,1,0,3,balanced,46866,medium,premium,no_restriction,no_preference,balanced,November,4,family_traveller,47,3,27,99,91,21,31,46,84,80,12,12,validation
T000182,Hyderabad,family,2,1,0,3,balanced,85708,medium,luxury,no_restriction,no_preference,balanced,December,4,family_traveller,79,87,76,60,54,63,58,20,59,64,62,55,train
T000183,Kochi,friends,7,0,0,7,balanced,135305,medium,premium,no_restriction,vegetarian,private_transport,October,6,culture_traveller,58,92,53,62,63,39,0,51,88,94,59,79,train
T000184,Mumbai,family,3,1,0,4,balanced,14877,low,budget,no_restriction,vegetarian,lowest_cost,November,2,food_traveller,92,72,51,58,80,14,49,77,76,23,6,89,train
T000185,Bengaluru,couple,2,0,0,2,balanced,38150,low,luxury,no_restriction,no_preference,fastest,November,2,nightlife_traveller,74,42,60,42,19,44,78,77,39,49,67,19,train
T000186,Indore,family,3,2,1,6,easy_going,70594,low,premium,no_restriction,no_preference,fastest,March,5,beach_traveller,43,8,27,65,30,99,91,58,96,86,31,74,validation
T000187,Kochi,friends,8,0,0,8,packed,78922,medium,standard,no_restriction,vegetarian,balanced,November,3,family_traveller,77,76,76,41,38,54,49,70,60,60,48,55,train
T000188,Ahmedabad,couple,2,0,0,2,easy_going,22392,low,premium,no_restriction,no_preference,fastest,April,2,culture_traveller,63,85,50,70,46,12,41,67,79,84,58,60,train
T000189,Bengaluru,solo,1,0,0,1,packed,33540,low,premium,no_restriction,no_preference,lowest_cost,November,4,family_traveller,64,78,81,47,67,66,56,53,55,55,56,54,test
T000190,Ahmedabad,family,3,3,0,6,easy_going,98185,high,standard,no_restriction,vegetarian,balanced,February,3,family_traveller,83,100,84,76,71,61,45,69,39,76,59,25,train
T000191,Kolkata,family,4,2,0,6,balanced,37070,medium,standard,no_restriction,no_preference,private_transport,March,1,family_traveller,82,97,86,36,19,65,55,70,46,61,67,51,test
T000192,Chennai,couple,2,0,0,2,balanced,15767,medium,premium,no_restriction,non_vegetarian,balanced,November,1,family_traveller,78,81,81,59,28,79,55,63,40,51,48,74,train
T000193,Indore,seniors,0,0,3,3,balanced,47993,low,standard,no_restriction,no_preference,private_transport,May,6,senior_traveller,65,73,91,61,59,6,0,43,56,67,67,64,train
T000194,Kochi,seniors,0,0,3,3,easy_going,27395,high,budget,no_restriction,no_preference,balanced,February,2,senior_traveller,87,86,75,58,46,15,47,58,42,59,40,42,validation
T000195,Delhi,solo,1,0,0,1,balanced,127673,medium,luxury,no_restriction,non_vegetarian,balanced,October,6,culture_traveller,59,94,54,71,63,0,5,46,75,81,64,92,train
T000196,Kolkata,solo,1,0,0,1,easy_going,105192,medium,luxury,no_restriction,non_vegetarian,lowest_cost,December,5,beach_traveller,63,24,73,91,58,36,56,60,32,79,66,22,train
T000197,Indore,solo,1,0,0,1,easy_going,29877,medium,standard,no_restriction,no_preference,balanced,December,6,senior_traveller,76,84,68,65,45,24,13,53,47,55,79,73,train
T000198,Ahmedabad,couple,2,0,0,2,balanced,118013,medium,luxury,no_restriction,vegetarian,balanced,December,6,family_traveller,76,87,84,51,49,58,52,43,53,61,54,40,test
T000199,Pune,solo,1,0,0,1,packed,11315,low,budget,no_restriction,vegetarian,fastest,October,4,nightlife_traveller,70,62,61,60,51,66,69,81,12,48,62,34,test
T000200,Chennai,couple,2,0,0,2,packed,21396,medium,standard,no_restriction,non_vegetarian,balanced,December,3,balanced_traveller,60,66,41,40,77,61,51,45,50,42,67,47,train
T000201,Kochi,family,4,1,1,6,balanced,57439,medium,standard,no_restriction,no_preference,lowest_cost,February,3,family_traveller,70,87,75,37,43,57,47,61,35,31,73,67,train
T000202,Hyderabad,family,2,3,1,6,packed,23873,low,standard,no_restriction,no_preference,lowest_cost,July,2,beach_traveller,54,16,84,65,67,48,71,51,19,97,53,36,train
T000203,Hyderabad,seniors,0,0,1,1,easy_going,20876,high,standard,no_restriction,no_preference,lowest_cost,February,2,senior_traveller,70,98,84,62,40,19,26,53,69,84,45,44,train
T000204,Bengaluru,couple,2,0,0,2,easy_going,64382,high,premium,no_restriction,no_preference,fastest,November,3,family_traveller,88,95,86,66,54,48,64,59,39,53,56,50,validation
T000205,Indore,couple,2,0,0,2,packed,39591,high,premium,no_restriction,jain,balanced,February,2,culture_traveller,62,77,62,54,22,13,34,36,82,94,47,82,train
T000206,Hyderabad,seniors,0,0,3,3,easy_going,35470,medium,budget,no_restriction,vegetarian,balanced,March,3,senior_traveller,78,55,30,60,33,44,86,66,76,58,99,24,validation
T000207,Jaipur,couple,2,0,0,2,easy_going,17891,medium,budget,no_restriction,vegetarian,private_transport,March,3,food_traveller,86,81,58,44,58,26,60,86,73,68,20,42,train
T000208,Chennai,solo,1,0,0,1,balanced,16002,high,budget,no_restriction,jain,balanced,November,2,adventure_traveller,65,50,78,86,48,75,71,31,64,89,33,37,train
T000209,Pune,couple,2,0,0,2,balanced,72623,medium,premium,no_restriction,no_preference,balanced,December,5,adventure_traveller,54,46,84,76,54,88,48,30,66,90,58,62,test
T000210,Bengaluru,solo,1,0,0,1,balanced,9356,medium,budget,no_restriction,no_preference,fastest,January,2,food_traveller,86,89,62,63,45,18,38,65,65,47,31,70,train
T000211,Delhi,solo,1,0,0,1,packed,22554,medium,budget,no_restriction,vegetarian,private_transport,December,6,food_traveller,84,85,45,47,68,43,62,74,61,86,21,74,train
T000212,Chennai,family,5,2,0,7,balanced,51140,low,budget,no_restriction,vegan,lowest_cost,December,4,family_traveller,73,85,80,56,69,66,72,33,60,65,38,49,train
T000213,Ahmedabad,solo,1,0,0,1,easy_going,21512,low,premium,no_restriction,no_preference,balanced,December,3,beach_traveller,44,30,89,84,70,59,59,58,0,81,48,4,train
T000214,Ahmedabad,couple,2,0,0,2,easy_going,18680,medium,budget,no_restriction,vegetarian,lowest_cost,October,2,senior_traveller,80,77,83,80,53,23,45,50,78,57,78,66,validation
T000215,Jaipur,family,3,1,0,4,easy_going,50443,high,luxury,no_restriction,no_preference,public_transport,March,1,adventure_traveller,98,17,19,14,57,44,24,42,67,28,91,30,train
T000216,Hyderabad,family,4,2,1,7,packed,89134,low,standard,no_restriction,vegetarian,lowest_cost,December,10,wellness_traveller,92,50,89,73,68,27,32,53,42,68,42,54,train
T000217,Bengaluru,seniors,0,0,4,4,balanced,22648,medium,standard,no_restriction,vegan,private_transport,March,1,food_traveller,81,84,62,56,41,29,56,91,48,37,19,72,train
T000218,Chennai,friends,6,0,0,6,easy_going,38314,medium,standard,no_restriction,vegan,lowest_cost,February,2,wellness_traveller,56,63,91,41,57,47,53,6,89,91,54,55,train
T000219,Nagpur,couple,2,0,0,2,easy_going,14981,low,standard,no_restriction,no_preference,balanced,February,2,senior_traveller,76,74,76,53,28,17,12,66,61,49,64,65,train
T000220,Delhi,couple,2,0,0,2,packed,14084,medium,budget,no_restriction,no_preference,lowest_cost,January,2,family_traveller,82,69,77,52,52,57,74,66,45,65,64,47,train
T000221,Kolkata,friends,6,0,0,6,easy_going,44604,medium,standard,no_restriction,no_preference,lowest_cost,November,3,nightlife_traveller,74,30,63,42,58,61,86,72,19,77,77,32,train
T000222,Kochi,family,2,3,0,5,balanced,147022,high,premium,no_restriction,non_vegetarian,balanced,January,4,family_traveller,85,71,75,63,73,42,55,59,67,52,38,64,train
T000223,Mumbai,solo,1,0,0,1,packed,7927,medium,budget,no_restriction,vegetarian,balanced,April,1,beach_traveller,50,30,80,74,57,59,68,61,25,84,54,10,train
T000224,Hyderabad,friends,8,0,0,8,easy_going,81019,medium,budget,no_restriction,non_vegetarian,balanced,July,4,nightlife_traveller,18,95,96,96,3,38,75,75,8,60,14,49,train
T000225,Indore,couple,2,0,0,2,packed,49150,high,budget,no_restriction,non_vegetarian,public_transport,December,5,family_traveller,81,63,85,70,61,64,52,34,65,77,70,33,train
T000226,Kolkata,solo,1,0,0,1,packed,22375,high,budget,no_restriction,vegetarian,lowest_cost,November,4,beach_traveller,57,22,85,83,53,60,69,55,24,80,49,26,validation
T000227,Nagpur,couple,2,0,0,2,balanced,48518,low,premium,no_restriction,no_preference,private_transport,September,6,adventure_traveller,46,45,68,94,73,86,46,43,52,79,74,28,train
T000228,Ahmedabad,couple,2,0,0,2,balanced,12684,medium,standard,no_restriction,no_preference,balanced,November,1,adventure_traveller,62,59,75,88,19,85,87,0,54,81,51,33,train
T000229,Hyderabad,friends,3,0,0,3,easy_going,52838,low,premium,no_restriction,vegetarian,lowest_cost,February,4,family_traveller,92,82,79,34,62,64,35,70,66,70,64,64,train
T000230,Ahmedabad,family,3,2,0,5,easy_going,49337,medium,budget,no_restriction,no_preference,balanced,February,3,family_traveller,54,100,86,49,80,52,58,51,76,55,58,71,test
T000231,Kochi,friends,7,0,0,7,easy_going,37583,medium,budget,no_restriction,no_preference,fastest,November,1,adventure_traveller,56,78,86,74,48,92,70,20,51,90,45,25,train
T000232,Indore,solo,1,0,0,1,easy_going,42771,low,premium,no_restriction,no_preference,lowest_cost,March,5,senior_traveller,26,5,66,36,65,34,45,45,4,43,64,54,train
T000233,Chennai,couple,2,0,0,2,packed,32381,medium,standard,no_restriction,no_preference,lowest_cost,April,5,nightlife_traveller,83,47,54,33,68,47,81,70,12,53,56,26,train
T000234,Indore,family,4,4,0,8,balanced,188627,high,budget,no_restriction,no_preference,lowest_cost,December,6,adventure_traveller,72,71,91,73,62,77,37,16,72,85,81,22,train
T000235,Jaipur,friends,3,0,0,3,easy_going,20962,medium,budget,no_restriction,vegetarian,lowest_cost,December,2,beach_traveller,66,40,84,97,67,54,66,77,45,91,57,17,validation
T000236,Jaipur,solo,1,0,0,1,easy_going,12564,low,standard,no_restriction,non_vegetarian,balanced,February,2,food_traveller,75,87,73,76,59,27,55,86,60,57,21,62,validation
T000237,Mumbai,solo,1,0,0,1,balanced,9607,high,budget,no_restriction,vegan,lowest_cost,October,1,beach_traveller,48,16,81,69,43,43,66,59,27,67,39,28,train
T000238,Pune,solo,1,0,0,1,balanced,14742,high,budget,no_restriction,no_preference,public_transport,April,3,wellness_traveller,83,46,88,39,91,14,1,76,56,79,71,47,test
T000239,Jaipur,solo,1,0,0,1,packed,14509,medium,budget,no_restriction,no_preference,lowest_cost,January,3,adventure_traveller,40,47,93,80,65,62,63,17,51,83,51,0,train
T000240,Kolkata,friends,3,0,0,3,balanced,23598,medium,standard,no_restriction,non_vegetarian,balanced,July,1,adventure_traveller,21,63,73,70,54,85,37,29,66,82,46,7,train
T000241,Kolkata,couple,2,0,0,2,balanced,22454,medium,budget,no_restriction,vegetarian,public_transport,January,5,culture_traveller,67,64,61,76,74,25,16,49,79,86,47,88,train
T000242,Ahmedabad,couple,2,0,0,2,easy_going,9465,medium,budget,no_restriction,vegetarian,lowest_cost,June,1,family_traveller,72,97,81,64,50,44,54,70,50,46,58,62,train
T000243,Pune,family,3,3,0,6,easy_going,37755,medium,budget,no_restriction,no_preference,lowest_cost,December,2,family_traveller,70,75,64,61,43,44,40,66,65,78,48,59,train
T000244,Bengaluru,friends,4,0,0,4,easy_going,43386,low,premium,no_restriction,vegetarian,lowest_cost,October,3,culture_traveller,60,83,53,86,72,10,16,54,83,76,62,93,train
T000245,Delhi,couple,2,0,0,2,packed,61836,high,luxury,no_restriction,no_preference,public_transport,November,2,nightlife_traveller,85,54,55,59,67,39,87,81,6,31,55,38,train
T000246,Ahmedabad,family,5,4,0,9,balanced,91514,high,budget,no_restriction,non_vegetarian,lowest_cost,October,2,beach_traveller,78,47,68,79,44,68,60,49,20,78,76,27,train
T000247,Ahmedabad,couple,2,0,0,2,balanced,47024,high,standard,no_restriction,non_vegetarian,balanced,November,3,food_traveller,75,82,25,43,57,30,33,78,69,39,22,57,validation
T000248,Chennai,couple,2,0,0,2,balanced,25368,low,premium,no_restriction,no_preference,private_transport,November,3,adventure_traveller,45,48,83,93,47,83,54,19,37,93,47,33,train
T000249,Delhi,friends,4,0,0,4,easy_going,19358,low,standard,no_restriction,non_vegetarian,lowest_cost,October,2,culture_traveller,74,79,57,66,57,16,19,67,76,80,57,88,test
T000250,Nagpur,solo,1,0,0,1,easy_going,13031,low,premium,no_restriction,no_preference,balanced,November,2,wellness_traveller,94,72,75,51,96,23,16,65,69,50,59,68,train
T000251,Nagpur,couple,2,0,0,2,packed,39416,high,premium,no_restriction,no_preference,balanced,July,2,culture_traveller,54,84,32,63,94,18,18,65,95,89,31,86,train
T000252,Mumbai,couple,2,0,0,2,easy_going,27450,low,premium,no_restriction,non_vegetarian,fastest,December,4,culture_traveller,50,72,34,41,58,32,12,75,76,80,44,89,train
T000253,Kolkata,friends,6,0,0,6,balanced,45991,medium,premium,no_restriction,non_vegetarian,lowest_cost,July,1,culture_traveller,80,81,50,45,68,2,16,58,77,84,87,81,validation
T000254,Chennai,couple,2,0,0,2,balanced,47555,low,premium,no_restriction,no_preference,private_transport,June,6,wellness_traveller,80,46,86,47,74,35,24,54,64,57,61,47,train
T000255,Indore,seniors,0,0,1,1,easy_going,19463,low,luxury,no_restriction,no_preference,public_transport,October,1,senior_traveller,77,79,95,44,45,40,28,82,51,58,49,58,validation
T000256,Mumbai,couple,2,0,0,2,balanced,26484,medium,standard,no_restriction,non_vegetarian,balanced,September,3,senior_traveller,15,38,85,14,87,22,45,35,11,94,43,69,train
T000257,Hyderabad,family,2,2,0,4,packed,51879,low,luxury,no_restriction,no_preference,fastest,April,3,balanced_traveller,44,73,55,79,55,56,64,24,59,56,74,68,test
T000258,Pune,solo,1,0,0,1,easy_going,21673,high,budget,no_restriction,no_preference,lowest_cost,May,3,family_traveller,86,22,10,1,71,25,50,11,98,12,41,85,train
T000259,Ahmedabad,family,3,1,0,4,easy_going,26421,medium,budget,reduced_walking,no_preference,balanced,November,2,beach_traveller,42,28,83,100,74,65,59,58,6,68,46,19,train
T000260,Indore,family,5,4,0,9,balanced,133550,high,budget,no_restriction,non_vegetarian,lowest_cost,June,4,adventure_traveller,58,33,81,88,62,99,72,38,90,88,58,32,train
T000261,Bengaluru,friends,6,0,0,6,balanced,22035,low,budget,no_restriction,non_vegetarian,lowest_cost,July,1,adventure_traveller,59,69,88,90,64,83,70,31,61,92,28,16,train
T000262,Ahmedabad,family,3,1,0,4,easy_going,37127,low,budget,no_restriction,vegetarian,public_transport,December,4,adventure_traveller,56,77,59,74,57,73,53,18,49,82,64,16,test
T000263,Ahmedabad,solo,1,0,0,1,easy_going,28813,medium,premium,no_restriction,no_preference,lowest_cost,November,3,wellness_traveller,92,74,72,51,81,27,0,37,62,33,51,58,test
T000264,Delhi,solo,1,0,0,1,balanced,36300,low,standard,no_restriction,no_preference,balanced,April,8,wellness_traveller,77,54,80,44,92,31,16,64,59,65,40,55,train
T000265,Chennai,family,3,1,0,4,balanced,42674,low,premium,no_restriction,vegetarian,private_transport,May,4,senior_traveller,100,85,76,55,63,16,13,49,61,52,51,40,train
T000266,Pune,couple,2,0,0,2,packed,14646,low,standard,no_restriction,vegetarian,balanced,December,3,beach_traveller,47,21,74,68,66,51,46,43,25,92,52,17,train
T000267,Indore,family,3,2,0,5,easy_going,28825,medium,standard,no_restriction,no_preference,lowest_cost,December,1,balanced_traveller,80,49,55,52,63,78,63,38,40,52,53,36,train
T000268,Nagpur,couple,2,0,0,2,easy_going,43491,medium,premium,no_restriction,non_vegetarian,private_transport,May,3,wellness_traveller,64,56,68,56,43,35,22,50,2,32,67,10,train
T000269,Delhi,family,5,2,1,8,packed,273659,medium,luxury,no_restriction,vegan,balanced,November,7,family_traveller,63,90,80,78,36,68,55,53,40,64,65,78,test
T000270,Mumbai,couple,2,0,0,2,balanced,47700,low,standard,no_restriction,vegetarian,balanced,October,8,nightlife_traveller,87,56,52,65,55,47,86,81,26,51,42,42,train
T000271,Ahmedabad,family,5,3,0,8,balanced,144740,medium,luxury,no_restriction,no_preference,balanced,April,4,family_traveller,72,90,75,55,42,75,70,56,43,75,52,43,train
T000272,Jaipur,solo,1,0,0,1,easy_going,14294,low,premium,no_restriction,vegetarian,balanced,January,2,wellness_traveller,85,38,94,51,90,18,27,65,51,70,47,66,test
T000273,Ahmedabad,seniors,0,0,1,1,balanced,14917,medium,budget,wheelchair_friendly_preference,no_preference,balanced,February,5,senior_traveller,84,91,66,26,52,2,16,59,68,43,61,57,train
T000274,Pune,solo,1,0,0,1,balanced,25138,high,budget,no_restriction,non_vegetarian,private_transport,February,3,wellness_traveller,57,72,91,79,81,3,14,57,44,76,83,62,test
T000275,Kolkata,couple,2,0,0,2,easy_going,18000,medium,budget,no_restriction,no_preference,public_transport,November,2,adventure_traveller,55,42,88,74,51,82,58,0,54,88,52,17,train
T000276,Chennai,family,5,1,0,6,easy_going,40930,medium,standard,no_restriction,vegetarian,public_transport,November,2,family_traveller,70,73,92,48,62,46,66,44,57,57,84,64,validation
T000277,Jaipur,couple,2,0,0,2,balanced,21707,medium,premium,no_restriction,no_preference,balanced,February,2,beach_traveller,56,7,71,80,47,59,40,66,21,83,74,14,validation
T000278,Hyderabad,seniors,2,0,3,5,balanced,123444,medium,budget,no_restriction,vegan,public_transport,December,11,senior_traveller,88,95,96,68,65,17,19,52,64,48,54,28,train
T000279,Chennai,friends,3,0,0,3,packed,86933,medium,luxury,no_restriction,vegan,lowest_cost,January,3,wellness_traveller,93,34,86,63,97,0,40,50,51,42,43,61,train
T000280,Hyderabad,family,4,4,1,9,balanced,119281,high,budget,no_restriction,vegetarian,public_transport,December,3,family_traveller,74,76,80,47,65,37,38,52,54,39,49,52,train
T000281,Chennai,family,2,2,0,4,balanced,43540,medium,premium,no_restriction,no_preference,lowest_cost,September,3,family_traveller,92,83,79,63,54,77,57,52,51,42,63,47,test
T000282,Bengaluru,solo,1,0,0,1,easy_going,68559,high,premium,no_restriction,vegetarian,private_transport,December,4,adventure_traveller,78,63,97,89,35,100,50,39,57,90,48,28,test
T000283,Kochi,family,4,3,0,7,packed,69228,medium,standard,no_restriction,non_vegetarian,lowest_cost,November,3,wellness_traveller,44,90,71,5,88,82,54,2,56,5,32,62,test
T000284,Nagpur,family,2,2,0,4,packed,102051,high,premium,no_restriction,non_vegetarian,balanced,June,4,family_traveller,80,85,84,63,63,45,68,71,59,39,55,59,train
T000285,Hyderabad,family,5,2,1,8,balanced,119850,low,luxury,no_restriction,no_preference,private_transport,February,4,beach_traveller,54,14,79,100,47,50,96,62,2,88,46,31,train
T000286,Chennai,couple,2,0,0,2,balanced,32110,medium,budget,no_restriction,no_preference,lowest_cost,December,6,nightlife_traveller,84,58,41,55,59,52,84,82,30,64,59,2,train
T000287,Pune,friends,4,0,0,4,balanced,76150,medium,premium,no_restriction,no_preference,lowest_cost,December,5,adventure_traveller,51,60,83,86,49,87,46,12,50,73,69,7,validation
T000288,Hyderabad,couple,2,0,0,2,balanced,20301,medium,standard,no_restriction,jain,balanced,March,3,balanced_traveller,11,78,54,12,3,22,26,1,21,73,85,89,train
T000289,Ahmedabad,seniors,2,0,2,4,balanced,67376,high,premium,no_restriction,non_vegetarian,lowest_cost,October,2,food_traveller,90,73,48,61,71,41,57,96,53,70,7,62,validation
T000290,Pune,friends,6,0,0,6,easy_going,53376,high,standard,no_restriction,vegetarian,private_transport,September,2,beach_traveller,77,10,93,73,57,71,70,51,27,85,50,28,train
T000291,Delhi,family,4,2,0,6,balanced,40304,low,budget,no_restriction,non_vegetarian,balanced,October,3,family_traveller,91,82,69,63,52,75,49,69,78,46,54,61,train
T000292,Kochi,couple,2,0,0,2,balanced,48922,medium,standard,no_restriction,non_vegetarian,public_transport,October,6,beach_traveller,60,0,76,79,46,76,57,59,13,81,42,17,train
T000293,Bengaluru,solo,1,0,0,1,packed,38746,high,standard,no_restriction,no_preference,lowest_cost,January,4,nightlife_traveller,82,86,52,80,55,73,95,73,13,44,42,28,validation
T000294,Ahmedabad,friends,5,0,0,5,easy_going,56724,high,budget,no_restriction,non_vegetarian,fastest,December,3,beach_traveller,44,21,79,71,65,50,52,51,36,81,57,14,train
T000295,Delhi,solo,1,0,0,1,easy_going,18672,medium,budget,no_restriction,no_preference,public_transport,February,5,culture_traveller,56,75,57,51,70,17,29,59,70,81,42,81,train
T000296,Nagpur,solo,1,0,0,1,packed,44148,high,standard,no_restriction,non_vegetarian,private_transport,January,4,balanced_traveller,46,90,53,34,50,23,59,66,46,51,68,35,train
T000297,Indore,friends,7,0,0,7,packed,131013,low,luxury,no_restriction,vegetarian,balanced,October,6,nightlife_traveller,80,69,48,73,74,66,74,64,34,58,48,35,train
T000298,Ahmedabad,seniors,1,0,4,5,easy_going,43393,medium,budget,no_restriction,non_vegetarian,public_transport,January,2,senior_traveller,91,32,70,69,25,6,38,31,70,81,22,52,train
T000299,Nagpur,family,4,4,1,9,packed,121951,medium,premium,no_restriction,non_vegetarian,lowest_cost,August,5,family_traveller,80,82,57,52,61,62,68,54,55,41,54,41,train
T000300,Kochi,solo,1,0,0,1,balanced,14338,medium,budget,no_restriction,no_preference,balanced,June,4,culture_traveller,48,67,47,48,47,32,4,60,83,89,55,88,train
T000301,Mumbai,couple,2,0,0,2,easy_going,49232,medium,premium,no_restriction,no_preference,lowest_cost,April,5,beach_traveller,77,15,76,70,75,62,62,94,24,71,54,7,train
T000302,Jaipur,couple,2,0,0,2,balanced,63819,high,luxury,no_restriction,no_preference,fastest,October,2,culture_traveller,66,83,54,75,51,25,25,49,75,79,51,70,train
T000303,Kochi,couple,2,0,0,2,easy_going,35010,medium,premium,no_restriction,no_preference,balanced,April,2,nightlife_traveller,72,37,97,69,5,9,8,95,68,42,20,87,test
T000304,Bengaluru,family,2,4,0,6,packed,32338,low,standard,no_restriction,no_preference,lowest_cost,October,2,food_traveller,80,72,79,56,56,14,71,77,38,48,37,66,validation
T000305,Chennai,couple,2,0,0,2,packed,16646,medium,premium,no_restriction,vegetarian,balanced,February,1,wellness_traveller,90,34,78,51,89,19,43,64,52,59,52,67,train
T000306,Jaipur,friends,5,0,0,5,packed,48160,medium,budget,no_restriction,non_vegetarian,balanced,January,3,food_traveller,59,10,27,50,28,21,70,54,83,58,48,26,train
T000307,Mumbai,family,4,2,0,6,balanced,72303,medium,budget,no_restriction,no_preference,lowest_cost,November,4,nightlife_traveller,4,26,8,54,12,64,77,97,94,27,2,32,train
T000308,Nagpur,solo,1,0,0,1,packed,26526,high,standard,no_restriction,non_vegetarian,lowest_cost,December,2,food_traveller,78,96,43,50,46,12,69,93,48,48,4,72,train
T000309,Hyderabad,solo,1,0,0,1,easy_going,5642,medium,budget,no_restriction,no_preference,lowest_cost,February,1,balanced_traveller,53,55,45,45,75,45,69,51,56,63,49,63,train
T000310,Delhi,couple,2,0,0,2,balanced,13247,low,budget,no_restriction,non_vegetarian,lowest_cost,November,2,nightlife_traveller,65,56,60,53,63,59,77,66,21,45,50,26,test
T000311,Kochi,family,3,3,1,7,packed,49999,low,premium,no_restriction,non_vegetarian,private_transport,November,2,family_traveller,84,84,80,54,54,43,82,54,64,52,52,51,train
T000312,Bengaluru,solo,1,0,0,1,balanced,56948,medium,luxury,no_restriction,vegetarian,fastest,February,3,adventure_traveller,40,40,88,71,61,82,61,26,45,74,65,11,train
T000313,Bengaluru,family,2,3,0,5,balanced,64235,high,budget,no_restriction,no_preference,fastest,December,4,culture_traveller,82,84,63,71,42,2,36,60,80,82,28,80,test
T000314,Indore,friends,4,0,0,4,balanced,79505,high,premium,no_restriction,no_preference,lowest_cost,May,3,wellness_traveller,83,57,80,69,73,6,6,52,42,56,55,47,train
T000315,Chennai,family,5,1,0,6,easy_going,77895,medium,standard,no_restriction,no_preference,private_transport,December,5,culture_traveller,24,97,98,21,61,7,57,12,81,93,17,46,test
T000316,Bengaluru,seniors,2,0,1,3,packed,22379,medium,standard,no_restriction,no_preference,balanced,April,2,senior_traveller,61,86,79,55,36,5,13,48,58,64,84,56,train
T000317,Kolkata,seniors,1,0,1,2,easy_going,29556,high,budget,no_restriction,no_preference,balanced,February,4,senior_traveller,90,76,77,61,64,29,18,63,65,59,55,39,train
T000318,Ahmedabad,family,4,1,0,5,easy_going,62195,high,standard,no_restriction,vegetarian,balanced,September,2,nightlife_traveller,98,43,74,45,54,64,75,94,20,62,53,28,train
T000319,Delhi,family,4,3,0,7,balanced,57013,medium,standard,no_restriction,no_preference,lowest_cost,December,3,family_traveller,81,79,83,49,88,40,49,50,81,41,62,59,test
T000320,Mumbai,couple,2,0,0,2,balanced,45059,low,premium,no_restriction,non_vegetarian,fastest,January,4,culture_traveller,58,72,46,70,64,34,40,47,93,70,65,78,train
T000321,Kolkata,family,2,1,0,3,easy_going,76256,high,standard,no_restriction,no_preference,balanced,November,6,wellness_traveller,95,51,83,66,65,13,24,22,45,70,69,61,train
T000322,Jaipur,friends,8,0,0,8,balanced,94314,medium,budget,no_restriction,no_preference,balanced,March,6,wellness_traveller,86,60,76,62,73,28,37,76,65,40,59,82,train
T000323,Pune,family,5,3,0,8,balanced,88970,high,premium,no_restriction,vegetarian,balanced,March,2,balanced_traveller,100,65,58,41,49,54,50,56,78,71,55,42,validation
T000324,Indore,solo,1,0,0,1,balanced,50989,medium,premium,no_restriction,no_preference,balanced,October,4,adventure_traveller,51,63,73,71,66,84,68,13,47,92,38,36,train
T000325,Mumbai,solo,1,0,0,1,packed,11421,low,budget,no_restriction,non_vegetarian,balanced,January,3,culture_traveller,63,90,62,68,41,18,19,54,85,87,61,80,train
T000326,Hyderabad,family,3,2,0,5,balanced,105171,medium,standard,no_restriction,no_preference,lowest_cost,December,8,beach_traveller,43,2,78,76,48,53,55,62,3,76,55,17,test
T000327,Chennai,family,3,1,0,4,packed,77265,high,premium,no_restriction,vegetarian,balanced,March,2,beach_traveller,49,22,71,73,57,61,36,62,9,92,52,5,train
T000328,Hyderabad,friends,4,0,0,4,balanced,92663,high,premium,no_restriction,no_preference,public_transport,December,4,beach_traveller,41,11,74,96,67,51,63,40,11,82,62,18,train
T000329,Bengaluru,couple,2,0,0,2,balanced,70748,medium,luxury,no_restriction,vegetarian,public_transport,August,3,culture_traveller,58,78,59,43,72,22,11,54,77,92,54,83,train
T000330,Kolkata,couple,2,0,0,2,packed,89695,high,premium,no_restriction,no_preference,public_transport,November,5,culture_traveller,64,85,62,90,64,34,16,45,79,87,61,85,train
T000331,Kolkata,friends,8,0,0,8,packed,122153,high,standard,no_restriction,vegetarian,private_transport,April,5,wellness_traveller,86,46,81,53,77,14,34,49,63,60,40,63,validation
T000332,Ahmedabad,family,2,1,0,3,easy_going,166125,medium,luxury,no_restriction,no_preference,lowest_cost,March,7,family_traveller,87,80,67,65,50,63,54,59,47,67,42,83,train
T000333,Indore,friends,3,0,0,3,packed,34644,medium,budget,no_restriction,no_preference,private_transport,November,3,wellness_traveller,89,37,84,46,70,23,15,67,41,47,28,30,train
T000334,Hyderabad,friends,5,0,0,5,balanced,131399,high,standard,no_restriction,vegetarian,lowest_cost,June,6,culture_traveller,62,78,58,73,54,31,0,51,82,97,33,81,train
T000335,Chennai,family,5,3,0,8,balanced,111235,medium,premium,no_restriction,vegan,private_transport,October,5,beach_traveller,43,30,78,91,52,64,59,65,21,68,69,18,train
T000336,Kolkata,solo,1,0,0,1,easy_going,127871,medium,luxury,no_restriction,no_preference,fastest,February,7,adventure_traveller,59,71,81,86,57,82,77,35,57,83,48,17,train
T000337,Indore,seniors,2,0,3,5,balanced,22316,low,standard,reduced_walking,no_preference,fastest,December,1,senior_traveller,98,90,77,44,63,16,24,65,50,43,61,50,validation
T000338,Nagpur,friends,4,0,0,4,easy_going,26012,low,budget,no_restriction,vegetarian,lowest_cost,March,4,family_traveller,83,68,83,81,41,57,54,58,59,70,58,72,test
T000339,Nagpur,family,3,1,0,4,easy_going,33260,medium,premium,no_restriction,vegan,public_transport,December,2,culture_traveller,59,75,39,43,57,16,0,56,79,72,52,79,train
T000340,Ahmedabad,couple,2,0,0,2,balanced,62986,medium,standard,no_restriction,non_vegetarian,public_transport,October,7,food_traveller,81,100,54,63,64,29,60,83,58,50,24,81,train
T000341,Pune,friends,4,0,0,4,easy_going,32814,medium,budget,no_restriction,vegetarian,public_transport,November,2,food_traveller,83,79,68,73,44,15,67,80,51,69,34,51,train
T000342,Bengaluru,friends,3,0,0,3,balanced,19465,low,standard,no_restriction,vegetarian,lowest_cost,April,3,wellness_traveller,67,57,95,77,67,23,7,42,55,71,64,48,test
T000343,Jaipur,couple,2,0,0,2,packed,87043,medium,luxury,no_restriction,no_preference,balanced,December,3,family_traveller,85,88,77,56,70,43,78,40,52,45,83,50,train
T000344,Nagpur,solo,1,0,0,1,balanced,10988,medium,premium,no_restriction,non_vegetarian,balanced,November,1,balanced_traveller,55,9,56,39,8,64,73,17,69,17,13,14,train
T000345,Delhi,solo,1,0,0,1,balanced,30968,medium,standard,no_restriction,vegetarian,private_transport,November,4,wellness_traveller,79,55,93,57,72,4,21,43,38,64,65,52,test
T000346,Bengaluru,family,2,3,0,5,easy_going,48178,medium,standard,no_restriction,no_preference,lowest_cost,December,2,balanced_traveller,54,22,53,40,59,58,65,73,56,84,59,41,train
T000347,Delhi,couple,2,0,0,2,balanced,43105,medium,premium,no_restriction,no_preference,balanced,December,3,culture_traveller,40,70,42,57,71,12,13,54,86,78,50,71,train
T000348,Nagpur,couple,2,0,0,2,balanced,12983,medium,standard,no_restriction,no_preference,balanced,March,1,food_traveller,87,92,49,60,42,28,56,84,55,53,8,66,train
T000349,Delhi,family,5,3,1,9,easy_going,115041,medium,budget,no_restriction,non_vegetarian,balanced,September,5,food_traveller,97,76,67,51,57,35,52,76,74,57,34,48,validation
T000350,Nagpur,family,4,4,0,8,balanced,57665,medium,budget,no_restriction,no_preference,balanced,November,2,beach_traveller,56,25,83,60,53,62,76,77,2,79,38,39,train
T000351,Delhi,friends,3,0,0,3,easy_going,33562,low,budget,no_restriction,non_vegetarian,fastest,December,5,balanced_traveller,48,53,61,62,50,79,62,63,78,51,55,41,train
T000352,Chennai,family,5,2,1,8,packed,163763,medium,luxury,no_restriction,non_vegetarian,lowest_cost,December,4,family_traveller,72,93,72,37,58,52,38,63,33,44,50,66,train
T000353,Kochi,solo,1,0,0,1,balanced,12021,low,standard,no_restriction,no_preference,lowest_cost,January,2,wellness_traveller,89,51,72,75,85,15,5,81,56,73,67,50,train
T000354,Mumbai,family,4,2,0,6,easy_going,39369,medium,standard,no_restriction,no_preference,private_transport,August,1,beach_traveller,75,26,96,80,50,78,50,54,29,72,65,27,validation
T000355,Hyderabad,solo,1,0,0,1,balanced,16354,medium,standard,no_restriction,no_preference,balanced,August,3,wellness_traveller,78,34,88,38,71,26,33,55,63,63,54,43,train
T000356,Mumbai,couple,2,0,0,2,packed,40807,medium,standard,no_restriction,no_preference,fastest,December,5,balanced_traveller,45,53,76,69,37,73,73,42,26,56,70,76,train
T000357,Delhi,couple,2,0,0,2,balanced,13278,medium,budget,no_restriction,non_vegetarian,public_transport,December,1,nightlife_traveller,77,69,54,41,54,61,81,69,44,69,52,16,train
T000358,Nagpur,family,4,2,0,6,balanced,62682,medium,budget,no_restriction,non_vegetarian,fastest,January,3,food_traveller,83,84,72,49,30,7,43,87,24,51,38,57,train
T000359,Jaipur,seniors,0,0,1,1,packed,7078,low,budget,no_restriction,no_preference,balanced,November,2,senior_traveller,68,94,73,52,64,39,17,52,57,49,50,61,train
T000360,Nagpur,solo,1,0,0,1,packed,14419,medium,standard,no_restriction,non_vegetarian,lowest_cost,December,2,food_traveller,93,91,66,78,39,37,45,77,63,71,5,50,test
T000361,Mumbai,friends,7,0,0,7,balanced,55556,medium,budget,no_restriction,no_preference,private_transport,April,2,balanced_traveller,48,55,64,67,72,62,69,49,68,67,75,36,train
T000362,Pune,friends,6,0,0,6,packed,123656,high,standard,no_restriction,no_preference,balanced,October,4,beach_traveller,53,44,78,84,50,49,36,38,4,83,69,0,train
T000363,Delhi,couple,2,0,0,2,balanced,15748,medium,standard,no_restriction,non_vegetarian,fastest,October,2,family_traveller,74,28,13,67,46,53,52,5,5,60,62,4,validation
T000364,Pune,solo,1,0,0,1,packed,26429,high,standard,no_restriction,no_preference,fastest,November,3,senior_traveller,82,75,78,64,44,17,14,55,44,34,63,68,train
T000365,Kochi,friends,5,0,0,5,balanced,99526,low,standard,no_restriction,vegetarian,balanced,December,11,senior_traveller,83,82,95,49,72,10,34,71,53,76,62,46,test
T000366,Nagpur,friends,8,0,0,8,balanced,59148,medium,budget,no_restriction,vegetarian,fastest,February,2,wellness_traveller,68,51,90,75,75,8,27,49,53,67,50,33,test
T000367,Indore,family,3,2,1,6,balanced,36025,medium,budget,no_restriction,vegetarian,lowest_cost,October,2,family_traveller,91,55,78,56,49,67,71,40,82,39,72,58,train
T000368,Delhi,friends,5,0,0,5,packed,69161,medium,budget,no_restriction,no_preference,private_transport,February,6,wellness_traveller,97,30,85,57,88,29,17,59,48,64,34,66,train
T000369,Jaipur,couple,2,0,0,2,balanced,53843,high,budget,no_restriction,vegetarian,private_transport,April,6,nightlife_traveller,1,8,36,97,54,75,32,71,96,35,99,63,validation
T000370,Kochi,solo,1,0,0,1,easy_going,35704,high,standard,no_restriction,no_preference,public_transport,February,4,food_traveller,10,97,21,69,63,63,20,57,62,57,18,72,validation
T000371,Bengaluru,couple,2,0,0,2,balanced,314353,high,luxury,no_restriction,non_vegetarian,lowest_cost,January,10,beach_traveller,57,18,80,78,41,57,47,44,16,87,59,13,train
T000372,Kolkata,family,4,1,0,5,easy_going,38037,low,budget,no_restriction,vegetarian,balanced,February,4,nightlife_traveller,78,67,33,57,46,52,84,73,22,54,49,13,train
T000373,Jaipur,solo,1,0,0,1,packed,14604,medium,standard,no_restriction,jain,lowest_cost,January,2,nightlife_traveller,72,61,50,52,50,92,76,65,0,66,73,11,test
T000374,Bengaluru,family,4,1,0,5,easy_going,46403,low,budget,no_restriction,no_preference,lowest_cost,October,5,wellness_traveller,89,65,84,48,85,19,15,89,38,68,46,58,train
T000375,Ahmedabad,seniors,2,0,4,6,easy_going,56241,medium,luxury,no_restriction,non_vegetarian,balanced,August,1,nightlife_traveller,69,44,61,49,38,81,73,80,17,65,62,9,test
T000376,Bengaluru,friends,5,0,0,5,packed,91946,medium,luxury,no_restriction,non_vegetarian,fastest,December,4,food_traveller,72,74,65,47,46,14,68,83,55,39,5,41,train
T000377,Nagpur,family,5,1,0,6,balanced,39485,low,standard,no_restriction,no_preference,lowest_cost,February,2,wellness_traveller,95,28,14,0,85,86,9,15,44,18,73,5,validation
T000378,Mumbai,couple,2,0,0,2,packed,7085,low,budget,no_restriction,non_vegetarian,balanced,October,1,adventure_traveller,58,51,86,74,45,84,42,29,56,67,58,0,validation
T000379,Indore,family,3,3,0,6,packed,51831,medium,premium,no_restriction,non_vegetarian,lowest_cost,December,3,family_traveller,84,73,94,53,51,23,64,58,58,52,50,52,test
T000380,Bengaluru,family,4,2,0,6,balanced,48215,low,standard,no_restriction,no_preference,lowest_cost,November,4,beach_traveller,55,28,100,85,47,49,57,49,12,89,69,0,train
T000381,Bengaluru,family,4,3,0,7,easy_going,60785,low,standard,no_restriction,vegan,lowest_cost,December,5,food_traveller,71,79,31,42,64,16,68,66,54,51,32,65,test
T000382,Delhi,friends,7,0,0,7,easy_going,178554,medium,luxury,no_restriction,vegetarian,balanced,November,5,adventure_traveller,63,49,76,85,56,78,56,40,51,78,36,19,train
T000383,Mumbai,friends,5,0,0,5,easy_going,93166,medium,premium,no_restriction,no_preference,lowest_cost,January,5,food_traveller,88,94,72,80,64,22,40,84,50,59,20,62,train
T000384,Hyderabad,family,2,1,0,3,balanced,18633,high,budget,no_restriction,vegetarian,fastest,December,1,family_traveller,73,86,82,52,50,63,66,43,41,68,40,63,validation
T000385,Ahmedabad,seniors,0,0,1,1,balanced,21217,low,premium,no_restriction,non_vegetarian,lowest_cost,November,3,beach_traveller,50,12,84,75,68,64,70,43,0,81,91,36,train
T000386,Pune,couple,2,0,0,2,easy_going,86401,high,premium,no_restriction,no_preference,private_transport,February,4,wellness_traveller,65,53,91,63,90,28,51,49,61,51,68,56,train
T000387,Bengaluru,seniors,2,0,2,4,easy_going,12164,low,standard,no_restriction,vegetarian,balanced,January,1,wellness_traveller,87,67,67,55,85,20,37,47,32,66,50,35,train
T000388,Kolkata,couple,2,0,0,2,easy_going,154959,medium,luxury,no_restriction,vegetarian,private_transport,December,8,nightlife_traveller,78,68,78,70,42,59,66,89,0,47,56,25,train
T000389,Jaipur,couple,2,0,0,2,balanced,60361,low,luxury,no_restriction,no_preference,balanced,September,3,adventure_traveller,70,68,72,79,26,85,34,34,71,78,63,17,validation
T000390,Ahmedabad,solo,1,0,0,1,balanced,13793,medium,premium,no_restriction,no_preference,private_transport,December,1,nightlife_traveller,83,69,63,62,65,35,67,81,17,63,57,27,train
T000391,Indore,solo,1,0,0,1,easy_going,7926,high,budget,no_restriction,vegan,private_transport,December,1,culture_traveller,48,69,36,58,63,25,27,56,79,73,51,71,test
T000392,Kochi,family,4,4,0,8,easy_going,44861,medium,luxury,no_restriction,non_vegetarian,balanced,February,1,food_traveller,52,90,31,80,16,74,55,17,71,71,51,22,train
T000393,Jaipur,solo,1,0,0,1,packed,62913,low,premium,no_restriction,no_preference,fastest,March,9,nightlife_traveller,82,63,64,58,33,72,85,72,9,59,65,13,train
T000394,Chennai,seniors,1,0,1,2,balanced,15085,low,premium,no_restriction,no_preference,balanced,March,1,senior_traveller,93,73,76,57,60,11,21,64,80,55,56,75,validation
T000395,Nagpur,couple,2,0,0,2,packed,23907,low,standard,no_restriction,no_preference,balanced,April,3,beach_traveller,48,23,85,85,45,37,60,50,43,97,80,7,train
T000396,Hyderabad,seniors,2,0,2,4,easy_going,26464,low,budget,no_restriction,vegetarian,fastest,February,4,food_traveller,88,80,39,63,47,2,44,84,55,31,15,71,train
T000397,Mumbai,family,2,4,0,6,easy_going,43823,low,standard,no_restriction,vegan,balanced,November,3,family_traveller,81,80,86,53,52,69,72,70,54,31,55,47,train
T000398,Nagpur,friends,4,0,0,4,balanced,26773,high,standard,no_restriction,no_preference,lowest_cost,March,1,nightlife_traveller,85,34,50,65,49,76,81,82,34,54,59,31,train
T000399,Bengaluru,couple,2,0,0,2,easy_going,56780,medium,budget,no_restriction,no_preference,balanced,November,9,beach_traveller,47,10,83,89,43,54,54,62,19,77,71,12,train
T000400,Hyderabad,family,3,2,0,5,easy_going,57321,medium,standard,no_restriction,non_vegetarian,fastest,January,4,family_traveller,94,86,99,52,37,69,34,47,63,55,54,42,validation
T000401,Jaipur,family,5,4,0,9,balanced,24466,low,standard,no_restriction,no_preference,public_transport,February,1,nightlife_traveller,75,45,58,85,65,58,84,67,5,26,77,39,train
T000402,Ahmedabad,couple,2,0,0,2,packed,29659,medium,budget,no_restriction,no_preference,public_transport,October,4,food_traveller,80,83,50,66,57,33,52,100,50,46,6,54,test
T000403,Ahmedabad,couple,2,0,0,2,balanced,21644,high,standard,no_restriction,no_preference,lowest_cost,February,1,culture_traveller,48,88,51,83,61,6,15,47,88,68,40,77,train
T000404,Pune,couple,2,0,0,2,balanced,50655,high,standard,no_restriction,no_preference,lowest_cost,April,3,wellness_traveller,68,61,2,81,76,30,63,60,14,19,68,93,train
T000405,Ahmedabad,solo,1,0,0,1,easy_going,34987,low,premium,no_restriction,no_preference,fastest,October,4,culture_traveller,66,74,51,54,57,15,19,56,78,75,69,65,test
T000406,Delhi,couple,2,0,0,2,balanced,94526,high,standard,no_restriction,no_preference,lowest_cost,February,7,nightlife_traveller,62,28,49,29,99,23,91,91,42,30,38,98,train
T000407,Nagpur,solo,1,0,0,1,balanced,19277,medium,budget,no_restriction,vegetarian,public_transport,April,5,adventure_traveller,61,60,78,82,34,85,58,45,57,74,56,15,test
T000408,Kochi,solo,1,0,0,1,balanced,47580,medium,luxury,no_restriction,no_preference,balanced,November,3,senior_traveller,86,87,78,54,55,19,35,28,57,56,40,65,test
T000409,Bengaluru,solo,1,0,0,1,balanced,18292,medium,standard,no_restriction,non_vegetarian,balanced,July,2,nightlife_traveller,81,39,62,53,63,62,77,87,13,51,50,34,train
T000410,Pune,family,2,1,0,3,packed,30037,high,standard,no_restriction,vegetarian,balanced,December,2,beach_traveller,52,27,88,89,53,59,64,52,5,75,54,28,train
T000411,Indore,friends,6,0,0,6,balanced,49337,medium,standard,no_restriction,no_preference,public_transport,November,3,culture_traveller,80,84,33,51,80,19,62,43,17,83,32,93,test
T000412,Delhi,solo,1,0,0,1,packed,35027,high,standard,no_restriction,vegetarian,lowest_cost,November,3,family_traveller,81,70,88,51,76,40,54,48,45,51,78,58,train
T000413,Kochi,couple,2,0,0,2,packed,7473,low,standard,no_restriction,non_vegetarian,balanced,August,1,beach_traveller,47,8,83,72,77,57,55,76,19,85,47,2,train
T000414,Kolkata,friends,6,0,0,6,balanced,52521,medium,standard,no_restriction,non_vegetarian,fastest,February,2,food_traveller,68,82,58,66,67,17,63,76,63,50,25,61,train
T000415,Mumbai,solo,1,0,0,1,easy_going,26390,medium,budget,no_restriction,non_vegetarian,fastest,December,6,adventure_traveller,50,58,87,91,55,68,36,15,28,96,64,11,validation
T000416,Jaipur,solo,1,0,0,1,easy_going,15421,low,standard,no_restriction,non_vegetarian,public_transport,November,3,culture_traveller,48,75,49,45,51,28,42,36,71,75,66,80,train
T000417,Chennai,solo,1,0,0,1,balanced,11655,medium,budget,no_restriction,no_preference,lowest_cost,December,2,wellness_traveller,92,62,77,69,85,53,24,65,60,55,53,60,train
T000418,Hyderabad,friends,8,0,0,8,packed,58877,medium,standard,no_restriction,non_vegetarian,fastest,March,3,wellness_traveller,70,98,25,46,36,39,72,37,94,78,2,81,train
T000419,Chennai,family,2,3,0,5,balanced,79151,medium,standard,no_restriction,no_preference,private_transport,July,6,balanced_traveller,62,47,38,32,57,60,42,69,58,73,61,44,validation
T000420,Hyderabad,family,4,2,0,6,packed,24159,low,budget,no_restriction,vegetarian,lowest_cost,October,2,senior_traveller,80,78,76,59,41,18,26,54,44,69,65,44,validation
T000421,Hyderabad,seniors,1,0,3,4,balanced,46565,medium,standard,no_restriction,no_preference,public_transport,January,4,adventure_traveller,48,66,63,77,54,95,42,28,69,76,52,21,train
T000422,Bengaluru,solo,1,0,0,1,balanced,31145,medium,standard,no_restriction,vegan,private_transport,November,5,adventure_traveller,46,44,79,82,35,85,72,27,48,75,60,18,train
T000423,Delhi,couple,2,0,0,2,balanced,38122,high,budget,no_restriction,no_preference,public_transport,January,5,family_traveller,68,92,79,63,65,42,45,75,60,50,55,70,train
T000424,Jaipur,family,5,4,0,9,balanced,91909,medium,budget,no_restriction,vegetarian,lowest_cost,December,4,family_traveller,96,88,93,59,72,46,58,60,73,60,49,57,train
T000425,Indore,family,5,4,0,9,packed,257594,medium,premium,no_restriction,no_preference,lowest_cost,November,9,nightlife_traveller,82,47,51,79,70,48,78,71,29,54,33,21,train
T000426,Delhi,family,3,4,0,7,balanced,131628,medium,luxury,no_restriction,no_preference,private_transport,September,3,balanced_traveller,72,49,65,75,56,68,63,58,66,79,49,45,train
T000427,Hyderabad,family,4,2,0,6,easy_going,60769,low,luxury,no_restriction,non_vegetarian,balanced,November,2,balanced_traveller,45,61,66,70,61,45,47,51,59,55,43,43,validation
T000428,Hyderabad,friends,6,0,0,6,packed,66134,low,premium,no_restriction,non_vegetarian,balanced,September,4,family_traveller,84,87,79,57,43,40,39,64,52,34,56,42,test
T000429,Chennai,couple,2,0,0,2,packed,10338,low,standard,no_restriction,vegetarian,public_transport,March,1,balanced_traveller,61,68,65,61,64,65,74,56,58,68,51,40,train
T000430,Mumbai,friends,8,0,0,8,balanced,66805,medium,standard,no_restriction,no_preference,lowest_cost,December,3,senior_traveller,68,82,82,79,42,15,7,44,70,57,50,50,validation
T000431,Pune,seniors,1,0,2,3,balanced,40522,high,premium,no_restriction,vegetarian,lowest_cost,November,2,adventure_traveller,69,52,83,97,56,87,63,12,69,75,73,12,validation
T000432,Kolkata,family,4,1,0,5,balanced,58456,low,budget,no_restriction,no_preference,balanced,October,6,beach_traveller,43,0,84,83,72,69,85,56,16,71,65,21,train
T000433,Kochi,couple,2,0,0,2,balanced,7711,low,standard,no_restriction,no_preference,lowest_cost,November,1,adventure_traveller,34,50,71,80,67,67,52,13,75,85,42,13,train
T000434,Hyderabad,family,4,1,1,6,easy_going,118589,medium,premium,no_restriction,non_vegetarian,lowest_cost,November,6,family_traveller,90,77,79,57,47,54,67,47,57,65,47,70,train
T000435,Nagpur,couple,2,0,0,2,balanced,26992,low,standard,no_restriction,vegetarian,lowest_cost,February,4,nightlife_traveller,87,60,53,45,78,64,84,78,20,58,61,29,train
T000436,Hyderabad,solo,1,0,0,1,packed,25630,low,standard,no_restriction,jain,fastest,January,7,nightlife_traveller,70,68,57,56,33,57,88,80,35,70,49,40,test
T000437,Kolkata,couple,2,0,0,2,easy_going,43567,low,standard,no_restriction,non_vegetarian,balanced,February,8,family_traveller,97,76,63,69,75,76,69,71,57,32,57,64,train
T000438,Pune,family,2,4,0,6,balanced,32463,medium,budget,no_restriction,no_preference,fastest,February,2,family_traveller,86,86,95,81,54,65,58,49,60,65,59,46,test
T000439,Indore,solo,1,0,0,1,easy_going,9123,medium,standard,no_restriction,non_vegetarian,balanced,December,1,culture_traveller,71,90,57,46,80,31,14,74,77,93,74,74,train
T000440,Ahmedabad,seniors,2,0,3,5,balanced,25939,medium,budget,no_restriction,no_preference,balanced,January,2,family_traveller,80,81,83,70,60,40,50,58,70,72,78,58,train
T000441,Ahmedabad,friends,8,0,0,8,easy_going,49576,medium,premium,no_restriction,vegan,lowest_cost,December,2,balanced_traveller,61,52,53,75,60,20,86,59,61,70,62,65,train
T000442,Chennai,solo,1,0,0,1,balanced,19941,low,premium,no_restriction,no_preference,lowest_cost,December,2,culture_traveller,59,83,70,79,75,31,18,49,82,86,66,86,train
T000443,Delhi,couple,2,0,0,2,balanced,116617,high,standard,no_restriction,vegetarian,public_transport,January,10,wellness_traveller,83,46,85,53,76,20,25,46,54,62,47,37,validation
T000444,Nagpur,solo,1,0,0,1,packed,50662,medium,luxury,no_restriction,no_preference,balanced,January,2,food_traveller,77,75,40,58,40,13,46,90,50,61,0,58,train
T000445,Kochi,solo,1,0,0,1,easy_going,18981,high,budget,no_restriction,no_preference,public_transport,November,2,beach_traveller,57,16,90,77,60,66,39,48,20,87,74,17,train
T000446,Delhi,couple,2,0,0,2,packed,28556,low,standard,no_restriction,no_preference,lowest_cost,January,4,beach_traveller,54,35,78,77,56,49,52,58,14,78,44,5,train
T000447,Kochi,friends,7,0,0,7,balanced,54029,medium,standard,wheelchair_friendly_preference,vegetarian,fastest,September,2,nightlife_traveller,96,45,48,53,71,41,66,99,24,62,54,26,validation
T000448,Delhi,friends,4,0,0,4,balanced,32402,medium,budget,no_restriction,no_preference,private_transport,November,2,culture_traveller,85,30,27,99,58,12,26,35,98,43,23,56,train
T000449,Chennai,family,4,3,1,8,balanced,74153,medium,budget,no_restriction,no_preference,private_transport,January,5,family_traveller,69,63,88,65,67,48,50,55,74,77,66,60,test
T000450,Nagpur,seniors,0,0,3,3,packed,30379,high,budget,no_restriction,no_preference,balanced,October,2,senior_traveller,92,83,80,47,40,34,30,73,61,25,42,62,train
T000451,Indore,couple,2,0,0,2,balanced,32271,medium,budget,no_restriction,no_preference,fastest,February,6,senior_traveller,79,100,67,42,59,43,22,65,52,50,57,49,train
T000452,Indore,solo,1,0,0,1,balanced,43683,medium,premium,no_restriction,no_preference,private_transport,March,4,beach_traveller,52,23,77,85,14,33,14,28,23,78,34,49,validation
T000453,Indore,couple,2,0,0,2,balanced,43526,medium,standard,no_restriction,no_preference,balanced,October,6,food_traveller,81,77,42,49,45,2,69,79,30,49,31,47,train
T000454,Pune,family,4,3,0,7,easy_going,140796,high,luxury,no_restriction,no_preference,fastest,June,2,culture_traveller,58,85,51,45,59,6,34,55,79,85,56,68,train
T000455,Bengaluru,friends,8,0,0,8,packed,95324,medium,budget,no_restriction,no_preference,fastest,September,5,food_traveller,86,75,75,40,60,26,46,87,50,65,0,61,validation
T000456,Delhi,family,5,1,1,7,balanced,58915,high,premium,no_restriction,non_vegetarian,fastest,January,1,family_traveller,87,76,66,50,81,46,47,45,71,54,49,73,train
T000457,Bengaluru,friends,8,0,0,8,balanced,68975,low,premium,no_restriction,no_preference,fastest,May,5,wellness_traveller,95,53,80,63,80,25,23,58,90,67,44,61,test
T000458,Mumbai,seniors,1,0,3,4,balanced,40972,high,standard,no_restriction,vegetarian,lowest_cost,November,2,family_traveller,22,37,50,34,64,22,2,0,34,36,94,4,train
T000459,Kolkata,friends,8,0,0,8,balanced,148032,high,standard,no_restriction,non_vegetarian,private_transport,July,5,nightlife_traveller,75,70,69,72,61,51,82,85,12,72,63,8,train
T000460,Kolkata,friends,4,0,0,4,easy_going,37934,medium,standard,no_restriction,no_preference,private_transport,September,4,food_traveller,45,78,32,78,65,69,28,47,18,24,8,12,validation
T000461,Mumbai,seniors,2,0,2,4,balanced,64145,medium,standard,no_restriction,non_vegetarian,private_transport,November,6,wellness_traveller,100,53,83,63,78,20,19,46,62,37,78,66,validation
T000462,Jaipur,friends,8,0,0,8,balanced,92448,medium,luxury,no_restriction,no_preference,private_transport,November,3,food_traveller,72,71,68,56,58,19,43,76,49,40,13,44,train
T000463,Jaipur,family,2,3,1,6,balanced,204106,high,luxury,reduced_walking,non_vegetarian,fastest,December,4,family_traveller,82,81,71,71,69,44,53,54,43,34,48,52,train
T000464,Bengaluru,seniors,1,0,3,4,balanced,130690,low,luxury,wheelchair_friendly_preference,no_preference,balanced,June,9,nightlife_traveller,82,42,39,52,42,63,78,76,10,60,57,22,test
T000465,Pune,family,4,2,0,6,easy_going,181964,high,premium,no_restriction,vegetarian,fastest,November,7,culture_traveller,78,93,55,56,57,21,8,68,83,81,41,82,validation
T000466,Bengaluru,solo,1,0,0,1,balanced,50306,medium,luxury,no_restriction,non_vegetarian,fastest,November,2,food_traveller,46,25,88,51,23,45,19,17,30,10,18,93,train
T000467,Ahmedabad,family,2,4,0,6,packed,114315,low,luxury,no_restriction,no_preference,fastest,June,5,family_traveller,74,82,61,53,55,40,75,49,54,49,56,72,train
T000468,Nagpur,family,4,4,0,8,packed,42347,medium,budget,no_restriction,vegan,balanced,September,2,family_traveller,73,81,83,59,46,67,55,62,42,54,70,68,train
T000469,Hyderabad,solo,1,0,0,1,packed,12842,medium,budget,no_restriction,vegan,lowest_cost,March,2,culture_traveller,46,72,63,55,57,36,37,37,87,83,51,84,train
T000470,Kolkata,couple,2,0,0,2,easy_going,44174,medium,standard,no_restriction,vegetarian,fastest,January,7,balanced_traveller,53,62,56,44,49,53,59,57,59,38,64,57,train
T000471,Hyderabad,couple,2,0,0,2,balanced,119811,high,premium,no_restriction,no_preference,fastest,November,5,culture_traveller,73,79,42,72,50,24,30,62,64,87,55,79,validation
T000472,Delhi,friends,8,0,0,8,balanced,60377,low,premium,no_restriction,no_preference,lowest_cost,April,3,nightlife_traveller,87,51,17,32,80,87,51,48,75,82,76,38,train
T000473,Bengaluru,solo,1,0,0,1,easy_going,18201,medium,standard,no_restriction,no_preference,balanced,December,2,senior_traveller,78,95,98,67,75,0,1,53,57,54,37,70,train
T000474,Ahmedabad,couple,2,0,0,2,balanced,14780,low,budget,no_restriction,no_preference,lowest_cost,January,3,culture_traveller,50,82,70,47,70,21,50,60,81,86,52,67,validation
T000475,Kochi,friends,6,0,0,6,balanced,79278,medium,standard,no_restriction,vegetarian,balanced,September,7,family_traveller,74,84,84,55,86,55,53,51,45,65,48,50,train
T000476,Hyderabad,couple,2,0,0,2,balanced,15479,medium,budget,no_restriction,non_vegetarian,private_transport,September,2,beach_traveller,56,40,82,76,64,47,63,61,17,86,39,22,train
T000477,Ahmedabad,solo,1,0,0,1,easy_going,8267,low,standard,no_restriction,no_preference,lowest_cost,December,2,beach_traveller,59,24,85,90,57,47,55,66,0,67,68,39,validation
T000478,Chennai,friends,5,0,0,5,balanced,18587,low,premium,no_restriction,vegetarian,balanced,November,1,balanced_traveller,60,55,67,45,40,53,57,42,40,59,47,39,test
T000479,Hyderabad,solo,1,0,0,1,packed,7559,medium,standard,no_restriction,non_vegetarian,balanced,January,1,culture_traveller,43,83,56,65,69,25,31,52,100,72,50,89,train
T000480,Pune,family,3,4,0,7,easy_going,126186,low,luxury,no_restriction,non_vegetarian,balanced,July,6,food_traveller,85,89,58,41,58,53,76,58,57,68,17,51,train
T000481,Delhi,seniors,0,0,1,1,easy_going,11647,medium,budget,no_restriction,no_preference,private_transport,February,2,balanced_traveller,53,17,62,98,89,92,21,54,23,89,19,15,train
T000482,Jaipur,couple,2,0,0,2,balanced,15461,medium,premium,no_restriction,vegetarian,fastest,December,1,wellness_traveller,89,47,81,56,71,22,20,63,42,57,73,81,train
T000483,Mumbai,family,4,3,0,7,balanced,42524,medium,premium,no_restriction,no_preference,fastest,January,1,balanced_traveller,57,77,58,57,58,54,51,59,50,55,47,58,train
T000484,Kochi,solo,1,0,0,1,packed,52227,high,premium,no_restriction,vegetarian,private_transport,February,4,beach_traveller,50,10,80,78,34,72,54,48,5,88,41,21,train
T000485,Hyderabad,friends,7,0,0,7,balanced,79873,high,standard,no_restriction,vegetarian,private_transport,November,2,beach_traveller,84,77,28,11,24,21,73,21,21,3,59,68,train
T000486,Bengaluru,family,5,1,0,6,packed,62038,low,standard,no_restriction,vegetarian,private_transport,January,5,food_traveller,25,48,82,64,91,45,39,23,21,73,8,24,train
T000487,Nagpur,family,4,2,0,6,balanced,130490,high,standard,no_restriction,no_preference,private_transport,March,5,family_traveller,20,40,55,93,23,66,15,71,1,65,16,18,train
T000488,Ahmedabad,couple,2,0,0,2,balanced,16120,high,budget,no_restriction,vegetarian,fastest,March,1,wellness_traveller,54,43,75,84,19,8,39,53,37,62,50,93,train
T000489,Delhi,solo,1,0,0,1,easy_going,10170,medium,budget,no_restriction,jain,balanced,March,2,culture_traveller,72,96,54,61,57,42,0,61,76,63,52,96,train
T000490,Kolkata,friends,3,0,0,3,packed,51790,low,standard,no_restriction,no_preference,public_transport,November,7,senior_traveller,94,83,95,42,59,14,21,71,61,71,48,47,train
T000491,Bengaluru,solo,1,0,0,1,balanced,30705,high,standard,no_restriction,non_vegetarian,fastest,November,3,family_traveller,97,84,89,65,60,59,63,66,40,59,54,52,train
T000492,Ahmedabad,family,2,3,0,5,easy_going,64899,medium,premium,no_restriction,no_preference,private_transport,March,4,family_traveller,78,83,83,61,62,52,59,59,27,64,58,63,train
T000493,Kolkata,couple,2,0,0,2,packed,18496,medium,standard,no_restriction,no_preference,balanced,March,2,beach_traveller,67,16,80,76,59,50,51,64,35,85,78,10,train
T000494,Indore,family,4,1,0,5,easy_going,70345,medium,premium,no_restriction,vegetarian,balanced,January,3,family_traveller,81,83,76,54,71,48,44,56,43,36,52,74,train
T000495,Jaipur,couple,2,0,0,2,packed,16511,medium,standard,no_restriction,no_preference,balanced,February,1,food_traveller,75,80,67,42,63,11,59,77,50,75,1,62,validation
T000496,Kochi,solo,1,0,0,1,packed,32988,medium,standard,no_restriction,vegan,balanced,January,5,senior_traveller,74,72,87,56,46,15,9,60,89,63,55,49,train
T000497,Mumbai,solo,1,0,0,1,balanced,10745,medium,standard,no_restriction,jain,public_transport,November,2,wellness_traveller,88,50,85,44,88,24,4,54,68,41,44,56,train
T000498,Delhi,solo,1,0,0,1,easy_going,24058,high,premium,no_restriction,no_preference,fastest,February,1,nightlife_traveller,89,63,56,49,51,39,79,83,42,63,46,1,train
T000499,Nagpur,couple,2,0,0,2,easy_going,53230,medium,budget,no_restriction,non_vegetarian,fastest,December,8,wellness_traveller,77,54,84,62,90,38,24,77,58,69,62,50,train
T000500,Ahmedabad,couple,2,0,0,2,balanced,33102,medium,premium,no_restriction,no_preference,balanced,December,3,food_traveller,76,76,63,81,66,34,52,82,62,49,14,67,test
T000501,Ahmedabad,solo,1,0,0,1,packed,13072,low,premium,no_restriction,no_preference,private_transport,November,2,balanced_traveller,2,77,36,39,79,17,65,31,10,68,31,86,test
T000502,Kolkata,family,3,4,0,7,easy_going,81638,medium,luxury,no_restriction,non_vegetarian,balanced,December,2,family_traveller,95,70,86,66,52,59,60,40,44,59,58,48,test
T000503,Bengaluru,seniors,0,0,3,3,balanced,41971,medium,premium,no_restriction,vegetarian,fastest,December,3,senior_traveller,95,82,86,73,67,10,27,79,46,82,61,51,train
T000504,Delhi,family,4,1,0,5,balanced,73558,medium,premium,no_restriction,no_preference,lowest_cost,March,3,family_traveller,72,79,86,63,54,65,45,45,53,74,58,53,train
T000505,Mumbai,friends,7,0,0,7,balanced,33577,medium,budget,no_restriction,no_preference,private_transport,March,1,beach_traveller,50,33,68,72,54,73,52,61,20,92,37,29,train
T000506,Jaipur,friends,8,0,0,8,balanced,57312,low,budget,no_restriction,no_preference,balanced,January,5,culture_traveller,69,87,55,59,47,41,46,58,100,76,41,76,train
T000507,Hyderabad,family,2,1,0,3,packed,23338,low,premium,no_restriction,vegetarian,private_transport,January,2,family_traveller,97,81,81,50,53,39,39,36,70,38,80,48,train
T000508,Mumbai,couple,2,0,0,2,balanced,21120,medium,premium,no_restriction,vegetarian,lowest_cost,January,1,food_traveller,56,40,55,30,94,59,96,35,0,78,82,5,train
T000509,Indore,friends,8,0,0,8,balanced,95251,medium,standard,no_restriction,non_vegetarian,fastest,January,4,culture_traveller,49,82,65,70,67,20,52,52,69,70,74,81,train
T000510,Jaipur,couple,2,0,0,2,balanced,12077,medium,budget,no_restriction,no_preference,private_transport,February,1,family_traveller,92,76,82,47,41,49,72,67,45,53,65,50,train
T000511,Indore,solo,1,0,0,1,balanced,28327,high,budget,no_restriction,no_preference,balanced,February,5,nightlife_traveller,67,53,76,63,34,64,76,87,11,56,50,20,test
T000512,Mumbai,family,3,4,0,7,easy_going,215240,high,premium,no_restriction,no_preference,lowest_cost,March,7,culture_traveller,63,85,71,65,51,11,19,47,73,64,38,97,train
T000513,Pune,seniors,0,0,3,3,balanced,43047,medium,premium,no_restriction,vegetarian,fastest,May,2,senior_traveller,83,79,94,45,57,26,8,49,48,74,79,58,test
T000514,Jaipur,family,4,4,0,8,balanced,64602,medium,standard,no_restriction,no_preference,balanced,October,2,family_traveller,83,86,87,48,46,44,54,65,49,64,28,52,train
T000515,Chennai,couple,2,0,0,2,packed,8842,medium,budget,no_restriction,no_preference,balanced,January,1,beach_traveller,41,11,81,72,32,55,63,64,31,69,57,16,test
T000516,Hyderabad,friends,4,0,0,4,packed,54245,high,standard,no_restriction,no_preference,balanced,March,3,food_traveller,73,91,54,55,65,11,51,84,38,59,10,67,train
T000517,Kolkata,seniors,1,0,3,4,packed,37865,medium,standard,no_restriction,non_vegetarian,lowest_cost,March,4,balanced_traveller,59,52,75,54,57,40,52,59,52,51,60,75,train
T000518,Delhi,friends,3,0,0,3,easy_going,29109,low,standard,no_restriction,vegetarian,balanced,August,3,food_traveller,90,87,58,65,46,22,60,71,62,42,14,57,train
T000519,Chennai,friends,4,0,0,4,balanced,34527,low,premium,no_restriction,no_preference,lowest_cost,January,3,beach_traveller,9,6,5,15,84,82,78,61,72,73,88,73,train
T000520,Hyderabad,seniors,1,0,2,3,packed,18469,low,budget,no_restriction,no_preference,lowest_cost,November,2,senior_traveller,77,76,83,59,54,24,8,65,54,51,47,54,train
T000521,Delhi,family,3,4,0,7,easy_going,31816,low,standard,no_restriction,no_preference,public_transport,November,2,family_traveller,6,91,13,39,60,21,22,46,36,67,7,48,train
T000522,Kolkata,friends,4,0,0,4,balanced,41238,low,standard,no_restriction,non_vegetarian,balanced,March,4,culture_traveller,54,82,63,76,59,8,0,65,75,88,73,69,test
T000523,Delhi,solo,1,0,0,1,easy_going,40865,low,premium,no_restriction,vegetarian,lowest_cost,August,5,culture_traveller,61,79,44,56,57,27,29,58,90,79,39,85,train
T000524,Kolkata,solo,1,0,0,1,balanced,16971,medium,budget,no_restriction,no_preference,fastest,March,3,food_traveller,77,95,54,75,48,20,66,87,70,51,21,71,validation
T000525,Kochi,solo,1,0,0,1,balanced,35093,high,budget,no_restriction,no_preference,public_transport,March,6,family_traveller,75,97,73,58,61,53,44,47,50,48,72,56,train
T000526,Pune,couple,2,0,0,2,balanced,82531,high,premium,no_restriction,no_preference,private_transport,June,5,senior_traveller,75,86,74,38,46,14,15,55,69,71,81,37,validation
T000527,Pune,seniors,0,0,3,3,balanced,60017,medium,luxury,reduced_walking,vegan,lowest_cost,January,2,food_traveller,92,76,34,69,41,17,59,85,67,63,27,47,train
T000528,Chennai,friends,5,0,0,5,easy_going,78142,medium,premium,no_restriction,vegetarian,private_transport,July,4,food_traveller,91,89,43,48,62,24,44,87,46,72,26,43,validation
T000529,Bengaluru,solo,1,0,0,1,packed,12978,low,standard,no_restriction,non_vegetarian,balanced,November,2,nightlife_traveller,100,71,53,50,22,69,88,77,1,43,62,18,train
T000530,Kolkata,solo,1,0,0,1,easy_going,26390,low,premium,no_restriction,no_preference,fastest,December,3,nightlife_traveller,88,50,92,48,82,65,73,83,30,54,67,30,test
T000531,Indore,couple,2,0,0,2,balanced,28633,medium,standard,no_restriction,vegetarian,balanced,May,3,food_traveller,83,90,55,34,65,11,52,73,57,69,32,76,train
T000532,Kolkata,seniors,1,0,4,5,balanced,33651,medium,budget,no_restriction,no_preference,fastest,March,3,senior_traveller,64,89,76,43,36,1,7,54,42,59,54,83,train
T000533,Ahmedabad,couple,2,0,0,2,packed,14045,medium,budget,no_restriction,vegetarian,private_transport,November,2,food_traveller,86,91,34,66,69,11,88,83,30,61,10,70,validation
T000534,Pune,family,3,1,0,4,balanced,326086,medium,luxury,no_restriction,vegetarian,balanced,November,11,family_traveller,67,68,85,54,53,41,49,61,56,66,68,53,train
T000535,Chennai,friends,7,0,0,7,easy_going,127442,medium,standard,no_restriction,vegetarian,balanced,April,6,food_traveller,92,78,53,77,64,0,62,77,67,61,0,60,train
T000536,Kolkata,couple,2,0,0,2,balanced,15553,low,budget,no_restriction,vegetarian,fastest,February,3,wellness_traveller,82,82,76,70,80,0,17,50,63,58,44,74,train
T000537,Kochi,solo,1,0,0,1,balanced,35338,low,premium,no_restriction,vegetarian,private_transport,August,4,culture_traveller,72,75,52,47,47,12,17,64,84,73,72,89,train
T000538,Kochi,seniors,2,0,1,3,packed,14921,medium,standard,no_restriction,vegetarian,lowest_cost,November,1,senior_traveller,85,79,90,59,58,18,41,48,53,42,65,50,train
T000539,Hyderabad,friends,6,0,0,6,packed,78443,high,standard,no_restriction,no_preference,lowest_cost,December,3,food_traveller,94,78,28,56,77,26,50,84,68,55,54,50,test
T000540,Kolkata,couple,2,0,0,2,packed,57553,medium,luxury,no_restriction,no_preference,private_transport,December,3,senior_traveller,84,78,77,54,51,48,31,45,81,51,57,67,train
T000541,Hyderabad,friends,5,0,0,5,easy_going,133151,medium,premium,no_restriction,non_vegetarian,balanced,January,6,adventure_traveller,50,34,70,78,55,77,61,12,46,86,73,5,train
T000542,Ahmedabad,friends,5,0,0,5,packed,15162,low,standard,no_restriction,non_vegetarian,public_transport,March,1,culture_traveller,53,82,52,62,71,41,10,70,86,89,55,80,train
T000543,Jaipur,friends,7,0,0,7,easy_going,90829,low,premium,no_restriction,non_vegetarian,private_transport,May,5,beach_traveller,71,12,85,83,67,67,56,36,16,81,60,10,validation
T000544,Delhi,friends,3,0,0,3,easy_going,134458,medium,luxury,no_restriction,no_preference,balanced,January,6,beach_traveller,52,9,80,90,38,61,73,54,13,89,45,19,train
T000545,Ahmedabad,couple,2,0,0,2,packed,32195,medium,standard,no_restriction,non_vegetarian,public_transport,April,3,adventure_traveller,33,76,73,93,63,74,60,47,75,77,48,21,train
T000546,Pune,friends,5,0,0,5,balanced,247125,high,luxury,no_restriction,non_vegetarian,fastest,December,5,food_traveller,81,78,36,55,79,0,56,81,60,45,1,40,train
T000547,Ahmedabad,couple,2,0,0,2,easy_going,55367,high,budget,no_restriction,no_preference,fastest,October,6,balanced_traveller,51,62,64,65,46,50,59,72,54,56,44,79,train
T000548,Nagpur,friends,5,0,0,5,easy_going,39153,low,standard,no_restriction,vegetarian,balanced,December,4,nightlife_traveller,77,65,59,55,79,51,91,85,19,73,60,18,train
T000549,Delhi,friends,3,0,0,3,balanced,15370,low,budget,no_restriction,no_preference,private_transport,January,2,balanced_traveller,74,66,63,62,70,69,55,68,59,80,70,49,train
T000550,Mumbai,couple,2,0,0,2,balanced,57866,medium,luxury,no_restriction,non_vegetarian,balanced,November,2,culture_traveller,60,85,45,37,60,26,29,63,94,89,89,100,train
T000551,Bengaluru,couple,2,0,0,2,balanced,46752,medium,premium,no_restriction,no_preference,fastest,October,3,balanced_traveller,63,54,70,45,43,60,61,46,73,80,49,74,validation
T000552,Delhi,friends,3,0,0,3,balanced,77889,high,standard,no_restriction,non_vegetarian,lowest_cost,November,4,nightlife_traveller,93,37,53,50,75,59,65,71,6,68,66,16,train
T000553,Bengaluru,friends,6,0,0,6,easy_going,51049,medium,standard,no_restriction,non_vegetarian,balanced,November,3,adventure_traveller,69,60,86,81,67,82,43,30,37,84,52,14,test
T000554,Indore,friends,4,0,0,4,balanced,20296,medium,budget,no_restriction,non_vegetarian,lowest_cost,March,1,culture_traveller,59,90,61,15,67,32,16,68,87,76,72,71,train
T000555,Hyderabad,solo,1,0,0,1,easy_going,78381,high,premium,no_restriction,non_vegetarian,public_transport,September,4,culture_traveller,74,97,58,63,68,20,53,45,77,74,75,88,test
T000556,Hyderabad,seniors,0,0,3,3,balanced,42456,low,standard,reduced_walking,no_preference,private_transport,January,6,nightlife_traveller,80,75,67,73,74,55,85,88,5,43,41,18,test
T000557,Jaipur,seniors,1,0,4,5,balanced,72625,medium,standard,no_restriction,vegetarian,balanced,March,6,adventure_traveller,51,54,88,86,78,87,62,16,44,77,48,0,test
T000558,Kochi,solo,1,0,0,1,balanced,34456,high,standard,no_restriction,no_preference,lowest_cost,December,5,balanced_traveller,39,85,41,54,44,44,51,64,72,52,44,62,validation
T000559,Ahmedabad,friends,6,0,0,6,packed,223800,low,luxury,no_restriction,vegetarian,fastest,December,12,beach_traveller,62,14,89,82,45,61,59,68,30,81,51,20,train
T000560,Kolkata,couple,2,0,0,2,balanced,16548,medium,standard,no_restriction,vegan,lowest_cost,January,2,nightlife_traveller,70,44,63,35,39,63,80,76,13,39,62,9,train
T000561,Kolkata,couple,2,0,0,2,packed,37508,high,premium,no_restriction,no_preference,private_transport,October,2,senior_traveller,87,81,87,57,57,36,8,57,71,60,52,36,train
T000562,Kochi,couple,2,0,0,2,easy_going,23266,medium,standard,no_restriction,no_preference,balanced,November,2,beach_traveller,53,33,74,86,68,57,53,58,14,91,79,38,train
T000563,Bengaluru,friends,5,0,0,5,balanced,28223,low,budget,no_restriction,no_preference,private_transport,January,3,balanced_traveller,57,74,21,26,26,57,36,66,61,65,25,76,train
T000564,Chennai,friends,4,0,0,4,packed,34141,medium,premium,no_restriction,non_vegetarian,fastest,December,1,culture_traveller,50,77,54,50,75,24,20,45,87,77,49,88,train
T000565,Kolkata,solo,1,0,0,1,balanced,27464,high,standard,no_restriction,vegetarian,fastest,March,2,balanced_traveller,54,80,54,55,67,57,54,68,62,60,55,52,train
T000566,Ahmedabad,family,4,4,0,8,balanced,54778,low,premium,no_restriction,vegetarian,balanced,January,4,family_traveller,72,73,84,61,48,76,66,49,48,54,53,72,train
T000567,Mumbai,couple,2,0,0,2,easy_going,33002,medium,budget,no_restriction,non_vegetarian,fastest,February,7,senior_traveller,87,84,71,54,54,22,5,40,63,38,54,53,train
T000568,Kolkata,family,5,1,1,7,packed,170855,high,budget,no_restriction,no_preference,fastest,November,8,family_traveller,75,88,78,47,63,46,53,58,49,51,75,54,train
T000569,Kochi,seniors,2,0,3,5,balanced,54924,medium,standard,wheelchair_friendly_preference,vegan,private_transport,February,3,food_traveller,94,75,55,72,53,23,70,77,41,39,27,61,train
T000570,Jaipur,family,4,1,1,6,packed,41926,low,luxury,no_restriction,vegetarian,lowest_cost,October,1,senior_traveller,79,98,80,42,56,23,3,61,71,58,47,50,train
T000571,Chennai,couple,2,0,0,2,balanced,32838,medium,standard,no_restriction,no_preference,balanced,November,3,adventure_traveller,54,42,84,80,54,94,55,37,37,100,52,29,test
T000572,Indore,friends,6,0,0,6,packed,29544,low,standard,no_restriction,non_vegetarian,balanced,October,3,family_traveller,86,65,77,60,70,59,74,67,51,55,61,51,train
T000573,Kochi,couple,2,0,0,2,easy_going,58685,medium,premium,no_restriction,no_preference,balanced,January,4,adventure_traveller,69,66,99,90,48,85,50,14,40,79,63,19,train
T000574,Ahmedabad,couple,2,0,0,2,balanced,100554,high,standard,no_restriction,non_vegetarian,lowest_cost,February,7,beach_traveller,48,23,65,81,70,46,40,55,15,77,42,26,train
T000575,Delhi,friends,3,0,0,3,balanced,37027,medium,standard,no_restriction,non_vegetarian,lowest_cost,November,3,senior_traveller,42,37,53,56,22,20,80,7,49,19,31,27,train
T000576,Kochi,family,4,4,1,9,balanced,54222,low,standard,no_restriction,vegetarian,balanced,January,2,senior_traveller,93,75,80,56,70,21,21,37,46,70,32,73,validation
T000577,Ahmedabad,couple,2,0,0,2,packed,25213,low,budget,no_restriction,non_vegetarian,fastest,October,5,senior_traveller,9,45,75,94,52,35,4,58,38,90,48,76,train
T000578,Kolkata,couple,2,0,0,2,balanced,20384,low,premium,no_restriction,no_preference,private_transport,October,2,wellness_traveller,77,48,74,66,74,30,27,50,75,39,76,60,train
T000579,Kolkata,couple,2,0,0,2,balanced,38604,low,luxury,no_restriction,no_preference,public_transport,January,3,nightlife_traveller,85,52,57,51,56,47,77,77,10,69,66,7,train
T000580,Nagpur,friends,5,0,0,5,balanced,98752,medium,budget,no_restriction,no_preference,balanced,November,9,wellness_traveller,94,72,100,71,76,31,29,80,45,63,48,63,train
T000581,Chennai,couple,2,0,0,2,balanced,34892,low,standard,no_restriction,vegetarian,fastest,February,5,culture_traveller,57,77,79,53,37,10,3,35,79,81,71,87,train
T000582,Delhi,solo,1,0,0,1,packed,52124,medium,premium,no_restriction,no_preference,balanced,March,4,wellness_traveller,77,21,56,91,64,17,79,44,1,48,81,42,validation
T000583,Chennai,couple,2,0,0,2,easy_going,47654,high,premium,no_restriction,vegetarian,private_transport,January,2,food_traveller,88,76,59,69,60,13,53,90,43,45,27,51,train
T000584,Kochi,friends,6,0,0,6,easy_going,36537,medium,standard,no_restriction,vegetarian,lowest_cost,December,2,senior_traveller,66,69,96,62,61,25,27,60,45,66,64,74,train
T000585,Delhi,couple,2,0,0,2,easy_going,17184,low,standard,no_restriction,vegetarian,private_transport,July,2,senior_traveller,75,80,81,79,53,0,38,62,55,51,45,80,test
T000586,Nagpur,solo,1,0,0,1,packed,75204,high,premium,no_restriction,vegetarian,private_transport,November,6,senior_traveller,39,80,40,82,10,51,58,89,9,33,65,97,train
T000587,Kochi,couple,2,0,0,2,balanced,32314,medium,standard,no_restriction,no_preference,balanced,March,3,balanced_traveller,69,56,54,38,65,59,45,53,58,50,57,36,test
T000588,Indore,solo,1,0,0,1,balanced,66969,low,premium,no_restriction,vegetarian,balanced,July,10,family_traveller,85,93,81,74,61,61,85,76,77,47,83,56,train
T000589,Kochi,seniors,1,0,1,2,easy_going,15774,medium,standard,no_restriction,no_preference,public_transport,August,2,senior_traveller,77,74,71,51,58,35,23,70,39,51,65,61,train
T000590,Indore,couple,2,0,0,2,packed,12547,low,budget,no_restriction,non_vegetarian,fastest,November,3,family_traveller,90,83,89,63,49,37,45,48,48,68,68,83,validation
T000591,Nagpur,friends,5,0,0,5,easy_going,60729,medium,standard,no_restriction,vegetarian,public_transport,October,6,adventure_traveller,48,44,85,70,66,85,52,19,42,88,59,23,train
T000592,Hyderabad,friends,7,0,0,7,balanced,99439,high,premium,no_restriction,vegetarian,balanced,March,3,food_traveller,93,76,49,49,50,19,41,90,55,86,4,76,train
T000593,Nagpur,family,5,1,0,6,packed,85743,medium,budget,no_restriction,no_preference,private_transport,November,8,culture_traveller,56,81,66,59,65,19,23,54,90,84,55,80,train
T000594,Chennai,family,5,4,1,10,balanced,138338,low,luxury,no_restriction,no_preference,lowest_cost,March,7,senior_traveller,75,78,87,45,56,15,30,67,34,69,49,59,train
T000595,Mumbai,couple,2,0,0,2,easy_going,133482,medium,luxury,no_restriction,jain,fastest,November,6,family_traveller,67,62,88,18,79,86,97,80,12,94,81,21,train
T000596,Chennai,seniors,0,0,3,3,packed,20987,low,standard,no_restriction,no_preference,balanced,January,2,senior_traveller,68,79,86,51,78,41,9,55,48,54,54,68,validation
T000597,Delhi,family,4,2,1,7,balanced,34339,medium,budget,wheelchair_friendly_preference,vegetarian,lowest_cost,September,1,adventure_traveller,50,66,80,90,43,81,50,4,56,95,46,18,train
T000598,Chennai,family,4,2,0,6,packed,40800,medium,standard,no_restriction,no_preference,private_transport,December,2,senior_traveller,89,84,82,70,53,11,37,79,48,55,69,56,train
T000599,Mumbai,seniors,2,0,1,3,packed,26590,low,standard,no_restriction,non_vegetarian,public_transport,February,4,senior_traveller,85,84,85,62,40,9,6,70,76,30,75,58,train
T000600,Chennai,couple,2,0,0,2,balanced,38369,medium,premium,no_restriction,no_preference,balanced,October,3,food_traveller,78,83,33,47,33,11,71,72,65,91,38,58,validation
T000601,Chennai,friends,4,0,0,4,packed,52592,low,premium,no_restriction,non_vegetarian,fastest,July,5,family_traveller,78,79,66,92,80,21,38,34,50,95,61,31,validation
T000602,Kochi,family,4,1,1,6,easy_going,44985,medium,budget,no_restriction,no_preference,balanced,December,3,family_traveller,77,74,64,67,50,67,61,64,51,47,58,68,test
T000603,Pune,friends,5,0,0,5,balanced,74408,medium,standard,no_restriction,vegan,fastest,March,4,adventure_traveller,21,58,12,10,82,11,60,35,89,70,5,89,train
T000604,Pune,couple,2,0,0,2,easy_going,34240,medium,premium,no_restriction,vegetarian,fastest,November,2,balanced_traveller,61,51,64,69,70,43,73,74,75,55,47,45,train
T000605,Delhi,family,2,2,0,4,balanced,66342,medium,standard,no_restriction,vegan,balanced,April,5,beach_traveller,60,14,83,84,69,44,72,57,13,77,44,0,train
T000606,Bengaluru,family,4,4,0,8,easy_going,82974,low,premium,no_restriction,no_preference,private_transport,October,6,family_traveller,93,85,63,49,72,76,73,54,41,56,57,75,validation
T000607,Pune,family,2,1,0,3,easy_going,48080,medium,budget,no_restriction,no_preference,balanced,May,8,beach_traveller,57,17,77,81,50,86,54,52,12,96,37,24,train
T000608,Hyderabad,family,4,1,0,5,balanced,104879,high,premium,no_restriction,vegetarian,balanced,December,3,beach_traveller,56,5,91,92,59,54,64,54,0,86,67,38,train
T000609,Pune,couple,2,0,0,2,packed,43074,high,standard,no_restriction,no_preference,public_transport,November,3,culture_traveller,51,77,37,57,62,17,19,62,93,78,42,81,test
T000610,Mumbai,seniors,1,0,1,2,balanced,69526,high,premium,no_restriction,no_preference,lowest_cost,January,4,senior_traveller,91,72,68,71,54,14,18,59,50,63,45,53,train
T000611,Jaipur,couple,2,0,0,2,packed,39303,high,standard,no_restriction,vegetarian,private_transport,March,3,balanced_traveller,16,43,78,88,75,97,1,61,11,91,93,30,train
T000612,Mumbai,couple,2,0,0,2,balanced,67413,high,luxury,no_restriction,no_preference,balanced,November,2,family_traveller,75,66,79,27,43,87,52,39,57,46,67,46,train
T000613,Pune,seniors,1,0,1,2,easy_going,19443,medium,budget,no_restriction,no_preference,fastest,December,3,senior_traveller,79,80,91,47,64,11,27,52,54,66,65,55,test
T000614,Nagpur,couple,2,0,0,2,easy_going,47265,medium,standard,no_restriction,no_preference,balanced,December,5,beach_traveller,72,26,92,82,65,69,69,67,28,97,50,17,train
T000615,Mumbai,friends,3,0,0,3,packed,78448,low,premium,no_restriction,no_preference,balanced,March,7,senior_traveller,77,83,88,47,45,20,27,74,44,53,71,80,train
T000616,Chennai,family,4,2,1,7,easy_going,90798,medium,premium,no_restriction,non_vegetarian,private_transport,November,4,family_traveller,80,88,70,44,40,56,38,48,43,74,45,41,test
T000617,Kochi,solo,1,0,0,1,balanced,107196,medium,luxury,no_restriction,non_vegetarian,fastest,November,7,balanced_traveller,72,62,33,42,48,54,41,54,78,61,59,44,validation
T000618,Indore,couple,2,0,0,2,packed,163071,medium,premium,no_restriction,non_vegetarian,lowest_cost,December,13,balanced_traveller,32,74,50,50,52,60,43,53,63,59,61,53,train
T000619,Kochi,couple,2,0,0,2,easy_going,28027,low,standard,no_restriction,non_vegetarian,balanced,November,4,nightlife_traveller,86,48,71,40,37,55,75,71,11,47,57,11,validation
T000620,Delhi,couple,2,0,0,2,easy_going,88092,low,luxury,no_restriction,no_preference,private_transport,October,6,food_traveller,81,74,41,66,47,0,67,85,55,46,18,71,train
T000621,Kolkata,family,2,2,0,4,easy_going,42210,medium,budget,no_restriction,vegetarian,balanced,March,5,family_traveller,80,83,70,57,46,44,49,43,64,54,66,51,train
T000622,Indore,solo,1,0,0,1,easy_going,20374,low,budget,no_restriction,vegan,balanced,January,6,nightlife_traveller,77,45,70,47,56,39,82,72,4,55,69,25,train
T000623,Nagpur,solo,1,0,0,1,balanced,32570,medium,standard,no_restriction,no_preference,balanced,January,4,wellness_traveller,92,44,92,51,98,11,18,46,48,73,62,69,train
T000624,Bengaluru,solo,1,0,0,1,easy_going,25383,low,standard,no_restriction,no_preference,private_transport,August,5,family_traveller,79,68,70,51,81,57,49,48,41,67,55,82,train
T000625,Delhi,family,5,2,0,7,balanced,74896,medium,standard,no_restriction,no_preference,public_transport,January,4,family_traveller,76,86,95,60,66,63,79,61,65,56,47,42,validation
T000626,Delhi,couple,2,0,0,2,balanced,19520,medium,standard,no_restriction,non_vegetarian,lowest_cost,January,2,nightlife_traveller,80,72,30,71,46,60,76,97,21,48,53,21,train
T000627,Kochi,solo,1,0,0,1,packed,70211,high,luxury,no_restriction,no_preference,private_transport,November,3,culture_traveller,36,76,71,78,84,20,25,66,92,84,68,85,train
T000628,Indore,solo,1,0,0,1,easy_going,77242,low,luxury,no_restriction,no_preference,lowest_cost,December,7,nightlife_traveller,81,51,54,48,50,50,79,87,25,75,71,45,train
T000629,Nagpur,solo,1,0,0,1,balanced,11770,high,budget,no_restriction,no_preference,balanced,February,2,food_traveller,22,11,37,48,45,82,25,88,90,95,18,24,test
T000630,Jaipur,couple,2,0,0,2,packed,94497,medium,luxury,no_restriction,no_preference,lowest_cost,December,4,beach_traveller,44,25,89,78,47,63,39,43,11,85,59,33,train
T000631,Kolkata,family,2,2,0,4,easy_going,69419,medium,premium,no_restriction,vegetarian,fastest,October,4,family_traveller,79,85,96,39,51,46,41,58,57,35,57,42,test
T000632,Pune,friends,6,0,0,6,easy_going,116060,medium,luxury,no_restriction,non_vegetarian,private_transport,February,5,culture_traveller,67,82,74,63,54,4,38,66,96,99,41,71,validation
T000633,Mumbai,couple,2,0,0,2,easy_going,330841,high,luxury,no_restriction,vegetarian,lowest_cost,December,8,senior_traveller,72,93,91,62,60,41,0,71,51,70,58,42,train
T000634,Kolkata,solo,1,0,0,1,balanced,8291,medium,budget,no_restriction,no_preference,fastest,November,2,nightlife_traveller,81,59,44,47,71,38,85,79,7,80,45,5,train
T000635,Bengaluru,seniors,0,0,2,2,packed,26305,high,budget,wheelchair_friendly_preference,vegan,balanced,May,2,senior_traveller,91,92,87,56,56,16,0,65,59,66,55,64,train
T000636,Pune,couple,2,0,0,2,packed,41359,low,standard,no_restriction,vegetarian,balanced,January,8,wellness_traveller,73,48,80,54,92,18,44,51,62,69,71,72,train
T000637,Nagpur,friends,4,0,0,4,packed,35307,medium,standard,no_restriction,no_preference,fastest,April,2,balanced_traveller,60,64,52,56,30,61,58,43,55,53,78,44,train
T000638,Mumbai,friends,6,0,0,6,balanced,78961,low,premium,no_restriction,non_vegetarian,private_transport,December,6,nightlife_traveller,87,60,62,53,44,39,68,96,0,71,47,35,test
T000639,Ahmedabad,family,3,4,0,7,balanced,88793,medium,standard,no_restriction,no_preference,lowest_cost,December,5,adventure_traveller,50,38,78,87,61,82,67,17,57,78,68,23,train
T000640,Pune,friends,6,0,0,6,easy_going,69850,low,luxury,no_restriction,non_vegetarian,lowest_cost,November,4,adventure_traveller,56,53,82,74,67,77,69,0,63,76,65,19,train
T000641,Indore,couple,2,0,0,2,balanced,25628,low,premium,no_restriction,non_vegetarian,fastest,April,2,family_traveller,72,78,76,37,67,60,58,48,57,63,53,62,train
T000642,Jaipur,family,3,4,0,7,balanced,49494,low,premium,no_restriction,no_preference,balanced,November,2,family_traveller,78,87,88,71,51,69,34,72,56,56,32,52,train
T000643,Chennai,solo,1,0,0,1,balanced,31454,medium,standard,no_restriction,vegetarian,private_transport,December,5,beach_traveller,70,30,84,87,66,30,61,55,13,80,38,0,train
T000644,Pune,solo,1,0,0,1,balanced,10140,low,standard,no_restriction,non_vegetarian,balanced,March,2,beach_traveller,3,57,15,80,89,29,16,40,88,39,10,98,train
T000645,Kolkata,couple,2,0,0,2,balanced,21507,low,budget,no_restriction,non_vegetarian,lowest_cost,November,4,nightlife_traveller,69,40,39,72,62,57,83,81,5,63,54,4,train
T000646,Kolkata,couple,2,0,0,2,packed,24492,low,premium,no_restriction,no_preference,balanced,March,2,beach_traveller,45,3,77,86,1,81,98,3,72,99,79,50,test
T000647,Delhi,friends,6,0,0,6,packed,36125,medium,standard,no_restriction,vegetarian,public_transport,November,1,food_traveller,94,82,32,67,51,15,39,94,50,75,14,45,train
T000648,Pune,solo,1,0,0,1,balanced,7535,low,standard,no_restriction,vegetarian,balanced,March,1,nightlife_traveller,76,89,51,54,52,53,82,89,25,69,69,22,test
T000649,Delhi,seniors,2,0,3,5,balanced,70844,medium,standard,no_restriction,vegetarian,private_transport,December,5,senior_traveller,94,80,86,64,56,5,9,70,72,54,60,71,train
T000650,Jaipur,seniors,2,0,1,3,easy_going,26386,low,premium,no_restriction,no_preference,lowest_cost,December,3,senior_traveller,81,79,73,39,48,31,23,56,44,52,65,63,train
T000651,Hyderabad,family,5,4,0,9,easy_going,60453,low,premium,no_restriction,no_preference,public_transport,May,2,family_traveller,85,90,78,44,44,60,78,61,52,54,56,81,train
T000652,Pune,friends,8,0,0,8,balanced,70427,medium,budget,no_restriction,vegetarian,balanced,February,3,wellness_traveller,100,59,73,53,94,3,10,70,53,55,69,48,train
T000653,Indore,family,2,2,0,4,packed,33750,medium,budget,no_restriction,non_vegetarian,balanced,September,2,culture_traveller,59,81,67,65,50,49,19,59,86,84,75,77,train
T000654,Chennai,solo,1,0,0,1,balanced,12510,low,standard,no_restriction,vegetarian,fastest,February,2,food_traveller,87,69,61,64,28,22,65,86,66,53,6,35,train
T000655,Delhi,family,4,1,0,5,balanced,159416,high,premium,no_restriction,vegetarian,fastest,January,6,family_traveller,76,99,88,70,54,56,65,50,53,48,51,57,train
T000656,Hyderabad,family,4,1,0,5,packed,45435,high,standard,no_restriction,jain,lowest_cost,December,2,adventure_traveller,50,53,85,83,56,76,47,14,62,87,66,19,train
T000657,Delhi,solo,1,0,0,1,balanced,24479,medium,standard,no_restriction,no_preference,balanced,September,3,senior_traveller,80,72,75,54,45,27,37,67,69,40,54,62,train
T000658,Delhi,solo,1,0,0,1,packed,6399,medium,budget,no_restriction,no_preference,private_transport,June,1,family_traveller,89,90,74,81,58,59,37,49,69,59,58,59,train
T000659,Delhi,couple,2,0,0,2,easy_going,34293,medium,budget,no_restriction,non_vegetarian,lowest_cost,September,5,family_traveller,75,84,83,57,43,60,50,45,72,83,80,64,validation
T000660,Kochi,family,3,4,1,8,easy_going,106396,medium,budget,no_restriction,jain,lowest_cost,December,5,wellness_traveller,70,45,91,53,82,7,28,79,46,77,61,57,validation
T000661,Indore,family,2,3,0,5,easy_going,53192,medium,budget,no_restriction,vegetarian,lowest_cost,October,5,family_traveller,53,76,96,89,8,98,14,4,74,90,94,82,train
T000662,Nagpur,family,3,1,0,4,easy_going,62833,high,budget,no_restriction,non_vegetarian,balanced,December,4,family_traveller,81,72,87,66,56,60,78,55,45,63,43,54,train
T000663,Chennai,family,4,2,0,6,packed,76671,low,luxury,no_restriction,no_preference,balanced,November,3,family_traveller,79,12,1,91,26,58,83,74,4,56,54,35,validation
T000664,Pune,seniors,2,0,2,4,packed,37224,low,standard,reduced_walking,no_preference,fastest,March,3,adventure_traveller,51,27,69,28,48,20,82,92,40,44,98,14,train
T000665,Chennai,couple,2,0,0,2,balanced,58067,high,standard,no_restriction,vegetarian,lowest_cost,November,4,beach_traveller,52,23,74,85,42,52,49,17,15,74,54,20,validation
T000666,Indore,couple,2,0,0,2,balanced,51299,high,budget,no_restriction,no_preference,public_transport,May,5,wellness_traveller,91,48,86,41,99,1,20,31,56,51,70,51,train
T000667,Kochi,couple,2,0,0,2,packed,40104,low,premium,no_restriction,vegetarian,lowest_cost,January,4,adventure_traveller,36,62,87,93,65,82,62,10,52,71,74,25,train
T000668,Jaipur,seniors,0,0,4,4,balanced,94054,medium,standard,no_restriction,vegan,balanced,January,11,senior_traveller,95,93,93,56,41,52,20,71,50,68,27,52,validation
T000669,Kolkata,family,3,3,0,6,easy_going,29629,low,standard,no_restriction,no_preference,fastest,December,2,family_traveller,74,87,84,33,64,38,73,59,51,68,61,72,validation
T000670,Kochi,seniors,0,0,1,1,packed,11891,medium,budget,no_restriction,jain,fastest,February,3,senior_traveller,84,74,71,53,64,25,8,58,67,42,57,73,train
T000671,Nagpur,couple,2,0,0,2,balanced,40547,high,budget,no_restriction,non_vegetarian,fastest,January,4,wellness_traveller,79,68,81,38,91,17,34,40,55,63,55,42,test
T000672,Pune,friends,3,0,0,3,easy_going,25907,low,standard,no_restriction,vegan,lowest_cost,June,3,balanced_traveller,68,47,81,73,76,67,45,37,74,39,76,65,train
T000673,Hyderabad,seniors,1,0,2,3,packed,20623,low,budget,no_restriction,non_vegetarian,fastest,April,4,senior_traveller,5,93,97,0,90,17,56,67,35,52,62,19,train
T000674,Bengaluru,couple,2,0,0,2,balanced,8385,low,budget,no_restriction,non_vegetarian,lowest_cost,December,1,wellness_traveller,82,61,70,68,77,6,41,65,68,62,55,53,train
T000675,Pune,friends,7,0,0,7,balanced,35041,low,budget,no_restriction,no_preference,fastest,June,3,culture_traveller,12,37,32,21,84,2,82,92,63,62,14,56,validation
T000676,Ahmedabad,family,4,2,1,7,easy_going,155748,high,standard,no_restriction,vegan,balanced,May,5,balanced_traveller,62,88,57,68,48,73,48,62,53,62,54,47,validation
T000677,Chennai,friends,3,0,0,3,balanced,66630,medium,luxury,no_restriction,non_vegetarian,lowest_cost,December,3,balanced_traveller,49,48,53,60,40,63,40,72,63,79,65,53,train
T000678,Hyderabad,couple,2,0,0,2,balanced,30853,medium,standard,no_restriction,no_preference,lowest_cost,December,4,nightlife_traveller,68,39,49,72,68,58,90,81,25,76,54,10,train
T000679,Kochi,solo,1,0,0,1,balanced,23147,high,standard,no_restriction,vegetarian,fastest,March,3,food_traveller,88,87,39,27,72,25,56,87,80,73,32,46,train
T000680,Jaipur,couple,2,0,0,2,easy_going,50572,medium,luxury,no_restriction,vegetarian,balanced,November,2,balanced_traveller,41,54,33,60,56,52,45,57,50,55,80,59,train
T000681,Hyderabad,family,3,3,1,7,easy_going,84669,medium,budget,no_restriction,non_vegetarian,lowest_cost,October,5,family_traveller,73,85,83,56,50,68,50,60,59,52,46,51,train
T000682,Jaipur,couple,2,0,0,2,balanced,62000,medium,standard,no_restriction,no_preference,private_transport,May,7,family_traveller,81,21,58,34,60,26,56,0,37,82,46,49,train
T000683,Kochi,solo,1,0,0,1,easy_going,46618,high,standard,no_restriction,no_preference,fastest,January,4,food_traveller,80,94,50,53,54,2,60,75,50,48,12,46,train
T000684,Chennai,solo,1,0,0,1,packed,52347,high,standard,no_restriction,non_vegetarian,lowest_cost,May,6,nightlife_traveller,81,87,61,61,37,24,49,13,67,47,17,58,train
T000685,Kolkata,couple,2,0,0,2,easy_going,16498,medium,standard,no_restriction,no_preference,lowest_cost,January,1,food_traveller,90,78,71,61,71,30,27,86,52,70,27,64,train
T000686,Kochi,solo,1,0,0,1,packed,27575,medium,premium,no_restriction,vegan,fastest,December,2,nightlife_traveller,79,47,56,38,65,50,85,89,24,66,32,13,validation
T000687,Kochi,solo,1,0,0,1,packed,6446,medium,budget,no_restriction,no_preference,public_transport,February,1,balanced_traveller,50,68,53,69,61,56,55,54,64,58,48,47,train
T000688,Jaipur,couple,2,0,0,2,easy_going,60567,medium,premium,no_restriction,non_vegetarian,balanced,September,5,beach_traveller,69,23,70,65,67,73,47,53,12,77,69,22,train
T000689,Pune,friends,6,0,0,6,easy_going,59773,high,budget,no_restriction,no_preference,balanced,December,2,wellness_traveller,84,62,81,54,91,33,38,61,73,52,54,71,test
T000690,Ahmedabad,seniors,2,0,1,3,balanced,14419,low,standard,no_restriction,jain,lowest_cost,December,1,nightlife_traveller,74,40,77,72,54,61,85,83,3,27,46,43,train
T000691,Mumbai,family,2,3,0,5,balanced,49222,low,premium,no_restriction,no_preference,balanced,December,4,food_traveller,85,81,61,65,61,23,73,69,47,57,10,52,test
T000692,Ahmedabad,couple,2,0,0,2,packed,19338,high,budget,no_restriction,vegetarian,lowest_cost,April,2,wellness_traveller,87,61,88,52,94,28,21,64,48,31,49,65,train
T000693,Mumbai,friends,5,0,0,5,easy_going,34934,medium,premium,no_restriction,non_vegetarian,balanced,May,1,adventure_traveller,49,53,75,71,66,80,64,23,63,65,46,27,train
T000694,Ahmedabad,couple,2,0,0,2,balanced,31749,low,budget,no_restriction,non_vegetarian,lowest_cost,August,9,culture_traveller,62,94,54,69,46,24,0,45,81,79,41,78,test
T000695,Bengaluru,friends,5,0,0,5,balanced,30474,medium,budget,no_restriction,non_vegetarian,public_transport,September,2,wellness_traveller,75,64,90,40,85,0,17,74,39,37,59,73,train
T000696,Mumbai,solo,1,0,0,1,balanced,16136,medium,budget,no_restriction,vegetarian,public_transport,November,5,nightlife_traveller,80,53,65,49,77,48,83,80,14,83,51,16,test
T000697,Mumbai,couple,2,0,0,2,packed,85652,medium,luxury,no_restriction,vegan,fastest,July,4,balanced_traveller,38,48,67,51,52,52,71,45,60,56,57,59,validation
T000698,Hyderabad,family,5,1,0,6,balanced,176511,medium,standard,no_restriction,vegetarian,lowest_cost,January,11,balanced_traveller,44,65,55,63,56,54,48,42,73,75,44,43,test
T000699,Kochi,couple,2,0,0,2,packed,27941,low,standard,no_restriction,no_preference,public_transport,October,4,wellness_traveller,82,50,82,44,88,32,35,52,44,61,78,57,train
T000700,Delhi,family,5,4,0,9,easy_going,85434,medium,budget,no_restriction,no_preference,lowest_cost,January,3,senior_traveller,91,93,71,43,53,21,16,50,53,62,41,85,train
T000701,Kochi,couple,2,0,0,2,easy_going,10687,low,standard,no_restriction,no_preference,balanced,December,1,beach_traveller,80,44,65,83,65,62,75,72,23,100,68,15,train
T000702,Ahmedabad,friends,6,0,0,6,balanced,63215,medium,budget,no_restriction,vegetarian,fastest,January,4,balanced_traveller,64,72,63,59,70,86,53,66,56,63,57,31,train
T000703,Indore,family,5,3,0,8,balanced,132402,medium,luxury,no_restriction,vegan,private_transport,March,3,beach_traveller,18,7,43,86,82,74,0,86,39,73,72,17,train
T000704,Nagpur,couple,2,0,0,2,balanced,19409,medium,standard,no_restriction,no_preference,lowest_cost,September,2,culture_traveller,63,83,83,64,49,26,16,72,84,85,39,82,train
T000705,Pune,family,2,3,0,5,balanced,55858,medium,premium,no_restriction,no_preference,balanced,February,3,family_traveller,93,91,93,73,75,43,64,71,73,47,64,57,train
T000706,Indore,couple,2,0,0,2,packed,13087,medium,budget,no_restriction,no_preference,public_transport,December,2,balanced_traveller,46,55,65,68,72,61,61,66,49,49,55,41,validation
T000707,Kochi,solo,1,0,0,1,balanced,32445,medium,premium,no_restriction,vegan,public_transport,December,4,adventure_traveller,47,50,94,89,66,77,70,30,59,77,58,41,validation
T000708,Pune,solo,1,0,0,1,easy_going,19119,low,budget,no_restriction,no_preference,fastest,January,6,culture_traveller,47,78,61,56,62,21,16,75,87,84,65,76,train
T000709,Mumbai,couple,2,0,0,2,balanced,30437,high,budget,no_restriction,no_preference,balanced,November,3,adventure_traveller,1,35,83,91,6,3,15,76,20,23,88,87,validation
T000710,Mumbai,friends,8,0,0,8,easy_going,75723,high,standard,no_restriction,no_preference,public_transport,November,2,adventure_traveller,71,7,33,78,74,64,69,65,64,34,2,44,test
T000711,Bengaluru,couple,2,0,0,2,balanced,29418,medium,standard,no_restriction,no_preference,balanced,December,4,food_traveller,73,77,49,32,50,34,66,86,58,74,6,45,test
T000712,Mumbai,couple,2,0,0,2,balanced,32071,medium,standard,no_restriction,no_preference,private_transport,December,3,adventure_traveller,68,58,69,75,44,82,50,40,38,72,59,26,train
T000713,Mumbai,solo,1,0,0,1,easy_going,58294,medium,premium,wheelchair_friendly_preference,no_preference,lowest_cost,October,6,family_traveller,75,82,93,52,35,52,53,35,59,63,79,41,train
T000714,Hyderabad,family,5,4,0,9,easy_going,145777,high,standard,no_restriction,no_preference,balanced,November,4,family_traveller,73,78,94,33,56,71,71,64,65,44,73,42,train
T000715,Kolkata,couple,2,0,0,2,easy_going,20216,medium,standard,no_restriction,no_preference,private_transport,January,2,adventure_traveller,2,24,11,11,60,60,4,59,14,37,98,52,train
T000716,Kochi,seniors,1,0,2,3,balanced,18216,medium,premium,no_restriction,vegetarian,private_transport,June,1,senior_traveller,31,60,60,27,95,30,80,83,9,23,21,91,test
T000717,Nagpur,solo,1,0,0,1,easy_going,35832,medium,premium,no_restriction,vegetarian,lowest_cost,December,3,food_traveller,100,97,85,60,59,23,57,83,66,51,2,61,test
T000718,Ahmedabad,family,5,2,0,7,balanced,60734,medium,budget,no_restriction,vegetarian,public_transport,December,4,nightlife_traveller,77,73,59,47,39,48,75,89,33,44,66,28,train
T000719,Ahmedabad,friends,7,0,0,7,balanced,55562,medium,budget,no_restriction,vegetarian,balanced,January,3,adventure_traveller,64,43,85,76,55,95,40,16,41,83,69,22,train
T000720,Indore,family,5,4,0,9,packed,142870,high,premium,no_restriction,vegetarian,balanced,March,3,food_traveller,79,84,55,55,53,22,64,94,54,52,13,74,train
T000721,Indore,family,5,1,0,6,balanced,37156,low,budget,no_restriction,non_vegetarian,lowest_cost,December,4,family_traveller,86,68,79,61,62,71,66,56,65,54,58,66,train
T000722,Kolkata,friends,7,0,0,7,balanced,86696,medium,premium,no_restriction,vegetarian,lowest_cost,March,3,food_traveller,94,96,63,64,54,20,65,87,65,64,31,66,train
T000723,Bengaluru,couple,2,0,0,2,easy_going,37434,low,luxury,no_restriction,no_preference,public_transport,December,3,beach_traveller,76,19,83,87,46,58,82,50,31,86,55,22,train
T000724,Bengaluru,solo,1,0,0,1,easy_going,36800,high,premium,no_restriction,no_preference,public_transport,November,2,beach_traveller,32,31,43,23,6,7,18,31,14,36,92,26,validation
T000725,Pune,family,4,2,0,6,packed,78032,high,budget,no_restriction,vegan,lowest_cost,November,3,adventure_traveller,58,52,81,18,81,1,58,39,33,43,22,18,validation
T000726,Bengaluru,seniors,1,0,4,5,balanced,165170,medium,premium,no_restriction,no_preference,balanced,October,9,senior_traveller,86,61,84,36,52,18,15,63,65,47,47,56,train
T000727,Nagpur,couple,2,0,0,2,balanced,49060,medium,luxury,no_restriction,no_preference,balanced,February,2,culture_traveller,46,89,60,67,53,23,17,74,82,82,51,77,train
T000728,Kochi,solo,1,0,0,1,easy_going,36071,medium,standard,no_restriction,no_preference,private_transport,November,8,adventure_traveller,52,43,88,85,58,79,32,14,47,83,64,24,train
T000729,Hyderabad,family,4,3,0,7,packed,131820,medium,luxury,no_restriction,vegetarian,fastest,November,3,food_traveller,86,89,62,63,48,43,42,84,40,55,12,58,train
T000730,Mumbai,couple,2,0,0,2,easy_going,67509,high,standard,no_restriction,no_preference,fastest,September,5,balanced_traveller,73,36,42,40,73,49,53,37,53,67,60,55,train
T000731,Chennai,friends,5,0,0,5,easy_going,82630,high,premium,wheelchair_friendly_preference,non_vegetarian,balanced,December,3,culture_traveller,45,77,49,55,52,17,30,34,74,87,63,73,train
T000732,Kochi,seniors,0,0,4,4,packed,49744,high,luxury,no_restriction,vegetarian,private_transport,January,1,senior_traveller,68,91,75,61,63,22,23,61,58,47,46,55,train
T000733,Kochi,family,4,1,0,5,easy_going,46425,medium,standard,no_restriction,no_preference,fastest,January,2,family_traveller,90,79,73,51,56,49,44,62,44,38,43,54,train
T000734,Indore,friends,4,0,0,4,packed,50598,medium,premium,no_restriction,no_preference,balanced,January,4,beach_traveller,74,16,90,87,33,45,42,35,31,98,53,31,train
T000735,Ahmedabad,friends,7,0,0,7,easy_going,218801,high,standard,no_restriction,no_preference,private_transport,May,7,beach_traveller,66,5,77,98,56,42,66,47,0,86,46,24,train
T000736,Chennai,family,3,3,0,6,balanced,101783,low,premium,no_restriction,non_vegetarian,lowest_cost,February,6,family_traveller,80,72,75,68,54,54,69,46,30,46,59,54,train
T000737,Jaipur,family,5,1,0,6,packed,78633,high,premium,no_restriction,vegetarian,public_transport,December,3,wellness_traveller,81,59,89,36,64,20,0,58,64,71,49,58,train
T000738,Nagpur,family,2,4,0,6,easy_going,61758,medium,budget,no_restriction,vegetarian,lowest_cost,December,4,family_traveller,88,86,75,59,47,37,49,56,63,58,67,45,train
T000739,Pune,solo,1,0,0,1,balanced,38264,medium,premium,no_restriction,no_preference,private_transport,December,3,beach_traveller,86,29,73,81,59,50,62,29,27,78,55,39,test
T000740,Kochi,seniors,1,0,4,5,balanced,91887,medium,standard,no_restriction,vegetarian,lowest_cost,January,6,senior_traveller,87,86,95,54,47,0,48,64,48,77,73,40,validation
T000741,Chennai,friends,4,0,0,4,balanced,63668,medium,standard,no_restriction,vegetarian,balanced,September,6,senior_traveller,83,82,91,50,51,3,25,51,46,47,63,43,train
T000742,Mumbai,couple,2,0,0,2,easy_going,12742,low,budget,no_restriction,vegan,lowest_cost,April,2,culture_traveller,73,91,57,65,65,21,22,58,75,76,48,69,test
T000743,Nagpur,couple,2,0,0,2,easy_going,19092,medium,budget,no_restriction,vegetarian,balanced,January,2,senior_traveller,66,84,86,72,74,31,12,44,63,47,74,36,train
T000744,Mumbai,couple,2,0,0,2,easy_going,88126,high,premium,no_restriction,no_preference,fastest,November,4,beach_traveller,55,0,76,74,49,52,49,47,4,88,71,16,train
T000745,Jaipur,family,5,1,0,6,packed,31485,medium,budget,no_restriction,non_vegetarian,private_transport,November,1,senior_traveller,69,70,94,26,78,68,87,69,85,35,15,36,test
T000746,Jaipur,friends,7,0,0,7,balanced,58856,high,budget,no_restriction,no_preference,balanced,February,1,adventure_traveller,69,49,84,48,84,50,78,72,26,30,89,23,validation
T000747,Jaipur,seniors,2,0,3,5,balanced,144697,high,standard,no_restriction,no_preference,public_transport,March,9,wellness_traveller,77,59,92,66,90,20,39,36,81,82,62,66,test
T000748,Indore,seniors,1,0,2,3,easy_going,23670,low,premium,no_restriction,vegetarian,private_transport,January,2,balanced_traveller,62,39,48,39,64,71,42,68,68,49,33,44,test
T000749,Nagpur,family,5,4,0,9,balanced,129055,low,luxury,no_restriction,vegetarian,balanced,November,4,family_traveller,64,82,78,33,40,50,57,69,61,68,57,48,validation
T000750,Jaipur,seniors,1,0,4,5,easy_going,67003,high,budget,reduced_walking,vegetarian,balanced,January,3,beach_traveller,7,73,22,18,0,2,40,54,57,45,45,75,validation
T000751,Delhi,solo,1,0,0,1,balanced,30441,low,premium,no_restriction,non_vegetarian,public_transport,November,4,food_traveller,83,79,59,56,41,24,65,77,79,73,30,66,test
T000752,Indore,solo,1,0,0,1,balanced,59604,medium,standard,no_restriction,no_preference,public_transport,December,10,wellness_traveller,74,41,74,71,92,19,26,56,42,83,73,61,test
T000753,Indore,couple,2,0,0,2,easy_going,15367,low,premium,no_restriction,non_vegetarian,private_transport,October,1,senior_traveller,79,87,89,66,68,43,25,70,62,34,55,46,train
T000754,Nagpur,couple,2,0,0,2,packed,30623,medium,standard,no_restriction,no_preference,private_transport,June,4,senior_traveller,81,66,75,55,48,12,53,53,60,59,64,51,train
T000755,Kolkata,solo,1,0,0,1,packed,20243,medium,budget,no_restriction,non_vegetarian,public_transport,January,6,culture_traveller,62,74,60,64,71,26,24,68,79,85,49,90,train
T000756,Bengaluru,family,2,2,0,4,balanced,16127,low,budget,no_restriction,jain,balanced,February,2,family_traveller,69,88,85,62,74,53,64,57,55,72,81,51,train
T000757,Kolkata,couple,2,0,0,2,packed,55182,low,premium,no_restriction,no_preference,public_transport,July,5,wellness_traveller,76,58,81,68,71,9,29,49,46,49,55,55,test
T000758,Pune,couple,2,0,0,2,easy_going,102063,high,luxury,no_restriction,no_preference,private_transport,November,3,balanced_traveller,75,54,60,48,69,67,77,74,56,94,73,63,train
T000759,Kochi,friends,7,0,0,7,balanced,23059,low,standard,no_restriction,vegetarian,fastest,May,1,adventure_traveller,46,76,79,74,67,82,61,4,66,99,41,24,train
T000760,Hyderabad,solo,1,0,0,1,packed,18730,low,standard,no_restriction,non_vegetarian,private_transport,November,4,food_traveller,89,75,64,59,64,35,51,76,36,32,17,55,train
T000761,Delhi,solo,1,0,0,1,easy_going,10598,medium,budget,no_restriction,non_vegetarian,lowest_cost,November,3,family_traveller,76,85,81,44,53,41,70,75,52,49,69,71,train
T000762,Indore,family,2,1,0,3,easy_going,23743,low,standard,no_restriction,no_preference,lowest_cost,March,2,senior_traveller,77,100,89,49,26,28,20,62,54,43,51,65,train
T000763,Mumbai,couple,2,0,0,2,packed,32689,low,budget,no_restriction,no_preference,public_transport,March,7,adventure_traveller,35,72,89,86,16,79,41,34,69,85,42,39,train
T000764,Chennai,couple,2,0,0,2,balanced,10204,medium,budget,no_restriction,non_vegetarian,balanced,December,1,food_traveller,83,67,66,39,57,18,39,84,82,53,29,85,test
T000765,Indore,couple,2,0,0,2,easy_going,25555,medium,standard,no_restriction,no_preference,private_transport,June,2,food_traveller,78,76,56,50,45,20,61,78,73,57,8,43,train
T000766,Chennai,couple,2,0,0,2,balanced,22255,medium,budget,no_restriction,no_preference,balanced,May,3,family_traveller,12,31,90,21,72,16,61,58,62,28,16,88,test
T000767,Kolkata,seniors,2,0,1,3,balanced,45232,high,budget,no_restriction,no_preference,lowest_cost,December,4,family_traveller,73,82,90,74,43,38,57,70,61,65,40,50,validation
T000768,Jaipur,family,3,3,0,6,packed,24948,low,standard,no_restriction,no_preference,public_transport,January,1,family_traveller,100,83,88,51,38,74,43,61,62,57,47,55,train
T000769,Bengaluru,family,3,2,0,5,balanced,150622,medium,luxury,no_restriction,no_preference,public_transport,February,5,beach_traveller,82,23,76,83,25,56,70,64,23,87,70,38,test
T000770,Mumbai,solo,1,0,0,1,balanced,11149,medium,budget,no_restriction,non_vegetarian,lowest_cost,December,3,food_traveller,86,76,48,67,45,31,58,68,73,60,25,69,validation
T000771,Ahmedabad,family,5,1,0,6,easy_going,58452,low,standard,no_restriction,non_vegetarian,private_transport,January,5,nightlife_traveller,96,70,54,62,86,69,83,100,21,63,45,0,train
T000772,Bengaluru,seniors,0,0,1,1,packed,51356,medium,standard,wheelchair_friendly_preference,no_preference,public_transport,November,8,senior_traveller,83,93,82,49,44,18,30,73,57,71,54,47,train
T000773,Hyderabad,friends,4,0,0,4,easy_going,29706,low,luxury,no_restriction,no_preference,balanced,November,1,senior_traveller,92,92,82,51,55,7,19,56,77,64,85,31,train
T000774,Indore,seniors,1,0,2,3,packed,25245,medium,standard,no_restriction,non_vegetarian,balanced,January,2,senior_traveller,75,79,84,74,68,4,32,62,49,59,63,57,validation
T000775,Bengaluru,seniors,1,0,3,4,packed,72261,medium,budget,reduced_walking,non_vegetarian,balanced,January,8,balanced_traveller,69,78,77,52,46,24,52,78,47,54,50,61,train
T000776,Delhi,family,5,4,0,9,balanced,56435,medium,budget,no_restriction,non_vegetarian,public_transport,August,1,beach_traveller,72,35,74,88,45,57,64,46,30,77,50,29,train
T000777,Ahmedabad,solo,1,0,0,1,packed,39171,medium,luxury,no_restriction,no_preference,fastest,November,2,food_traveller,86,69,17,97,95,22,64,66,0,68,22,90,train
T000778,Kochi,solo,1,0,0,1,packed,18953,low,standard,no_restriction,vegetarian,lowest_cost,December,4,wellness_traveller,80,58,86,60,84,5,25,63,65,48,67,41,train
T000779,Nagpur,couple,2,0,0,2,packed,14173,low,premium,no_restriction,no_preference,private_transport,March,1,nightlife_traveller,86,68,38,72,71,56,81,57,3,63,71,29,validation
T000780,Indore,couple,2,0,0,2,balanced,24006,high,standard,no_restriction,no_preference,lowest_cost,March,2,food_traveller,81,82,29,38,52,9,54,93,56,41,9,77,train
T000781,Indore,friends,6,0,0,6,easy_going,53187,low,luxury,no_restriction,no_preference,lowest_cost,February,3,beach_traveller,61,25,100,88,67,57,51,73,28,75,62,30,test
T000782,Delhi,friends,8,0,0,8,easy_going,200057,high,premium,no_restriction,no_preference,fastest,December,5,nightlife_traveller,71,52,65,66,60,63,92,82,37,48,56,13,train
T000783,Chennai,family,2,4,0,6,packed,238346,medium,luxury,no_restriction,vegetarian,lowest_cost,January,7,beach_traveller,38,3,83,89,57,90,45,62,36,90,64,33,train
T000784,Nagpur,couple,2,0,0,2,easy_going,105843,low,luxury,no_restriction,no_preference,private_transport,November,6,family_traveller,83,73,91,81,54,55,59,43,48,78,55,46,train
T000785,Kochi,couple,2,0,0,2,balanced,37916,low,standard,no_restriction,vegetarian,public_transport,March,6,senior_traveller,86,84,82,57,59,24,34,62,54,46,51,60,train
T000786,Kochi,friends,7,0,0,7,balanced,79664,high,premium,no_restriction,no_preference,private_transport,December,1,beach_traveller,41,38,78,95,40,60,54,33,28,66,53,34,validation
T000787,Jaipur,family,4,1,0,5,packed,41168,medium,premium,no_restriction,no_preference,fastest,December,2,nightlife_traveller,91,75,40,98,72,82,94,3,77,38,86,87,train
T000788,Chennai,family,2,4,0,6,easy_going,81696,high,budget,no_restriction,jain,fastest,February,5,wellness_traveller,76,52,81,73,75,7,23,65,48,65,73,71,train
T000789,Nagpur,couple,2,0,0,2,easy_going,24410,medium,budget,no_restriction,no_preference,balanced,January,3,senior_traveller,99,85,79,43,71,19,0,57,45,51,57,46,train
T000790,Kolkata,friends,7,0,0,7,balanced,59813,medium,standard,no_restriction,no_preference,private_transport,January,3,family_traveller,85,82,81,44,67,56,74,67,49,71,26,80,validation
T000791,Chennai,seniors,2,0,1,3,easy_going,32697,medium,standard,no_restriction,no_preference,balanced,September,4,wellness_traveller,85,54,69,54,88,27,16,39,64,62,67,53,train
T000792,Kochi,couple,2,0,0,2,easy_going,15604,low,budget,no_restriction,no_preference,public_transport,March,4,family_traveller,97,90,84,75,47,86,51,81,80,35,74,53,train
T000793,Nagpur,friends,3,0,0,3,balanced,61222,medium,premium,no_restriction,non_vegetarian,balanced,December,4,beach_traveller,96,40,65,12,22,45,67,29,88,78,55,45,test
T000794,Jaipur,family,5,1,1,7,easy_going,90367,high,budget,no_restriction,non_vegetarian,lowest_cost,November,4,balanced_traveller,59,63,79,45,54,34,63,67,45,74,48,52,train
T000795,Ahmedabad,seniors,1,0,3,4,packed,64661,medium,standard,no_restriction,non_vegetarian,public_transport,October,7,family_traveller,76,84,76,87,84,55,63,57,52,58,56,38,train
T000796,Chennai,couple,2,0,0,2,balanced,26998,low,standard,no_restriction,vegan,balanced,February,4,senior_traveller,84,99,75,43,61,24,24,59,49,39,60,41,train
T000797,Pune,seniors,0,0,4,4,easy_going,36889,low,standard,no_restriction,non_vegetarian,fastest,December,5,senior_traveller,88,86,88,66,75,19,26,48,45,78,47,64,test
T000798,Mumbai,seniors,0,0,4,4,easy_going,123139,low,luxury,wheelchair_friendly_preference,vegetarian,private_transport,February,7,senior_traveller,81,100,85,65,44,4,30,53,71,58,99,51,train
T000799,Kochi,friends,5,0,0,5,balanced,60380,medium,premium,no_restriction,no_preference,balanced,October,2,beach_traveller,70,3,75,80,72,70,66,56,35,81,65,33,train
T000800,Bengaluru,solo,1,0,0,1,easy_going,12645,high,standard,no_restriction,vegetarian,private_transport,January,1,wellness_traveller,73,59,84,51,98,25,34,39,39,62,79,44,train
T000801,Chennai,solo,1,0,0,1,balanced,16868,medium,standard,no_restriction,non_vegetarian,fastest,October,2,adventure_traveller,65,57,80,76,59,94,70,16,63,73,65,9,train
T000802,Bengaluru,family,2,3,0,5,balanced,31735,medium,luxury,no_restriction,vegetarian,fastest,October,1,family_traveller,96,72,87,56,51,69,39,28,59,55,40,36,train
T000803,Kolkata,solo,1,0,0,1,balanced,8620,low,standard,no_restriction,no_preference,public_transport,November,2,balanced_traveller,68,68,52,63,47,53,44,47,54,51,47,41,validation
T000804,Bengaluru,couple,2,0,0,2,packed,76232,medium,luxury,no_restriction,no_preference,balanced,December,3,balanced_traveller,55,87,52,68,78,65,48,41,65,76,63,71,validation
T000805,Kolkata,seniors,2,0,1,3,balanced,45262,medium,standard,no_restriction,non_vegetarian,balanced,December,4,adventure_traveller,52,47,90,90,63,71,55,2,55,87,68,26,train
T000806,Jaipur,family,2,4,0,6,balanced,41129,high,budget,no_restriction,vegetarian,fastest,December,1,family_traveller,78,91,77,44,61,54,66,44,59,86,54,59,train
T000807,Ahmedabad,friends,5,0,0,5,easy_going,112022,medium,premium,no_restriction,vegetarian,private_transport,October,5,senior_traveller,83,87,91,52,69,37,43,63,58,51,39,53,test
T000808,Bengaluru,family,2,2,1,5,packed,60253,medium,premium,no_restriction,jain,fastest,November,2,family_traveller,81,78,99,78,69,45,80,64,45,57,68,49,train
T000809,Nagpur,family,4,3,0,7,easy_going,30121,low,luxury,no_restriction,vegan,lowest_cost,November,1,family_traveller,67,80,75,63,53,56,48,77,41,52,58,53,validation
T000810,Kochi,family,5,4,0,9,packed,168090,high,standard,no_restriction,no_preference,balanced,January,5,family_traveller,76,90,81,58,30,68,48,70,58,50,36,83,train
T000811,Indore,friends,7,0,0,7,balanced,42535,low,standard,no_restriction,no_preference,lowest_cost,March,4,culture_traveller,23,65,40,68,66,60,15,28,37,82,68,64,train
T000812,Mumbai,solo,1,0,0,1,easy_going,49528,medium,standard,no_restriction,non_vegetarian,lowest_cost,March,9,food_traveller,80,78,43,40,47,3,76,69,58,62,24,62,train
T000813,Kolkata,family,4,1,0,5,packed,46376,high,premium,no_restriction,vegetarian,lowest_cost,November,1,family_traveller,95,93,89,41,56,60,55,56,75,47,66,60,train
T000814,Hyderabad,couple,2,0,0,2,packed,123181,medium,premium,no_restriction,non_vegetarian,balanced,February,12,senior_traveller,18,41,59,0,57,37,63,90,44,55,46,11,test
T000815,Bengaluru,friends,6,0,0,6,packed,46616,low,budget,no_restriction,no_preference,private_transport,March,4,wellness_traveller,80,56,86,54,81,14,33,39,51,34,44,60,train
T000816,Kolkata,family,4,1,0,5,packed,29259,low,standard,no_restriction,vegetarian,balanced,February,3,family_traveller,94,41,49,37,98,79,9,60,48,79,99,74,test
T000817,Pune,friends,3,0,0,3,packed,46528,high,standard,no_restriction,vegetarian,private_transport,December,3,senior_traveller,84,87,83,61,56,0,41,52,49,73,68,60,train
T000818,Nagpur,couple,2,0,0,2,balanced,31102,high,budget,no_restriction,jain,lowest_cost,October,4,senior_traveller,73,77,64,69,61,24,23,32,45,51,48,53,train
T000819,Kochi,friends,5,0,0,5,easy_going,53493,low,luxury,no_restriction,vegetarian,balanced,November,3,family_traveller,83,82,74,63,72,49,48,47,36,81,51,46,train
T000820,Kochi,family,3,2,1,6,easy_going,157991,medium,luxury,no_restriction,non_vegetarian,private_transport,September,7,senior_traveller,14,35,11,75,50,41,72,29,87,65,34,53,train
T000821,Indore,seniors,1,0,2,3,balanced,24728,low,standard,no_restriction,vegetarian,fastest,November,3,nightlife_traveller,41,19,16,71,3,96,44,48,29,8,58,34,validation
T000822,Indore,family,2,4,0,6,packed,206149,medium,luxury,no_restriction,non_vegetarian,lowest_cost,January,10,wellness_traveller,78,49,88,47,64,20,16,49,67,24,75,69,train
T000823,Indore,family,2,4,0,6,packed,64950,high,premium,no_restriction,no_preference,public_transport,December,2,family_traveller,78,80,88,35,40,48,58,66,76,53,66,65,test
T000824,Indore,friends,3,0,0,3,balanced,17816,low,standard,no_restriction,vegetarian,lowest_cost,October,3,beach_traveller,44,22,81,75,53,38,58,40,33,81,50,35,train
T000825,Chennai,friends,7,0,0,7,packed,78772,low,premium,no_restriction,no_preference,fastest,December,5,wellness_traveller,83,43,78,36,78,12,32,56,58,56,31,33,train
T000826,Pune,couple,2,0,0,2,easy_going,35048,high,standard,no_restriction,jain,private_transport,August,3,beach_traveller,56,35,72,76,31,58,64,26,22,86,63,4,test
T000827,Kochi,family,4,4,0,8,easy_going,70775,low,standard,no_restriction,non_vegetarian,fastest,December,5,beach_traveller,98,17,33,50,37,9,19,49,43,79,31,94,train
T000828,Hyderabad,friends,5,0,0,5,balanced,96722,medium,premium,no_restriction,no_preference,balanced,January,4,wellness_traveller,91,69,78,57,78,27,17,51,57,38,56,64,validation
T000829,Bengaluru,family,3,3,0,6,balanced,52941,medium,standard,no_restriction,no_preference,public_transport,October,3,family_traveller,75,87,81,49,53,83,71,74,35,55,49,63,train
T000830,Pune,friends,3,0,0,3,balanced,91297,medium,luxury,no_restriction,no_preference,lowest_cost,October,5,balanced_traveller,57,56,55,47,47,63,48,66,56,66,64,67,train
T000831,Chennai,solo,1,0,0,1,balanced,31326,medium,standard,no_restriction,no_preference,fastest,December,4,senior_traveller,74,73,78,64,46,17,18,44,27,44,60,62,train
T000832,Indore,friends,6,0,0,6,easy_going,29988,low,standard,no_restriction,no_preference,balanced,September,3,nightlife_traveller,85,45,67,70,51,64,84,85,30,63,55,30,train
T000833,Indore,family,4,3,0,7,balanced,45089,high,standard,no_restriction,non_vegetarian,private_transport,January,1,balanced_traveller,51,57,54,70,51,64,48,66,69,70,74,60,train
T000834,Jaipur,couple,2,0,0,2,packed,68644,medium,standard,no_restriction,no_preference,balanced,December,7,culture_traveller,36,81,57,34,48,19,15,53,91,99,53,71,train
T000835,Pune,family,3,3,1,7,balanced,42026,low,budget,wheelchair_friendly_preference,no_preference,balanced,November,3,adventure_traveller,83,40,85,61,40,89,57,15,47,66,65,16,validation
T000836,Nagpur,family,4,3,0,7,balanced,117441,high,premium,no_restriction,no_preference,fastest,November,3,family_traveller,87,85,76,51,65,73,35,76,70,59,54,61,validation
T000837,Pune,friends,6,0,0,6,packed,63605,medium,premium,no_restriction,non_vegetarian,lowest_cost,March,3,food_traveller,85,83,61,65,54,17,74,74,34,63,11,44,validation
T000838,Kolkata,couple,2,0,0,2,packed,25222,medium,budget,no_restriction,vegetarian,lowest_cost,January,5,beach_traveller,72,31,2,8,19,4,94,56,39,53,11,70,test
T000839,Pune,friends,6,0,0,6,balanced,59538,low,standard,no_restriction,no_preference,public_transport,December,6,adventure_traveller,48,37,80,80,74,72,56,25,58,80,61,34,train
T000840,Kochi,family,4,1,0,5,balanced,64394,medium,premium,no_restriction,non_vegetarian,balanced,January,4,culture_traveller,64,80,42,67,63,16,29,58,92,83,72,67,test
T000841,Delhi,family,3,1,1,5,packed,56517,medium,standard,no_restriction,no_preference,lowest_cost,November,3,nightlife_traveller,83,53,45,37,64,62,86,76,22,40,45,20,train
T000842,Mumbai,couple,2,0,0,2,easy_going,8135,low,standard,no_restriction,non_vegetarian,balanced,October,1,wellness_traveller,93,75,88,70,67,7,15,85,53,65,61,61,validation
T000843,Nagpur,family,5,2,0,7,easy_going,124271,medium,luxury,no_restriction,vegan,private_transport,July,3,adventure_traveller,31,58,89,89,65,90,24,40,60,92,42,0,train
T000844,Chennai,friends,4,0,0,4,packed,45690,low,premium,no_restriction,vegetarian,fastest,November,4,family_traveller,90,76,87,63,56,62,55,65,83,40,18,52,test
T000845,Indore,family,3,3,0,6,easy_going,46953,high,budget,reduced_walking,no_preference,balanced,November,1,adventure_traveller,36,54,73,86,65,79,48,27,55,93,78,33,train
T000846,Nagpur,friends,3,0,0,3,easy_going,30563,high,budget,no_restriction,no_preference,fastest,December,2,nightlife_traveller,72,46,56,63,59,46,80,94,27,55,44,10,train
T000847,Delhi,couple,2,0,0,2,balanced,24215,medium,premium,no_restriction,vegetarian,balanced,November,2,food_traveller,93,81,70,47,48,21,62,80,60,64,1,52,test
T000848,Nagpur,friends,7,0,0,7,packed,57255,high,standard,no_restriction,non_vegetarian,lowest_cost,November,2,food_traveller,88,90,55,47,29,30,81,96,54,43,30,55,test
T000849,Chennai,family,3,1,0,4,balanced,47303,low,luxury,no_restriction,non_vegetarian,balanced,November,3,family_traveller,85,81,95,65,52,52,66,59,43,67,72,71,train
T000850,Nagpur,couple,2,0,0,2,easy_going,178631,high,premium,no_restriction,non_vegetarian,public_transport,March,8,adventure_traveller,44,58,85,90,77,78,59,22,64,86,74,0,train
T000851,Pune,couple,2,0,0,2,balanced,17709,high,standard,no_restriction,no_preference,public_transport,January,1,family_traveller,80,86,79,69,68,37,40,81,68,41,38,59,train
T000852,Indore,seniors,2,0,2,4,easy_going,28800,low,budget,no_restriction,vegetarian,fastest,December,3,beach_traveller,57,18,86,96,52,33,54,60,22,80,74,21,train
T000853,Indore,seniors,1,0,1,2,balanced,13000,medium,standard,no_restriction,no_preference,balanced,December,1,senior_traveller,75,80,89,59,54,24,37,62,60,64,55,59,validation
T000854,Ahmedabad,friends,4,0,0,4,balanced,29563,medium,budget,no_restriction,no_preference,fastest,May,3,food_traveller,89,74,47,63,68,0,60,64,50,70,59,54,train
T000855,Nagpur,friends,4,0,0,4,easy_going,63745,medium,budget,no_restriction,vegetarian,lowest_cost,April,7,family_traveller,87,80,67,69,62,40,52,47,65,52,56,54,train
T000856,Indore,couple,2,0,0,2,easy_going,23557,low,standard,no_restriction,no_preference,public_transport,July,3,culture_traveller,71,79,67,69,44,7,42,56,76,73,55,94,train
T000857,Ahmedabad,seniors,1,0,4,5,packed,55595,low,standard,no_restriction,no_preference,lowest_cost,January,5,senior_traveller,89,85,75,59,44,31,31,54,76,75,58,63,train
T000858,Jaipur,seniors,0,0,4,4,balanced,154514,medium,premium,reduced_walking,no_preference,lowest_cost,May,9,senior_traveller,62,75,88,48,47,46,24,68,62,58,72,79,validation
T000859,Chennai,friends,8,0,0,8,packed,78167,high,premium,no_restriction,non_vegetarian,balanced,February,2,senior_traveller,74,74,73,90,55,26,5,68,35,45,48,59,train
T000860,Mumbai,friends,7,0,0,7,balanced,184583,low,luxury,no_restriction,vegetarian,balanced,December,9,balanced_traveller,50,68,60,61,53,53,75,68,51,44,49,68,test
T000861,Kolkata,solo,1,0,0,1,balanced,37463,medium,premium,no_restriction,no_preference,private_transport,November,3,beach_traveller,78,26,78,78,53,50,73,72,0,82,57,9,train
T000862,Delhi,friends,4,0,0,4,balanced,26888,low,standard,no_restriction,non_vegetarian,fastest,October,4,senior_traveller,71,86,94,56,38,47,26,59,42,57,65,63,train
T000863,Indore,solo,1,0,0,1,balanced,11001,low,budget,no_restriction,no_preference,private_transport,October,3,family_traveller,79,100,86,43,38,61,52,72,60,33,44,48,train
T000864,Indore,friends,7,0,0,7,packed,31598,low,standard,no_restriction,no_preference,fastest,November,2,food_traveller,75,84,66,51,50,24,47,69,61,55,18,63,train
T000865,Indore,couple,2,0,0,2,balanced,23084,high,standard,no_restriction,no_preference,public_transport,January,1,food_traveller,79,89,58,60,30,7,45,79,58,58,23,48,validation
T000866,Kochi,family,3,1,0,4,balanced,45061,high,standard,no_restriction,no_preference,fastest,February,2,nightlife_traveller,69,60,63,80,56,40,81,79,13,61,42,21,train
T000867,Mumbai,friends,3,0,0,3,balanced,24624,low,premium,no_restriction,no_preference,fastest,December,2,balanced_traveller,53,53,58,70,68,57,70,61,67,44,77,59,train
T000868,Hyderabad,friends,8,0,0,8,packed,66777,high,budget,no_restriction,no_preference,balanced,December,1,beach_traveller,71,23,85,86,55,44,78,68,40,90,51,0,train
T000869,Nagpur,family,2,3,0,5,packed,43526,medium,premium,no_restriction,vegetarian,fastest,December,2,wellness_traveller,78,74,71,39,69,0,24,45,40,61,66,69,train
T000870,Kolkata,family,5,3,0,8,balanced,150974,medium,premium,no_restriction,vegetarian,fastest,February,5,food_traveller,75,86,68,65,71,20,45,81,48,64,15,55,test
T000871,Bengaluru,solo,1,0,0,1,balanced,10673,medium,standard,no_restriction,jain,public_transport,February,1,wellness_traveller,76,67,84,59,72,26,7,49,40,55,69,59,train
T000872,Delhi,friends,7,0,0,7,packed,48699,low,standard,no_restriction,no_preference,private_transport,November,4,senior_traveller,68,72,84,64,53,31,9,52,53,50,33,56,test
T000873,Kochi,solo,1,0,0,1,easy_going,32587,high,standard,no_restriction,non_vegetarian,lowest_cost,February,3,beach_traveller,50,18,84,75,50,62,50,68,7,74,79,0,test
T000874,Nagpur,family,4,3,0,7,balanced,331794,medium,luxury,no_restriction,vegetarian,public_transport,February,10,family_traveller,91,86,81,56,52,62,54,64,44,58,75,54,validation
T000875,Jaipur,friends,6,0,0,6,balanced,118029,medium,premium,no_restriction,non_vegetarian,balanced,May,5,nightlife_traveller,77,60,98,76,43,67,61,33,53,20,8,73,test
T000876,Bengaluru,family,5,4,0,9,packed,76181,high,budget,no_restriction,no_preference,balanced,February,2,food_traveller,86,69,53,67,55,16,79,73,71,69,17,56,train
T000877,Kolkata,friends,5,0,0,5,packed,37460,medium,standard,no_restriction,jain,balanced,May,3,adventure_traveller,72,50,87,93,49,81,77,22,61,78,65,19,train
T000878,Chennai,couple,2,0,0,2,packed,21766,medium,luxury,no_restriction,no_preference,balanced,October,1,food_traveller,73,97,56,58,48,22,77,84,69,57,6,48,test
T000879,Mumbai,family,5,1,0,6,balanced,49029,medium,budget,no_restriction,no_preference,fastest,December,3,family_traveller,83,76,76,54,60,56,55,57,56,47,70,51,train
T000880,Hyderabad,couple,2,0,0,2,easy_going,29438,high,standard,no_restriction,no_preference,fastest,April,2,beach_traveller,67,20,84,80,57,56,61,77,4,91,52,36,train
T000881,Chennai,couple,2,0,0,2,balanced,23052,low,standard,no_restriction,vegan,balanced,December,3,balanced_traveller,39,58,55,27,50,62,44,63,62,44,56,66,validation
T000882,Pune,family,2,4,0,6,balanced,63878,medium,premium,no_restriction,non_vegetarian,lowest_cost,November,4,adventure_traveller,53,63,85,78,69,77,71,37,69,80,87,21,train
T000883,Kolkata,friends,7,0,0,7,easy_going,67175,medium,standard,no_restriction,no_preference,fastest,October,4,culture_traveller,55,88,54,49,53,35,19,79,77,83,51,98,train
T000884,Hyderabad,family,4,2,0,6,easy_going,75194,high,budget,no_restriction,vegetarian,balanced,December,3,family_traveller,66,85,94,45,82,56,33,38,66,58,74,42,train
T000885,Chennai,couple,2,0,0,2,balanced,20789,low,standard,no_restriction,non_vegetarian,private_transport,November,4,wellness_traveller,90,45,78,49,76,1,12,64,56,63,51,67,test
T000886,Chennai,solo,1,0,0,1,balanced,27508,low,standard,no_restriction,non_vegetarian,lowest_cost,July,5,culture_traveller,61,99,60,49,49,20,0,51,78,83,80,82,train
T000887,Bengaluru,friends,3,0,0,3,balanced,204651,medium,luxury,no_restriction,no_preference,balanced,November,8,culture_traveller,64,93,52,75,37,4,18,52,76,83,50,79,train
T000888,Nagpur,family,3,4,0,7,easy_going,92431,high,premium,no_restriction,vegetarian,balanced,November,2,wellness_traveller,46,2,78,73,5,49,96,28,90,15,0,53,validation
T000889,Nagpur,couple,2,0,0,2,balanced,51760,high,premium,no_restriction,vegetarian,public_transport,December,2,culture_traveller,40,73,55,52,67,20,9,68,87,70,60,76,train
T000890,Kolkata,couple,2,0,0,2,balanced,26540,low,standard,no_restriction,vegetarian,balanced,March,6,senior_traveller,15,99,42,46,95,36,23,7,52,19,6,81,train
T000891,Pune,family,3,1,0,4,packed,42642,medium,budget,no_restriction,no_preference,private_transport,February,4,family_traveller,73,76,92,62,67,57,53,66,60,54,40,68,train
T000892,Ahmedabad,couple,2,0,0,2,easy_going,51262,medium,budget,no_restriction,vegetarian,balanced,April,8,beach_traveller,55,25,91,79,64,60,49,72,29,78,70,9,validation
T000893,Delhi,friends,5,0,0,5,balanced,51184,low,standard,no_restriction,no_preference,fastest,April,4,senior_traveller,82,70,74,37,61,2,26,53,51,63,64,70,train
T000894,Bengaluru,family,2,3,0,5,packed,31445,medium,budget,no_restriction,no_preference,lowest_cost,December,1,family_traveller,91,67,77,62,90,89,5,18,39,34,52,26,validation
T000895,Pune,solo,1,0,0,1,easy_going,17946,medium,standard,no_restriction,no_preference,public_transport,November,3,food_traveller,9,94,80,36,68,91,22,1,82,72,16,48,train
T000896,Chennai,couple,2,0,0,2,balanced,28955,high,budget,no_restriction,vegan,private_transport,February,3,family_traveller,83,68,88,57,61,65,47,72,55,75,46,74,train
T000897,Indore,couple,2,0,0,2,balanced,28044,medium,standard,no_restriction,no_preference,balanced,December,4,balanced_traveller,21,60,65,48,48,56,71,58,74,70,54,38,train
T000898,Kochi,seniors,0,0,4,4,easy_going,26714,medium,standard,no_restriction,non_vegetarian,public_transport,February,2,culture_traveller,69,91,39,65,53,19,15,72,81,78,51,79,test
T000899,Mumbai,family,3,4,0,7,easy_going,140417,medium,luxury,no_restriction,no_preference,balanced,February,5,family_traveller,80,75,77,67,51,40,70,45,57,62,57,27,train
T000900,Nagpur,couple,2,0,0,2,balanced,70138,high,premium,no_restriction,no_preference,lowest_cost,December,3,family_traveller,69,91,83,70,63,85,53,57,65,53,66,21,train
T000901,Mumbai,friends,8,0,0,8,balanced,313783,high,premium,no_restriction,vegetarian,private_transport,January,8,culture_traveller,50,80,53,63,58,9,17,38,80,82,78,92,train
T000902,Mumbai,family,2,1,0,3,balanced,62540,high,premium,no_restriction,vegetarian,public_transport,August,2,nightlife_traveller,82,62,53,79,48,89,91,88,6,67,64,0,train
T000903,Kolkata,couple,2,0,0,2,easy_going,22849,high,budget,no_restriction,non_vegetarian,lowest_cost,February,2,nightlife_traveller,87,65,48,63,54,73,80,58,31,51,53,24,train
T000904,Mumbai,friends,4,0,0,4,balanced,313165,high,luxury,no_restriction,no_preference,balanced,March,9,senior_traveller,82,84,87,59,35,34,21,65,52,35,29,45,validation
T000905,Nagpur,friends,5,0,0,5,packed,77367,high,premium,no_restriction,no_preference,balanced,May,3,culture_traveller,49,73,53,47,71,11,21,68,92,83,61,73,train
T000906,Kochi,solo,1,0,0,1,balanced,153378,high,luxury,no_restriction,no_preference,lowest_cost,September,5,beach_traveller,41,6,71,77,62,48,68,55,16,82,73,2,train
T000907,Jaipur,solo,1,0,0,1,balanced,43596,medium,luxury,no_restriction,no_preference,private_transport,January,2,family_traveller,88,74,64,48,67,56,50,57,57,64,37,55,train
T000908,Hyderabad,couple,2,0,0,2,easy_going,40937,medium,premium,no_restriction,no_preference,lowest_cost,January,3,adventure_traveller,64,55,86,91,47,89,41,21,54,82,45,25,train
T000909,Jaipur,couple,2,0,0,2,balanced,27879,high,standard,no_restriction,no_preference,fastest,November,2,adventure_traveller,48,62,93,87,79,86,63,28,74,91,43,30,test
T000910,Nagpur,solo,1,0,0,1,balanced,13778,medium,standard,no_restriction,non_vegetarian,lowest_cost,March,2,balanced_traveller,68,32,42,83,41,14,75,2,27,53,43,62,train
T000911,Kochi,family,5,2,0,7,easy_going,74891,medium,budget,no_restriction,no_preference,public_transport,January,4,family_traveller,81,87,79,54,45,77,42,59,62,56,41,45,train
T000912,Kochi,solo,1,0,0,1,balanced,13763,high,budget,no_restriction,no_preference,fastest,November,2,beach_traveller,53,5,87,79,39,50,58,51,25,86,85,34,train
T000913,Delhi,seniors,2,0,2,4,easy_going,71836,medium,premium,wheelchair_friendly_preference,no_preference,balanced,September,4,adventure_traveller,73,76,81,75,49,78,55,37,68,89,59,5,train
T000914,Mumbai,solo,1,0,0,1,packed,18096,medium,premium,no_restriction,no_preference,balanced,December,2,senior_traveller,84,71,73,60,63,5,25,38,64,46,57,55,train
T000915,Kochi,solo,1,0,0,1,balanced,69454,low,luxury,no_restriction,jain,private_transport,November,4,beach_traveller,58,5,99,96,63,72,53,65,14,71,88,1,train
T000916,Indore,friends,5,0,0,5,packed,60713,medium,premium,no_restriction,no_preference,fastest,March,4,adventure_traveller,49,44,88,80,64,71,75,31,56,85,65,2,train
T000917,Mumbai,friends,5,0,0,5,easy_going,50688,medium,budget,no_restriction,vegetarian,lowest_cost,October,5,beach_traveller,67,32,100,85,58,48,51,32,30,71,67,19,test
T000918,Indore,couple,2,0,0,2,balanced,68905,high,budget,no_restriction,no_preference,balanced,December,7,nightlife_traveller,85,52,65,70,53,44,70,89,5,61,66,13,train
T000919,Pune,friends,7,0,0,7,easy_going,80211,medium,standard,no_restriction,non_vegetarian,lowest_cost,November,4,family_traveller,81,92,93,45,59,50,53,64,52,59,68,75,train
T000920,Nagpur,friends,4,0,0,4,balanced,55674,medium,standard,no_restriction,non_vegetarian,balanced,May,4,beach_traveller,69,19,68,82,75,47,57,58,32,78,46,27,train
T000921,Ahmedabad,friends,7,0,0,7,balanced,97090,medium,premium,no_restriction,non_vegetarian,fastest,October,4,wellness_traveller,92,42,72,64,78,26,32,62,49,72,65,57,test
T000922,Indore,solo,1,0,0,1,packed,24990,low,premium,no_restriction,no_preference,balanced,December,4,nightlife_traveller,90,46,61,84,49,56,86,77,42,51,40,13,train
T000923,Delhi,friends,7,0,0,7,balanced,67627,high,standard,no_restriction,non_vegetarian,fastest,January,1,culture_traveller,52,85,52,62,62,50,15,55,76,73,51,87,train
T000924,Kolkata,family,5,1,0,6,balanced,69350,medium,standard,no_restriction,no_preference,lowest_cost,April,3,adventure_traveller,32,69,97,19,91,45,66,86,55,6,26,80,train
T000925,Jaipur,solo,1,0,0,1,balanced,14790,medium,standard,no_restriction,no_preference,lowest_cost,December,3,food_traveller,78,90,55,55,60,6,57,89,60,68,36,64,test
T000926,Hyderabad,couple,2,0,0,2,packed,8360,low,budget,no_restriction,no_preference,fastest,January,1,nightlife_traveller,87,63,62,42,60,69,79,89,27,66,57,31,validation
T000927,Jaipur,friends,6,0,0,6,balanced,54279,medium,standard,no_restriction,non_vegetarian,balanced,November,2,wellness_traveller,74,55,77,62,82,28,43,61,50,62,80,64,train
T000928,Mumbai,solo,1,0,0,1,packed,5305,medium,budget,no_restriction,non_vegetarian,balanced,December,1,wellness_traveller,85,68,86,56,65,26,8,55,61,72,79,45,test
T000929,Kolkata,couple,2,0,0,2,packed,52496,medium,standard,no_restriction,no_preference,balanced,September,7,wellness_traveller,82,83,74,49,87,32,25,78,60,33,58,50,train
T000930,Ahmedabad,family,2,2,0,4,balanced,40535,medium,standard,no_restriction,non_vegetarian,fastest,June,4,adventure_traveller,65,49,69,82,50,72,57,29,57,73,62,33,train
T000931,Ahmedabad,friends,5,0,0,5,balanced,84473,medium,premium,no_restriction,vegetarian,public_transport,January,6,culture_traveller,36,83,59,34,61,34,17,57,86,85,36,74,train
T000932,Chennai,couple,2,0,0,2,balanced,23707,low,standard,no_restriction,vegetarian,balanced,October,3,family_traveller,61,3,11,39,96,54,31,41,56,61,26,19,test
T000933,Chennai,couple,2,0,0,2,packed,14370,medium,budget,no_restriction,jain,balanced,November,1,wellness_traveller,71,71,82,56,84,9,21,42,73,44,62,44,train
T000934,Mumbai,solo,1,0,0,1,packed,29235,low,standard,no_restriction,no_preference,balanced,December,8,adventure_traveller,67,46,80,83,48,85,64,27,55,90,53,15,train
T000935,Bengaluru,seniors,1,0,4,5,packed,88790,high,premium,no_restriction,no_preference,fastest,November,4,adventure_traveller,61,66,95,86,68,82,65,19,56,82,52,26,train
T000936,Jaipur,seniors,0,0,1,1,easy_going,31731,medium,budget,no_restriction,vegan,balanced,January,9,senior_traveller,81,71,89,41,39,35,43,48,69,66,55,73,train
T000937,Bengaluru,couple,2,0,0,2,packed,25355,medium,budget,no_restriction,no_preference,private_transport,November,3,family_traveller,64,68,22,48,52,59,90,54,6,34,62,33,train
T000938,Hyderabad,friends,7,0,0,7,packed,71064,high,budget,no_restriction,non_vegetarian,lowest_cost,November,3,family_traveller,77,78,78,50,59,52,74,89,50,60,69,53,train
T000939,Ahmedabad,solo,1,0,0,1,easy_going,113881,medium,premium,no_restriction,non_vegetarian,public_transport,December,10,food_traveller,96,80,68,59,80,29,57,80,56,48,2,60,train
T000940,Indore,couple,2,0,0,2,easy_going,21149,low,budget,no_restriction,vegetarian,lowest_cost,December,5,wellness_traveller,75,30,76,32,74,8,20,32,71,34,55,53,train
T000941,Delhi,couple,2,0,0,2,easy_going,69992,high,luxury,no_restriction,non_vegetarian,lowest_cost,February,2,adventure_traveller,81,54,79,78,61,65,55,31,50,83,82,24,train
T000942,Kochi,family,5,2,0,7,balanced,89200,medium,standard,no_restriction,vegetarian,lowest_cost,November,4,family_traveller,88,87,83,60,73,70,60,82,49,42,56,52,validation
T000943,Nagpur,friends,4,0,0,4,easy_going,64683,high,premium,no_restriction,no_preference,fastest,November,2,wellness_traveller,76,41,75,58,87,19,15,42,48,38,65,66,train
T000944,Hyderabad,couple,2,0,0,2,packed,13898,low,standard,no_restriction,vegetarian,fastest,December,2,wellness_traveller,81,50,87,69,76,0,0,60,75,41,53,52,train
T000945,Nagpur,family,4,3,0,7,easy_going,83652,medium,standard,no_restriction,vegetarian,balanced,December,4,balanced_traveller,71,60,61,67,67,53,68,52,59,59,46,48,train
T000946,Kolkata,solo,1,0,0,1,packed,11324,medium,budget,no_restriction,no_preference,fastest,November,2,adventure_traveller,9,28,24,90,89,57,73,99,41,52,65,92,validation
T000947,Ahmedabad,solo,1,0,0,1,easy_going,39935,low,luxury,no_restriction,no_preference,fastest,October,3,senior_traveller,97,77,95,59,68,25,15,65,62,35,55,67,train
T000948,Hyderabad,friends,3,0,0,3,easy_going,39848,low,premium,no_restriction,vegetarian,lowest_cost,February,3,wellness_traveller,91,60,79,44,83,0,23,60,54,55,41,73,train
T000949,Ahmedabad,solo,1,0,0,1,easy_going,16832,medium,budget,wheelchair_friendly_preference,vegetarian,balanced,January,3,beach_traveller,57,25,83,86,51,43,67,75,5,83,51,31,train
T000950,Delhi,solo,1,0,0,1,packed,17919,medium,standard,no_restriction,non_vegetarian,private_transport,December,3,beach_traveller,67,33,76,90,37,57,55,58,21,81,52,18,train
T000951,Indore,family,4,1,0,5,balanced,103164,high,premium,no_restriction,non_vegetarian,private_transport,December,4,senior_traveller,84,80,79,70,59,8,7,75,48,60,73,63,train
T000952,Jaipur,solo,1,0,0,1,balanced,44827,medium,premium,no_restriction,non_vegetarian,balanced,October,4,family_traveller,73,83,71,72,58,48,44,49,38,62,47,61,train
T000953,Jaipur,friends,7,0,0,7,balanced,270168,medium,premium,no_restriction,no_preference,lowest_cost,May,14,adventure_traveller,76,54,75,77,75,73,47,57,68,76,44,0,validation
T000954,Indore,friends,3,0,0,3,packed,41563,medium,premium,no_restriction,no_preference,public_transport,December,3,adventure_traveller,53,52,76,74,73,74,53,19,65,75,68,12,train
T000955,Ahmedabad,family,2,2,0,4,balanced,24895,low,budget,no_restriction,jain,private_transport,January,2,culture_traveller,63,73,65,56,68,7,13,52,70,90,37,90,train
T000956,Ahmedabad,friends,3,0,0,3,balanced,18019,low,budget,no_restriction,no_preference,lowest_cost,April,2,beach_traveller,97,25,53,23,60,84,65,4,59,66,20,76,train
T000957,Pune,family,2,3,0,5,balanced,64255,high,standard,no_restriction,vegetarian,balanced,January,3,wellness_traveller,79,55,74,66,90,33,15,43,47,60,37,73,train
T000958,Mumbai,couple,2,0,0,2,balanced,17754,high,budget,no_restriction,vegetarian,fastest,January,1,food_traveller,81,85,62,90,77,0,55,78,72,53,26,28,train
T000959,Chennai,friends,6,0,0,6,balanced,172380,high,luxury,no_restriction,non_vegetarian,lowest_cost,December,3,culture_traveller,37,44,86,33,31,88,25,64,32,95,18,72,train
T000960,Chennai,couple,2,0,0,2,packed,18837,medium,budget,no_restriction,no_preference,balanced,February,2,food_traveller,76,89,50,37,66,12,69,81,53,73,3,74,train
T000961,Indore,couple,2,0,0,2,packed,12705,low,budget,no_restriction,no_preference,fastest,December,3,family_traveller,80,83,86,58,38,35,75,25,59,54,58,43,validation
T000962,Bengaluru,couple,2,0,0,2,easy_going,24546,medium,standard,no_restriction,no_preference,lowest_cost,December,2,wellness_traveller,83,93,40,85,67,59,81,47,54,27,71,15,train
T000963,Pune,friends,8,0,0,8,balanced,83799,low,standard,no_restriction,no_preference,balanced,November,5,wellness_traveller,79,40,81,55,83,26,26,47,52,68,50,52,train
T000964,Bengaluru,couple,2,0,0,2,easy_going,17850,medium,budget,no_restriction,no_preference,lowest_cost,October,3,adventure_traveller,61,69,81,64,70,85,56,0,53,74,42,18,train
T000965,Hyderabad,family,5,4,0,9,balanced,38261,low,standard,no_restriction,no_preference,lowest_cost,December,2,adventure_traveller,52,56,83,88,40,77,76,20,75,100,51,4,train
T000966,Mumbai,solo,1,0,0,1,packed,25628,high,standard,no_restriction,no_preference,lowest_cost,March,3,balanced_traveller,48,60,61,56,79,75,48,76,78,55,57,56,validation
T000967,Indore,solo,1,0,0,1,easy_going,49863,medium,premium,no_restriction,no_preference,fastest,December,5,nightlife_traveller,83,56,24,47,26,53,57,77,46,78,6,92,train
T000968,Kolkata,family,5,1,0,6,packed,89937,high,budget,no_restriction,non_vegetarian,lowest_cost,December,3,family_traveller,91,81,78,77,53,71,60,78,46,46,67,43,train
T000969,Hyderabad,solo,1,0,0,1,easy_going,8851,medium,budget,no_restriction,non_vegetarian,lowest_cost,December,2,nightlife_traveller,94,60,73,75,49,60,78,70,24,44,62,0,train
T000970,Indore,solo,1,0,0,1,packed,79600,high,premium,no_restriction,no_preference,lowest_cost,June,4,wellness_traveller,78,71,74,48,80,33,4,67,56,51,70,47,train
T000971,Nagpur,family,5,4,0,9,packed,51545,low,standard,no_restriction,no_preference,fastest,October,3,culture_traveller,60,83,57,43,33,6,30,39,74,85,44,77,train
T000972,Mumbai,family,3,3,0,6,balanced,42268,low,standard,no_restriction,vegetarian,private_transport,November,5,beach_traveller,70,25,68,75,54,55,61,47,46,81,56,11,test
T000973,Nagpur,seniors,1,0,3,4,easy_going,15107,low,premium,no_restriction,vegetarian,lowest_cost,January,1,senior_traveller,16,0,39,55,16,63,95,99,83,44,54,50,train
T000974,Kolkata,family,3,3,1,7,balanced,39174,low,standard,no_restriction,vegetarian,balanced,February,3,family_traveller,76,87,84,72,65,48,91,63,50,59,64,64,train
T000975,Hyderabad,family,5,2,1,8,packed,123036,low,luxury,no_restriction,no_preference,balanced,September,4,beach_traveller,56,17,85,68,56,57,57,40,25,90,61,17,validation
T000976,Hyderabad,solo,1,0,0,1,balanced,27959,medium,premium,no_restriction,non_vegetarian,lowest_cost,September,3,food_traveller,83,80,73,33,41,0,71,81,68,55,33,55,train
T000977,Pune,friends,4,0,0,4,balanced,108206,medium,premium,no_restriction,vegetarian,balanced,February,8,family_traveller,86,79,86,58,73,42,35,61,67,60,65,63,train
T000978,Bengaluru,couple,2,0,0,2,packed,31226,medium,premium,no_restriction,non_vegetarian,fastest,March,2,food_traveller,80,87,70,55,40,38,66,86,48,68,46,55,train
T000979,Delhi,couple,2,0,0,2,packed,84369,medium,premium,no_restriction,no_preference,private_transport,November,8,food_traveller,68,83,53,59,37,28,53,83,34,42,14,73,validation
T000980,Chennai,solo,1,0,0,1,packed,10982,low,budget,no_restriction,non_vegetarian,lowest_cost,January,3,culture_traveller,44,88,74,48,62,40,22,66,67,86,63,71,train
T000981,Ahmedabad,friends,8,0,0,8,packed,24551,low,standard,no_restriction,no_preference,lowest_cost,October,1,adventure_traveller,61,58,86,67,59,95,59,21,49,85,54,37,train
T000982,Hyderabad,family,5,2,0,7,easy_going,110109,high,standard,no_restriction,non_vegetarian,balanced,March,3,family_traveller,91,94,96,83,53,46,79,45,44,44,55,33,train
T000983,Mumbai,seniors,0,0,1,1,balanced,83058,low,premium,wheelchair_friendly_preference,vegan,balanced,October,10,balanced_traveller,57,40,60,59,59,58,49,64,48,44,65,68,train
T000984,Jaipur,couple,2,0,0,2,easy_going,21603,low,premium,no_restriction,non_vegetarian,fastest,November,3,food_traveller,75,74,53,77,50,25,69,88,69,74,24,51,train
T000985,Kolkata,solo,1,0,0,1,easy_going,16635,high,standard,no_restriction,no_preference,lowest_cost,December,1,culture_traveller,45,75,60,58,60,13,38,39,77,73,54,91,train
T000986,Kolkata,family,3,1,0,4,packed,26945,high,budget,no_restriction,vegetarian,lowest_cost,December,1,adventure_traveller,55,52,85,85,42,90,34,17,70,86,52,45,train
T000987,Pune,solo,1,0,0,1,packed,12758,low,premium,no_restriction,non_vegetarian,public_transport,January,2,family_traveller,75,97,74,35,57,71,66,70,66,47,66,58,train
T000988,Jaipur,family,3,2,0,5,balanced,68930,high,standard,no_restriction,no_preference,balanced,October,3,food_traveller,82,77,76,49,29,0,37,86,83,32,9,58,train
T000989,Ahmedabad,friends,5,0,0,5,balanced,58158,medium,premium,no_restriction,vegan,balanced,January,3,nightlife_traveller,88,50,59,42,69,64,82,83,1,40,55,26,train
T000990,Hyderabad,solo,1,0,0,1,balanced,13582,low,standard,no_restriction,non_vegetarian,fastest,February,4,adventure_traveller,46,61,91,95,27,100,62,31,36,80,66,4,train
T000991,Kolkata,family,3,1,1,5,packed,27514,low,standard,no_restriction,no_preference,private_transport,March,2,senior_traveller,73,67,80,68,62,23,19,60,45,66,67,52,train
T000992,Pune,couple,2,0,0,2,easy_going,35720,medium,budget,no_restriction,vegetarian,public_transport,December,5,beach_traveller,50,15,72,66,55,48,69,30,23,98,54,19,validation
T000993,Hyderabad,couple,2,0,0,2,easy_going,13754,medium,budget,no_restriction,vegetarian,balanced,January,2,beach_traveller,53,15,80,100,41,69,63,75,28,82,69,22,validation
T000994,Mumbai,couple,2,0,0,2,easy_going,30160,low,premium,no_restriction,jain,lowest_cost,October,3,food_traveller,4,71,26,38,53,32,47,86,24,79,26,18,train
T000995,Bengaluru,solo,1,0,0,1,easy_going,16504,high,budget,no_restriction,no_preference,lowest_cost,April,2,adventure_traveller,64,52,84,69,56,70,63,5,58,84,57,11,train
T000996,Kochi,seniors,2,0,4,6,balanced,96275,high,premium,no_restriction,non_vegetarian,public_transport,January,3,food_traveller,91,73,53,56,56,24,52,74,68,43,9,43,train
T000997,Delhi,couple,2,0,0,2,easy_going,22038,low,premium,no_restriction,no_preference,balanced,May,2,family_traveller,91,64,84,60,47,51,71,80,69,79,48,38,validation
T000998,Mumbai,solo,1,0,0,1,balanced,26434,low,premium,no_restriction,vegetarian,fastest,November,4,senior_traveller,75,87,81,54,78,24,15,49,42,56,60,34,test
T000999,Hyderabad,family,3,4,1,8,easy_going,44729,low,luxury,no_restriction,vegetarian,private_transport,October,2,adventure_traveller,60,60,76,88,63,76,43,11,39,83,71,38,validation
T001000,Chennai,family,4,3,0,7,balanced,35888,low,budget,no_restriction,no_preference,lowest_cost,December,3,family_traveller,88,78,71,43,74,58,36,67,35,47,57,87,train
T001001,Indore,friends,5,0,0,5,easy_going,23104,low,budget,no_restriction,jain,public_transport,April,3,beach_traveller,42,21,72,71,70,55,56,62,32,78,52,14,train
T001002,Kolkata,couple,2,0,0,2,easy_going,55144,high,standard,no_restriction,vegetarian,public_transport,December,4,balanced_traveller,34,68,57,35,71,52,54,38,62,63,56,51,train
T001003,Mumbai,solo,1,0,0,1,packed,28207,high,budget,no_restriction,non_vegetarian,public_transport,January,4,culture_traveller,67,85,45,66,36,15,5,46,97,70,47,86,train
T001004,Kochi,family,4,4,1,9,easy_going,453170,high,premium,no_restriction,vegetarian,balanced,January,14,nightlife_traveller,84,32,47,51,54,71,100,62,23,57,54,27,validation
T001005,Mumbai,solo,1,0,0,1,packed,31920,medium,premium,no_restriction,no_preference,balanced,November,3,culture_traveller,34,76,48,49,44,20,38,58,72,73,52,70,train
T001006,Hyderabad,couple,2,0,0,2,balanced,11244,medium,budget,no_restriction,no_preference,fastest,January,1,nightlife_traveller,87,74,48,67,43,65,95,85,41,49,55,8,train
T001007,Kolkata,couple,2,0,0,2,packed,18471,medium,premium,no_restriction,no_preference,public_transport,November,1,balanced_traveller,55,49,83,41,71,55,49,64,51,47,78,30,test
T001008,Pune,solo,1,0,0,1,balanced,27928,medium,standard,no_restriction,no_preference,lowest_cost,December,4,senior_traveller,72,74,88,32,69,33,15,40,63,51,38,79,train
T001009,Delhi,family,2,3,1,6,easy_going,61890,high,standard,no_restriction,non_vegetarian,fastest,April,2,food_traveller,87,93,48,85,48,10,63,85,57,66,23,81,train
T001010,Bengaluru,family,4,3,0,7,balanced,64568,high,budget,no_restriction,no_preference,public_transport,February,1,family_traveller,83,88,78,61,72,66,56,59,66,65,66,61,train
T001011,Delhi,family,5,1,0,6,easy_going,120807,medium,luxury,no_restriction,non_vegetarian,fastest,March,4,family_traveller,74,79,72,38,42,58,48,51,61,38,57,67,test
T001012,Ahmedabad,friends,8,0,0,8,packed,77752,medium,premium,no_restriction,non_vegetarian,private_transport,July,3,beach_traveller,68,0,85,78,34,45,56,58,29,88,38,24,train
T001013,Jaipur,family,3,1,0,4,easy_going,116372,high,standard,no_restriction,no_preference,private_transport,February,7,family_traveller,43,7,56,52,13,24,2,59,29,71,62,37,train
T001014,Mumbai,family,2,3,0,5,balanced,131800,high,standard,no_restriction,no_preference,public_transport,February,6,culture_traveller,47,66,67,55,52,16,27,51,66,71,40,84,test
T001015,Ahmedabad,solo,1,0,0,1,easy_going,23935,medium,standard,no_restriction,no_preference,private_transport,March,3,wellness_traveller,75,64,94,52,76,0,23,71,72,73,61,58,train
T001016,Kochi,couple,2,0,0,2,packed,35609,medium,premium,no_restriction,no_preference,public_transport,February,2,nightlife_traveller,0,87,29,44,23,87,38,17,60,20,26,67,train
T001017,Mumbai,couple,2,0,0,2,balanced,22720,low,budget,no_restriction,non_vegetarian,lowest_cost,January,6,balanced_traveller,65,51,62,65,58,48,68,67,63,46,41,57,train
T001018,Mumbai,solo,1,0,0,1,easy_going,148974,medium,luxury,no_restriction,non_vegetarian,private_transport,September,8,beach_traveller,74,5,78,79,56,64,58,64,14,84,57,1,validation
T001019,Pune,family,4,4,0,8,packed,35175,low,standard,no_restriction,vegetarian,lowest_cost,March,1,food_traveller,83,97,42,55,51,33,71,83,57,36,38,52,train
T001020,Kochi,family,5,3,0,8,packed,69784,medium,luxury,no_restriction,vegan,lowest_cost,June,2,beach_traveller,30,28,78,86,55,46,56,51,24,74,43,29,train
T001021,Nagpur,seniors,0,0,4,4,balanced,44292,medium,premium,no_restriction,no_preference,fastest,February,3,senior_traveller,86,82,79,73,55,13,34,52,50,43,47,48,train
T001022,Ahmedabad,couple,2,0,0,2,balanced,74371,high,premium,no_restriction,vegetarian,balanced,March,3,wellness_traveller,74,47,80,41,83,16,23,41,65,77,74,79,validation
T001023,Jaipur,family,4,2,0,6,easy_going,19327,low,premium,no_restriction,non_vegetarian,fastest,January,1,family_traveller,80,74,92,50,52,69,72,74,37,62,60,56,train
T001024,Pune,family,2,1,0,3,balanced,97279,medium,standard,no_restriction,non_vegetarian,fastest,January,11,family_traveller,79,99,90,44,55,89,80,68,34,72,49,72,validation
T001025,Indore,seniors,2,0,1,3,easy_going,18782,medium,budget,no_restriction,no_preference,fastest,December,1,balanced_traveller,44,60,56,62,61,66,52,48,58,56,60,48,train
T001026,Pune,couple,2,0,0,2,balanced,73215,high,luxury,no_restriction,no_preference,fastest,November,2,family_traveller,88,75,75,66,74,44,72,33,61,55,54,57,train
T001027,Jaipur,couple,2,0,0,2,packed,50895,high,premium,no_restriction,no_preference,public_transport,November,2,adventure_traveller,57,66,92,77,57,73,55,40,69,83,24,11,train
T001028,Ahmedabad,family,5,3,0,8,balanced,100534,high,standard,no_restriction,no_preference,fastest,October,3,adventure_traveller,56,69,80,76,60,78,33,12,91,67,59,16,train
T001029,Indore,friends,4,0,0,4,packed,106397,high,standard,no_restriction,no_preference,lowest_cost,May,6,adventure_traveller,60,90,5,19,67,80,8,36,23,96,68,47,train
T001030,Indore,couple,2,0,0,2,balanced,27430,high,standard,no_restriction,non_vegetarian,public_transport,July,2,family_traveller,81,87,74,63,86,59,57,55,62,37,77,68,train
T001031,Kochi,couple,2,0,0,2,balanced,38599,medium,premium,no_restriction,no_preference,lowest_cost,November,3,beach_traveller,67,12,81,87,35,46,61,76,14,94,47,0,train
T001032,Jaipur,family,5,4,0,9,easy_going,67629,medium,premium,no_restriction,no_preference,public_transport,March,3,adventure_traveller,55,53,62,94,39,75,41,36,62,78,50,22,train
T001033,Nagpur,seniors,2,0,2,4,balanced,28019,high,budget,no_restriction,vegetarian,public_transport,December,1,food_traveller,100,82,61,57,61,34,70,67,67,62,20,77,train
T001034,Jaipur,couple,2,0,0,2,balanced,80901,high,premium,no_restriction,non_vegetarian,balanced,January,4,adventure_traveller,52,44,95,76,70,69,61,25,67,93,47,26,test
T001035,Pune,solo,1,0,0,1,easy_going,16711,high,premium,no_restriction,vegetarian,balanced,March,1,beach_traveller,54,15,81,78,43,67,63,79,24,78,49,20,train
T001036,Kochi,solo,1,0,0,1,easy_going,62770,high,premium,no_restriction,no_preference,private_transport,February,3,culture_traveller,64,99,74,60,39,98,87,82,23,12,17,25,validation
T001037,Chennai,family,5,1,0,6,packed,114251,medium,luxury,no_restriction,non_vegetarian,fastest,February,4,beach_traveller,34,36,78,81,52,59,48,69,34,74,65,15,train
T001038,Jaipur,couple,2,0,0,2,packed,15480,medium,standard,no_restriction,no_preference,fastest,November,1,beach_traveller,73,27,70,79,59,65,49,42,19,86,59,8,train
T001039,Chennai,couple,2,0,0,2,packed,47322,medium,standard,no_restriction,non_vegetarian,balanced,February,5,food_traveller,80,100,50,42,52,13,72,71,50,59,36,65,train
T001040,Nagpur,family,3,1,0,4,easy_going,80451,medium,premium,no_restriction,vegan,balanced,December,4,family_traveller,84,75,78,60,51,39,60,67,69,63,66,68,train
T001041,Jaipur,solo,1,0,0,1,packed,10386,low,premium,no_restriction,vegetarian,private_transport,December,1,wellness_traveller,74,60,77,69,82,10,28,61,51,65,64,71,train
T001042,Chennai,family,4,3,0,7,balanced,82471,medium,premium,no_restriction,no_preference,balanced,November,4,culture_traveller,58,77,46,76,62,30,25,68,74,82,63,92,validation
T001043,Bengaluru,seniors,1,0,3,4,balanced,68053,low,budget,no_restriction,non_vegetarian,lowest_cost,April,12,senior_traveller,64,78,85,56,59,28,22,64,46,42,62,65,train
T001044,Indore,couple,2,0,0,2,easy_going,29741,high,standard,no_restriction,no_preference,fastest,May,2,nightlife_traveller,84,68,57,68,51,32,87,82,13,52,61,9,train
T001045,Delhi,couple,2,0,0,2,packed,61310,medium,premium,no_restriction,vegetarian,balanced,November,5,food_traveller,79,90,48,47,72,11,38,73,67,66,10,49,train
T001046,Jaipur,family,3,1,0,4,balanced,33522,low,standard,no_restriction,no_preference,balanced,November,3,wellness_traveller,82,58,90,45,80,4,22,54,69,56,51,54,train
T001047,Hyderabad,friends,8,0,0,8,packed,117855,medium,standard,no_restriction,no_preference,balanced,June,5,culture_traveller,48,85,71,85,51,8,26,79,94,73,55,88,train
T001048,Indore,solo,1,0,0,1,balanced,28001,medium,budget,no_restriction,no_preference,fastest,November,7,wellness_traveller,81,60,60,70,90,37,7,68,69,49,69,62,train
T001049,Indore,couple,2,0,0,2,balanced,34815,high,premium,no_restriction,no_preference,lowest_cost,July,1,culture_traveller,59,80,64,60,49,15,41,36,87,91,63,97,train
T001050,Bengaluru,family,2,1,0,3,balanced,19855,low,premium,no_restriction,no_preference,private_transport,November,1,nightlife_traveller,92,62,55,52,63,55,86,86,17,70,54,20,test
T001051,Mumbai,family,3,2,0,5,packed,131426,high,premium,no_restriction,no_preference,private_transport,December,4,family_traveller,87,80,66,66,70,74,83,66,63,70,46,36,train
T001052,Kochi,couple,2,0,0,2,balanced,33602,low,standard,no_restriction,non_vegetarian,fastest,October,5,wellness_traveller,84,36,81,76,75,19,2,42,46,42,49,77,train
T001053,Ahmedabad,couple,2,0,0,2,easy_going,23423,medium,standard,no_restriction,vegan,public_transport,February,2,beach_traveller,3,79,67,79,75,38,93,87,34,77,81,48,train
T001054,Kochi,couple,2,0,0,2,balanced,40219,low,luxury,no_restriction,vegetarian,private_transport,March,2,adventure_traveller,40,49,73,85,52,82,53,0,67,67,48,2,train
T001055,Bengaluru,friends,6,0,0,6,balanced,37513,medium,standard,no_restriction,vegan,fastest,February,2,culture_traveller,57,87,55,43,55,10,27,69,90,81,70,73,train
T001056,Delhi,friends,4,0,0,4,packed,35115,high,standard,no_restriction,vegetarian,private_transport,November,1,senior_traveller,58,90,78,76,51,15,13,59,52,62,51,66,validation
T001057,Ahmedabad,couple,2,0,0,2,balanced,19646,medium,budget,no_restriction,no_preference,lowest_cost,January,3,culture_traveller,34,89,83,47,61,14,30,42,80,90,56,68,train
T001058,Hyderabad,solo,1,0,0,1,packed,13153,medium,standard,no_restriction,non_vegetarian,lowest_cost,November,2,nightlife_traveller,83,50,34,70,50,58,75,76,6,68,71,20,train
T001059,Pune,friends,5,0,0,5,easy_going,27520,low,premium,no_restriction,vegetarian,fastest,January,2,food_traveller,90,75,59,64,49,34,37,75,36,48,17,66,train
T001060,Chennai,couple,2,0,0,2,easy_going,37348,medium,premium,no_restriction,no_preference,lowest_cost,September,2,beach_traveller,75,21,67,89,79,54,46,67,45,88,37,29,train
T001061,Nagpur,couple,2,0,0,2,easy_going,28356,low,standard,no_restriction,vegetarian,lowest_cost,November,6,family_traveller,81,91,75,57,65,59,35,90,59,40,60,62,train
T001062,Mumbai,couple,2,0,0,2,balanced,14616,medium,standard,no_restriction,vegetarian,lowest_cost,November,1,nightlife_traveller,87,49,66,49,54,57,83,74,29,53,63,19,train
T001063,Mumbai,family,3,3,0,6,balanced,206228,medium,premium,no_restriction,non_vegetarian,balanced,January,11,beach_traveller,63,29,80,76,64,75,70,75,22,74,46,37,train
T001064,Indore,couple,2,0,0,2,packed,102294,medium,luxury,no_restriction,non_vegetarian,private_transport,January,4,wellness_traveller,77,41,80,62,74,17,38,39,80,48,59,72,test
T001065,Jaipur,family,4,4,0,8,packed,71207,low,luxury,no_restriction,no_preference,balanced,December,2,family_traveller,94,75,89,15,47,34,71,67,44,60,71,73,train
T001066,Hyderabad,family,4,4,0,8,packed,26959,low,standard,no_restriction,vegetarian,balanced,October,1,family_traveller,69,70,76,53,61,64,86,48,53,48,69,70,train
T001067,Delhi,seniors,2,0,1,3,easy_going,31478,high,budget,no_restriction,vegan,fastest,October,2,senior_traveller,82,78,81,43,54,16,9,36,41,19,53,61,train
T001068,Bengaluru,friends,3,0,0,3,balanced,75804,medium,standard,no_restriction,non_vegetarian,private_transport,April,8,culture_traveller,85,90,36,52,86,7,20,71,87,88,65,82,train
T001069,Delhi,family,4,1,1,6,easy_going,60147,medium,standard,reduced_walking,vegetarian,lowest_cost,March,3,balanced_traveller,45,68,26,48,53,67,83,54,62,89,57,62,train
T001070,Pune,solo,1,0,0,1,balanced,52383,medium,luxury,no_restriction,jain,balanced,February,2,balanced_traveller,89,58,70,65,83,54,43,79,67,62,75,63,train
T001071,Bengaluru,family,3,2,1,6,balanced,38174,medium,budget,no_restriction,no_preference,balanced,February,3,family_traveller,79,68,81,45,58,48,32,84,54,74,50,77,test
T001072,Indore,friends,4,0,0,4,balanced,52969,medium,budget,no_restriction,vegetarian,fastest,March,5,food_traveller,97,78,34,43,44,8,46,81,59,59,10,68,train
T001073,Delhi,solo,1,0,0,1,balanced,13154,low,budget,no_restriction,vegetarian,lowest_cost,July,4,adventure_traveller,48,59,90,88,53,76,54,7,31,69,73,44,train
T001074,Indore,family,4,1,0,5,easy_going,31519,low,standard,no_restriction,no_preference,lowest_cost,January,4,food_traveller,80,78,83,50,44,41,67,90,59,40,21,38,validation
T001075,Jaipur,couple,2,0,0,2,balanced,41506,high,luxury,no_restriction,no_preference,balanced,December,1,adventure_traveller,59,63,75,73,63,88,82,28,42,98,69,0,train
T001076,Jaipur,friends,3,0,0,3,balanced,89700,medium,premium,no_restriction,non_vegetarian,fastest,March,5,nightlife_traveller,79,59,42,68,58,60,78,87,36,52,66,30,train
T001077,Nagpur,family,4,1,0,5,packed,98645,medium,standard,no_restriction,vegetarian,fastest,January,6,culture_traveller,62,82,47,52,65,14,25,57,73,94,64,84,validation
T001078,Kochi,solo,1,0,0,1,balanced,10002,low,premium,no_restriction,no_preference,balanced,December,1,adventure_traveller,71,75,85,69,58,84,53,37,55,98,66,23,train
T001079,Kolkata,friends,3,0,0,3,balanced,75869,high,standard,no_restriction,vegan,fastest,August,4,beach_traveller,50,7,71,87,70,49,44,75,1,90,50,25,train
T001080,Indore,couple,2,0,0,2,easy_going,8199,low,standard,no_restriction,non_vegetarian,balanced,February,1,adventure_traveller,66,43,82,85,50,83,40,25,74,72,41,35,validation
T001081,Mumbai,family,4,1,0,5,balanced,50223,high,standard,no_restriction,vegetarian,lowest_cost,October,1,family_traveller,93,87,88,74,77,46,40,67,53,54,43,64,validation
T001082,Kochi,solo,1,0,0,1,balanced,11508,medium,standard,no_restriction,no_preference,balanced,April,1,wellness_traveller,82,57,69,46,90,13,34,66,67,60,51,55,train
T001083,Kochi,friends,3,0,0,3,balanced,55764,high,standard,no_restriction,non_vegetarian,public_transport,December,3,balanced_traveller,65,60,48,65,42,55,41,55,44,66,62,50,test
T001084,Mumbai,friends,6,0,0,6,easy_going,102893,medium,standard,no_restriction,non_vegetarian,private_transport,January,7,balanced_traveller,53,33,62,63,48,54,46,63,57,43,56,48,test
T001085,Hyderabad,couple,2,0,0,2,balanced,57137,medium,standard,no_restriction,vegetarian,balanced,November,9,nightlife_traveller,83,54,47,63,44,52,79,71,28,54,72,16,train
T001086,Mumbai,family,4,1,0,5,packed,33045,medium,budget,no_restriction,no_preference,fastest,November,3,wellness_traveller,75,68,84,49,80,26,11,60,74,68,57,59,train
T001087,Jaipur,solo,1,0,0,1,balanced,5961,medium,budget,no_restriction,no_preference,private_transport,November,1,food_traveller,78,80,65,46,67,21,61,77,47,33,39,68,train
T001088,Pune,couple,2,0,0,2,easy_going,23102,low,budget,no_restriction,no_preference,lowest_cost,November,5,adventure_traveller,81,65,80,96,38,65,46,30,59,72,48,3,train
T001089,Kolkata,family,2,3,0,5,packed,75144,medium,premium,no_restriction,no_preference,fastest,February,3,balanced_traveller,68,51,52,40,35,54,66,50,74,54,54,53,train
T001090,Jaipur,family,3,2,0,5,packed,71537,high,standard,no_restriction,no_preference,balanced,January,3,nightlife_traveller,87,53,62,85,45,75,78,92,28,64,55,16,validation
T001091,Chennai,solo,1,0,0,1,packed,18501,medium,budget,no_restriction,non_vegetarian,fastest,January,4,wellness_traveller,96,52,69,67,85,30,16,44,54,63,56,61,validation
T001092,Pune,solo,1,0,0,1,packed,89798,high,standard,no_restriction,no_preference,balanced,November,8,food_traveller,75,77,68,65,51,27,60,81,70,49,20,44,train
T001093,Hyderabad,couple,2,0,0,2,balanced,34393,high,standard,no_restriction,non_vegetarian,private_transport,September,3,nightlife_traveller,86,68,55,52,76,23,82,85,44,37,51,2,validation
T001094,Chennai,solo,1,0,0,1,balanced,29274,medium,premium,no_restriction,no_preference,balanced,December,3,beach_traveller,64,33,89,72,54,60,62,58,38,71,54,0,train
T001095,Delhi,friends,3,0,0,3,easy_going,40447,high,premium,no_restriction,vegetarian,lowest_cost,October,2,wellness_traveller,82,78,80,47,84,20,18,41,55,50,54,65,train
T001096,Ahmedabad,couple,2,0,0,2,easy_going,22491,medium,standard,no_restriction,vegan,fastest,January,2,senior_traveller,91,77,87,36,52,8,23,44,81,37,70,67,train
T001097,Kochi,solo,1,0,0,1,balanced,48062,low,premium,no_restriction,no_preference,private_transport,September,6,senior_traveller,84,77,76,62,76,25,30,47,52,64,40,59,train
T001098,Indore,solo,1,0,0,1,packed,32623,high,standard,no_restriction,vegetarian,balanced,January,4,adventure_traveller,60,69,100,75,64,86,53,6,60,98,60,9,train
T001099,Chennai,couple,2,0,0,2,balanced,34212,high,standard,no_restriction,non_vegetarian,lowest_cost,January,3,adventure_traveller,68,68,79,77,58,80,35,44,65,78,34,17,test
T001100,Kochi,couple,2,0,0,2,easy_going,53795,medium,luxury,no_restriction,vegetarian,fastest,November,2,balanced_traveller,40,68,55,68,74,46,52,72,59,63,69,67,train
T001101,Indore,friends,3,0,0,3,balanced,14429,medium,standard,no_restriction,no_preference,balanced,December,1,balanced_traveller,52,20,63,64,63,62,54,52,43,48,60,61,validation
T001102,Nagpur,couple,2,0,0,2,balanced,23991,low,standard,no_restriction,vegetarian,fastest,November,3,beach_traveller,82,23,83,81,62,63,46,54,21,86,64,22,train
T001103,Kolkata,friends,3,0,0,3,balanced,22373,medium,premium,no_restriction,no_preference,lowest_cost,March,1,balanced_traveller,70,63,50,55,76,53,57,64,59,52,48,56,train
T001104,Jaipur,family,3,1,1,5,easy_going,41203,medium,premium,no_restriction,no_preference,balanced,August,2,family_traveller,2,60,87,30,40,20,14,88,57,70,88,58,train
T001105,Bengaluru,couple,2,0,0,2,balanced,41545,low,premium,no_restriction,no_preference,private_transport,July,4,culture_traveller,76,91,53,53,74,42,7,44,79,85,50,85,train
T001106,Kolkata,couple,2,0,0,2,balanced,30451,low,standard,no_restriction,no_preference,lowest_cost,October,5,family_traveller,80,85,66,60,46,52,38,52,60,62,42,61,validation
T001107,Nagpur,seniors,2,0,4,6,packed,23288,low,budget,no_restriction,no_preference,fastest,October,2,senior_traveller,84,74,71,68,53,42,6,38,51,91,67,63,train
T001108,Ahmedabad,couple,2,0,0,2,balanced,14472,medium,budget,no_restriction,vegetarian,private_transport,January,1,beach_traveller,38,13,86,70,73,62,61,57,5,76,61,11,train
T001109,Bengaluru,solo,1,0,0,1,easy_going,50380,low,premium,no_restriction,no_preference,balanced,January,6,family_traveller,86,83,89,49,62,71,65,71,59,77,54,82,train
T001110,Chennai,friends,7,0,0,7,packed,60913,high,luxury,no_restriction,non_vegetarian,fastest,June,1,family_traveller,55,24,49,98,9,59,16,51,52,45,63,97,train
T001111,Delhi,family,2,1,0,3,balanced,79805,high,premium,no_restriction,vegetarian,private_transport,February,3,wellness_traveller,74,66,72,47,91,4,16,85,69,48,50,54,train
T001112,Hyderabad,solo,1,0,0,1,packed,9036,medium,standard,no_restriction,non_vegetarian,fastest,October,1,adventure_traveller,76,61,73,94,50,83,51,28,51,78,55,13,train
T001113,Hyderabad,seniors,0,0,3,3,balanced,35847,low,standard,no_restriction,no_preference,lowest_cost,November,6,senior_traveller,85,73,87,76,67,2,13,58,50,87,51,56,train
T001114,Jaipur,family,2,3,0,5,easy_going,34452,medium,standard,no_restriction,no_preference,private_transport,November,2,senior_traveller,61,37,30,94,86,18,5,86,16,92,27,41,train
T001115,Jaipur,family,3,2,0,5,balanced,107112,high,budget,no_restriction,no_preference,private_transport,September,5,food_traveller,88,94,48,64,64,25,51,78,49,49,9,55,test
T001116,Ahmedabad,friends,5,0,0,5,easy_going,62471,medium,standard,no_restriction,non_vegetarian,balanced,January,6,food_traveller,72,72,51,74,49,0,61,73,66,51,16,71,train
T001117,Ahmedabad,couple,2,0,0,2,packed,12115,medium,standard,no_restriction,no_preference,public_transport,May,1,senior_traveller,69,67,32,11,10,96,67,37,83,10,12,19,validation
T001118,Jaipur,solo,1,0,0,1,easy_going,35774,medium,standard,no_restriction,vegetarian,lowest_cost,June,5,nightlife_traveller,80,62,82,60,30,62,74,66,42,74,46,8,train
T001119,Kolkata,couple,2,0,0,2,balanced,31123,medium,premium,no_restriction,vegetarian,public_transport,December,2,culture_traveller,77,71,67,55,43,49,51,54,85,78,53,72,test
T001120,Kolkata,family,4,2,0,6,easy_going,28703,low,premium,no_restriction,no_preference,balanced,June,2,food_traveller,7,15,65,41,34,90,90,53,45,27,45,41,train
T001121,Kochi,family,5,2,1,8,packed,29761,low,budget,no_restriction,no_preference,lowest_cost,January,1,family_traveller,88,69,80,60,48,37,41,74,42,57,55,55,train
T001122,Delhi,family,2,2,0,4,balanced,33159,low,premium,no_restriction,no_preference,balanced,December,3,balanced_traveller,62,68,71,83,49,46,66,68,47,62,89,58,train
T001123,Kolkata,couple,2,0,0,2,balanced,9101,medium,budget,no_restriction,no_preference,private_transport,October,1,balanced_traveller,44,75,43,60,52,58,67,66,65,63,41,70,test
T001124,Kochi,solo,1,0,0,1,easy_going,25195,medium,premium,no_restriction,no_preference,balanced,April,3,senior_traveller,71,92,82,58,66,3,12,59,35,37,47,43,train
T001125,Jaipur,couple,2,0,0,2,easy_going,10384,low,budget,no_restriction,no_preference,fastest,January,2,nightlife_traveller,94,57,49,51,55,43,77,72,24,61,35,11,train
T001126,Kolkata,friends,3,0,0,3,balanced,52944,low,luxury,no_restriction,no_preference,balanced,November,4,wellness_traveller,37,42,17,37,33,49,69,47,7,5,88,69,test
T001127,Pune,couple,2,0,0,2,easy_going,26637,high,standard,no_restriction,no_preference,balanced,December,2,wellness_traveller,71,57,90,62,77,10,10,80,57,59,31,42,train
T001128,Pune,family,3,4,0,7,balanced,75239,medium,premium,no_restriction,no_preference,public_transport,March,4,balanced_traveller,63,57,65,30,49,67,46,44,55,56,50,79,train
T001129,Pune,family,3,1,0,4,packed,60413,medium,standard,no_restriction,vegetarian,private_transport,February,4,senior_traveller,72,67,83,62,58,19,0,52,54,50,33,64,train
T001130,Bengaluru,family,4,3,1,8,packed,257955,high,premium,no_restriction,no_preference,fastest,May,7,senior_traveller,82,95,100,55,61,27,45,45,88,53,42,53,train
T001131,Indore,couple,2,0,0,2,balanced,18553,high,budget,no_restriction,non_vegetarian,fastest,December,2,adventure_traveller,96,83,40,89,15,4,13,88,16,6,18,41,train
T001132,Kolkata,friends,6,0,0,6,packed,38710,medium,budget,no_restriction,no_preference,public_transport,February,1,beach_traveller,36,30,82,90,59,57,61,45,40,78,52,36,train
T001133,Jaipur,couple,2,0,0,2,packed,93687,high,premium,no_restriction,no_preference,private_transport,February,6,family_traveller,72,92,78,71,42,61,57,90,71,70,81,60,train
T001134,Kochi,couple,2,0,0,2,balanced,52504,medium,luxury,no_restriction,vegetarian,fastest,November,3,adventure_traveller,53,32,80,89,59,74,48,16,51,71,56,2,validation
T001135,Kochi,couple,2,0,0,2,balanced,11201,low,budget,no_restriction,no_preference,private_transport,December,2,culture_traveller,37,95,63,59,62,22,25,52,90,77,46,68,train
T001136,Kolkata,solo,1,0,0,1,easy_going,55087,high,standard,no_restriction,no_preference,balanced,November,6,balanced_traveller,43,56,66,56,50,30,49,63,40,72,49,59,train
T001137,Mumbai,couple,2,0,0,2,balanced,18361,low,standard,no_restriction,non_vegetarian,private_transport,December,2,wellness_traveller,71,66,83,51,87,24,28,44,68,56,70,68,validation
T001138,Pune,solo,1,0,0,1,packed,10971,high,standard,no_restriction,no_preference,private_transport,January,1,senior_traveller,84,72,99,40,45,6,22,69,63,74,47,64,validation
T001139,Hyderabad,friends,5,0,0,5,packed,50698,high,standard,no_restriction,jain,fastest,December,1,family_traveller,34,48,62,83,24,65,15,79,93,4,7,78,train
T001140,Chennai,seniors,0,0,3,3,easy_going,37870,medium,standard,no_restriction,no_preference,private_transport,December,4,food_traveller,92,90,63,58,60,38,36,87,48,66,12,65,train
T001141,Jaipur,seniors,2,0,1,3,packed,28227,high,budget,no_restriction,vegetarian,public_transport,February,2,senior_traveller,60,14,1,96,63,1,49,15,80,2,37,23,test
T001142,Ahmedabad,couple,2,0,0,2,easy_going,14357,medium,budget,no_restriction,non_vegetarian,fastest,November,2,balanced_traveller,65,48,53,48,70,46,40,39,65,66,71,41,train
T001143,Delhi,couple,2,0,0,2,packed,72472,medium,premium,no_restriction,vegetarian,lowest_cost,September,6,food_traveller,78,79,53,56,62,13,70,86,54,49,34,55,train
T001144,Hyderabad,family,4,3,0,7,easy_going,92807,high,standard,no_restriction,non_vegetarian,balanced,December,2,family_traveller,92,88,88,46,51,38,41,46,56,42,56,55,validation
T001145,Kochi,couple,2,0,0,2,balanced,20623,medium,standard,no_restriction,non_vegetarian,fastest,December,2,food_traveller,65,93,99,85,83,51,45,64,2,79,65,17,train
T001146,Kochi,friends,4,0,0,4,balanced,78897,high,budget,no_restriction,no_preference,balanced,December,4,beach_traveller,56,37,80,77,46,56,73,40,19,68,52,23,validation
T001147,Kolkata,friends,5,0,0,5,balanced,32628,medium,premium,no_restriction,non_vegetarian,lowest_cost,January,1,beach_traveller,58,22,85,92,52,40,37,64,22,79,49,22,train
T001148,Ahmedabad,couple,2,0,0,2,easy_going,46873,medium,premium,no_restriction,vegetarian,lowest_cost,March,3,beach_traveller,60,37,96,79,62,72,46,54,11,85,34,38,train
T001149,Kolkata,family,2,1,0,3,easy_going,65131,medium,luxury,no_restriction,jain,private_transport,March,2,family_traveller,80,78,79,57,53,65,50,75,50,68,68,58,validation
T001150,Delhi,couple,2,0,0,2,packed,45345,high,premium,no_restriction,vegetarian,balanced,January,3,balanced_traveller,69,66,66,64,66,34,43,41,72,47,49,57,test
T001151,Kolkata,solo,1,0,0,1,packed,25617,high,premium,no_restriction,vegetarian,balanced,February,1,wellness_traveller,85,82,88,52,84,25,35,72,55,42,34,43,train
T001152,Indore,seniors,2,0,1,3,balanced,75374,medium,premium,no_restriction,vegetarian,public_transport,February,6,senior_traveller,76,86,76,57,43,34,20,65,42,59,63,32,train
T001153,Indore,solo,1,0,0,1,easy_going,68465,medium,premium,no_restriction,no_preference,lowest_cost,November,9,wellness_traveller,87,49,81,54,86,19,38,68,47,73,60,59,validation
T001154,Pune,friends,4,0,0,4,balanced,118953,high,standard,no_restriction,non_vegetarian,balanced,November,7,culture_traveller,73,82,66,67,69,15,11,33,74,82,48,72,train
T001155,Indore,friends,7,0,0,7,balanced,117900,high,premium,no_restriction,vegetarian,balanced,December,3,food_traveller,80,100,46,41,45,23,62,76,57,80,20,60,train
T001156,Chennai,family,5,3,0,8,easy_going,73728,medium,standard,no_restriction,non_vegetarian,balanced,December,3,food_traveller,93,72,43,59,63,30,63,77,58,53,22,57,train
T001157,Ahmedabad,family,2,4,0,6,packed,27861,medium,budget,no_restriction,no_preference,balanced,January,1,family_traveller,98,83,86,46,54,56,64,56,61,60,53,52,train
T001158,Kolkata,family,5,2,0,7,packed,88468,low,luxury,no_restriction,vegetarian,public_transport,October,3,beach_traveller,55,22,91,79,69,56,72,54,11,73,56,9,train
T001159,Mumbai,seniors,2,0,2,4,balanced,48641,high,premium,no_restriction,no_preference,lowest_cost,November,2,senior_traveller,72,81,93,65,56,39,24,66,61,63,64,72,validation
T001160,Jaipur,friends,5,0,0,5,balanced,22552,medium,budget,no_restriction,vegetarian,fastest,February,1,family_traveller,72,79,82,66,70,50,68,36,67,40,62,70,train
T001161,Kolkata,friends,6,0,0,6,balanced,63525,medium,premium,no_restriction,non_vegetarian,lowest_cost,December,2,adventure_traveller,60,54,85,81,57,67,63,35,69,89,56,21,train
T001162,Kolkata,couple,2,0,0,2,easy_going,14618,medium,budget,no_restriction,non_vegetarian,lowest_cost,December,2,nightlife_traveller,70,51,53,57,39,45,78,90,23,69,55,20,validation
T001163,Jaipur,solo,1,0,0,1,balanced,11525,low,standard,no_restriction,vegetarian,lowest_cost,November,3,nightlife_traveller,74,51,43,65,47,57,100,82,18,55,65,27,test
T001164,Bengaluru,couple,2,0,0,2,packed,18673,low,standard,no_restriction,no_preference,fastest,January,4,balanced_traveller,35,75,86,73,96,69,74,42,30,46,76,65,train
T001165,Bengaluru,family,4,1,0,5,easy_going,56125,high,premium,no_restriction,non_vegetarian,balanced,January,2,family_traveller,73,80,74,42,69,63,63,72,62,44,65,43,test
T001166,Kolkata,family,2,3,0,5,packed,57696,low,luxury,no_restriction,no_preference,balanced,December,3,food_traveller,20,91,21,67,78,81,1,0,98,52,6,2,validation
T001167,Mumbai,solo,1,0,0,1,balanced,11521,medium,standard,no_restriction,vegetarian,balanced,January,1,adventure_traveller,85,50,72,83,61,88,50,9,38,71,52,18,test
T001168,Hyderabad,friends,8,0,0,8,easy_going,34516,low,premium,no_restriction,non_vegetarian,balanced,July,1,balanced_traveller,56,68,47,46,83,43,51,34,46,45,48,60,train
T001169,Kolkata,family,2,1,1,4,packed,42206,low,budget,no_restriction,no_preference,public_transport,November,9,wellness_traveller,91,70,69,49,82,40,0,49,38,40,68,50,train
T001170,Pune,seniors,1,0,3,4,packed,24018,medium,standard,no_restriction,no_preference,fastest,December,2,beach_traveller,64,26,82,81,73,60,50,58,46,86,52,19,train
T001171,Mumbai,solo,1,0,0,1,easy_going,49948,medium,standard,no_restriction,vegetarian,balanced,January,7,food_traveller,48,90,8,86,66,16,28,19,78,72,30,5,test
T001172,Hyderabad,family,4,1,1,6,balanced,94324,high,budget,no_restriction,no_preference,lowest_cost,December,3,nightlife_traveller,84,57,57,47,69,46,67,73,38,72,32,30,train
T001173,Indore,friends,3,0,0,3,balanced,55044,high,standard,no_restriction,vegetarian,private_transport,December,3,food_traveller,92,71,65,42,74,27,68,76,83,80,25,71,test
T001174,Mumbai,family,2,3,0,5,balanced,23228,medium,budget,no_restriction,vegetarian,lowest_cost,November,1,family_traveller,74,12,58,13,6,53,87,35,91,1,46,14,train
T001175,Pune,friends,8,0,0,8,easy_going,207164,low,luxury,no_restriction,no_preference,private_transport,November,8,culture_traveller,70,77,63,76,34,23,35,52,93,87,78,86,train
T001176,Indore,family,4,3,0,7,easy_going,49036,medium,standard,no_restriction,non_vegetarian,private_transport,October,2,family_traveller,87,72,74,40,68,46,72,50,58,61,37,59,train
T001177,Nagpur,family,3,2,0,5,easy_going,36905,medium,standard,no_restriction,no_preference,balanced,June,3,wellness_traveller,52,95,10,97,98,56,33,0,1,38,78,94,test
T001178,Indore,seniors,2,0,4,6,packed,98111,medium,standard,no_restriction,no_preference,balanced,October,7,senior_traveller,83,73,93,44,67,25,48,63,39,69,77,35,train
T001179,Jaipur,family,4,3,0,7,easy_going,36321,low,premium,no_restriction,non_vegetarian,balanced,September,1,family_traveller,18,11,52,20,1,28,50,71,43,96,19,51,test
T001180,Indore,friends,6,0,0,6,easy_going,45409,low,budget,no_restriction,vegan,balanced,November,5,beach_traveller,55,20,80,83,53,51,44,68,4,83,78,34,train
T001181,Kolkata,friends,5,0,0,5,balanced,31135,low,standard,no_restriction,vegetarian,balanced,August,4,culture_traveller,52,87,52,51,54,3,0,70,86,74,62,88,train
T001182,Delhi,couple,2,0,0,2,packed,13531,low,budget,no_restriction,vegetarian,private_transport,January,2,family_traveller,80,90,91,56,52,51,36,58,57,47,34,59,train
T001183,Jaipur,friends,5,0,0,5,easy_going,59763,low,standard,no_restriction,non_vegetarian,fastest,November,9,balanced_traveller,51,59,81,42,76,54,56,71,81,62,70,45,train
T001184,Nagpur,friends,4,0,0,4,easy_going,51700,medium,budget,no_restriction,non_vegetarian,balanced,November,5,food_traveller,86,74,42,56,54,23,55,68,31,65,11,54,test
T001185,Jaipur,family,4,2,0,6,easy_going,24312,low,budget,no_restriction,vegetarian,private_transport,December,2,balanced_traveller,34,73,49,51,40,56,53,78,67,50,37,29,train
T001186,Indore,friends,4,0,0,4,balanced,20623,low,standard,no_restriction,vegan,fastest,February,2,senior_traveller,41,49,61,65,83,27,11,18,93,54,21,78,validation
T001187,Delhi,couple,2,0,0,2,easy_going,32600,medium,premium,no_restriction,no_preference,lowest_cost,February,2,balanced_traveller,57,44,76,57,40,75,73,46,53,51,34,60,validation
T001188,Ahmedabad,family,3,2,0,5,easy_going,64407,low,luxury,no_restriction,non_vegetarian,balanced,January,3,wellness_traveller,73,65,87,56,76,24,8,57,55,88,42,24,train
T001189,Kolkata,seniors,2,0,4,6,balanced,41183,medium,budget,no_restriction,no_preference,lowest_cost,February,2,senior_traveller,75,86,82,54,58,29,0,52,65,59,43,28,train
T001190,Mumbai,family,3,2,0,5,packed,26815,medium,budget,no_restriction,no_preference,lowest_cost,December,2,family_traveller,84,89,75,20,54,54,43,38,50,55,58,29,train
T001191,Mumbai,family,5,4,0,9,balanced,444639,high,luxury,no_restriction,no_preference,lowest_cost,December,11,family_traveller,76,92,84,47,52,69,22,60,63,48,58,63,validation
T001192,Jaipur,solo,1,0,0,1,balanced,26738,low,standard,no_restriction,non_vegetarian,private_transport,December,5,food_traveller,68,83,64,26,56,17,65,85,35,44,9,65,test
T001193,Kolkata,seniors,2,0,1,3,balanced,38264,low,premium,no_restriction,no_preference,lowest_cost,October,3,adventure_traveller,36,68,76,85,78,71,56,39,65,80,85,18,test
T001194,Kochi,solo,1,0,0,1,balanced,40671,high,luxury,no_restriction,non_vegetarian,lowest_cost,February,1,adventure_traveller,47,44,81,71,48,80,51,29,48,62,36,19,test
T001195,Pune,couple,2,0,0,2,balanced,12442,medium,budget,no_restriction,vegetarian,balanced,January,2,wellness_traveller,79,82,97,52,80,15,12,45,63,80,75,66,train
T001196,Chennai,couple,2,0,0,2,balanced,26419,medium,budget,no_restriction,no_preference,lowest_cost,January,5,family_traveller,96,86,89,57,58,73,48,47,51,57,37,65,train
T001197,Indore,seniors,1,0,4,5,easy_going,92411,low,luxury,reduced_walking,no_preference,lowest_cost,February,4,senior_traveller,92,81,82,58,68,42,20,77,58,73,59,51,test
T001198,Kochi,couple,2,0,0,2,balanced,109326,high,luxury,no_restriction,vegetarian,lowest_cost,October,3,wellness_traveller,86,49,84,35,95,14,31,59,61,43,47,48,train
T001199,Kochi,friends,4,0,0,4,packed,92732,medium,premium,no_restriction,no_preference,balanced,December,5,family_traveller,92,93,71,60,50,42,47,53,53,49,56,86,train
T001200,Kochi,solo,1,0,0,1,packed,10757,low,premium,no_restriction,no_preference,private_transport,January,1,family_traveller,72,83,85,38,57,66,68,52,62,69,67,67,train
T001201,Jaipur,family,4,3,0,7,balanced,125606,medium,budget,no_restriction,no_preference,fastest,April,8,culture_traveller,53,86,44,54,76,22,6,52,64,81,76,72,train
T001202,Hyderabad,family,4,1,0,5,easy_going,144884,high,budget,no_restriction,non_vegetarian,fastest,May,8,senior_traveller,74,87,75,61,54,20,26,60,56,60,59,54,train
T001203,Kolkata,family,4,1,0,5,easy_going,154158,medium,luxury,no_restriction,vegetarian,fastest,October,6,family_traveller,97,80,77,66,67,73,80,61,53,34,45,59,train
T001204,Jaipur,couple,2,0,0,2,balanced,35135,high,standard,no_restriction,vegetarian,public_transport,December,3,nightlife_traveller,94,46,74,54,59,47,71,79,36,48,76,12,train
T001205,Nagpur,couple,2,0,0,2,packed,49460,medium,premium,no_restriction,vegetarian,fastest,February,4,nightlife_traveller,79,69,81,60,55,56,78,79,15,67,55,37,validation
T001206,Ahmedabad,solo,1,0,0,1,balanced,25838,high,budget,no_restriction,vegetarian,public_transport,December,4,family_traveller,89,89,74,57,68,70,72,58,75,49,39,53,train
T001207,Jaipur,friends,6,0,0,6,balanced,52168,medium,premium,no_restriction,vegetarian,fastest,December,3,senior_traveller,85,86,89,58,44,26,28,54,53,86,41,62,train
T001208,Indore,family,3,4,0,7,balanced,50318,medium,premium,no_restriction,no_preference,balanced,February,2,balanced_traveller,62,48,51,51,45,37,61,56,53,66,62,53,train
T001209,Bengaluru,seniors,2,0,4,6,balanced,118261,medium,standard,no_restriction,vegan,balanced,March,7,nightlife_traveller,67,55,34,51,53,49,77,89,48,61,46,20,train
T001210,Bengaluru,solo,1,0,0,1,balanced,26692,high,premium,no_restriction,no_preference,fastest,December,2,culture_traveller,61,76,61,59,51,38,16,58,70,86,51,89,validation
T001211,Bengaluru,solo,1,0,0,1,easy_going,5000,low,standard,no_restriction,no_preference,private_transport,February,1,beach_traveller,79,24,77,85,60,54,53,68,42,65,71,20,train
T001212,Jaipur,family,5,4,0,9,balanced,69547,medium,budget,no_restriction,no_preference,lowest_cost,January,3,family_traveller,94,21,57,1,9,17,11,53,39,80,11,43,train
T001213,Hyderabad,solo,1,0,0,1,balanced,26942,high,standard,no_restriction,non_vegetarian,lowest_cost,October,2,culture_traveller,46,75,59,39,53,26,35,38,82,81,57,83,train
T001214,Nagpur,friends,4,0,0,4,packed,30955,low,budget,no_restriction,jain,fastest,January,6,beach_traveller,80,9,93,85,48,42,48,62,8,94,54,29,train
T001215,Nagpur,solo,1,0,0,1,easy_going,18080,medium,standard,no_restriction,no_preference,lowest_cost,December,2,balanced_traveller,39,47,42,57,56,71,55,44,75,21,57,59,train
T001216,Chennai,family,5,4,0,9,balanced,62615,medium,standard,no_restriction,non_vegetarian,fastest,October,2,family_traveller,84,97,74,65,41,65,36,42,41,60,61,86,train
T001217,Bengaluru,couple,2,0,0,2,balanced,25227,medium,standard,no_restriction,non_vegetarian,lowest_cost,November,2,adventure_traveller,44,89,81,80,65,88,70,2,63,79,45,20,validation
T001218,Jaipur,friends,7,0,0,7,easy_going,48514,low,budget,no_restriction,no_preference,private_transport,November,3,food_traveller,70,86,75,57,55,18,50,91,58,30,35,68,train
T001219,Jaipur,family,4,1,0,5,balanced,68477,medium,standard,no_restriction,non_vegetarian,public_transport,October,6,culture_traveller,64,89,68,56,54,12,23,37,82,100,38,83,train
T001220,Delhi,solo,1,0,0,1,balanced,26199,low,premium,no_restriction,no_preference,balanced,February,3,nightlife_traveller,77,50,37,66,66,53,81,82,23,40,62,4,test
T001221,Delhi,solo,1,0,0,1,balanced,39415,high,budget,no_restriction,no_preference,balanced,February,6,nightlife_traveller,69,60,66,46,60,54,87,88,0,69,60,13,train
T001222,Pune,couple,2,0,0,2,packed,19988,medium,budget,no_restriction,no_preference,public_transport,October,4,wellness_traveller,80,57,76,51,85,25,2,60,63,49,48,62,train
T001223,Mumbai,family,3,4,0,7,packed,54742,high,budget,no_restriction,vegetarian,fastest,March,1,nightlife_traveller,82,69,58,52,56,47,74,91,41,35,63,31,test
T001224,Hyderabad,seniors,0,0,3,3,packed,63941,high,budget,no_restriction,no_preference,lowest_cost,February,6,senior_traveller,43,62,20,44,68,63,62,60,98,71,90,95,train
T001225,Jaipur,seniors,0,0,3,3,packed,66699,high,premium,no_restriction,no_preference,balanced,December,2,beach_traveller,63,37,85,84,67,78,55,63,39,87,32,10,train
T001226,Hyderabad,couple,2,0,0,2,packed,46895,medium,standard,no_restriction,no_preference,balanced,March,6,wellness_traveller,88,62,80,79,80,32,17,34,53,55,55,49,validation
T001227,Kolkata,family,3,3,0,6,easy_going,155528,medium,luxury,no_restriction,no_preference,lowest_cost,October,4,family_traveller,79,76,75,43,46,69,78,79,65,51,48,66,train
T001228,Jaipur,solo,1,0,0,1,easy_going,25490,medium,standard,no_restriction,vegetarian,fastest,December,5,food_traveller,85,66,62,65,54,22,51,80,69,73,3,50,train
T001229,Ahmedabad,seniors,1,0,3,4,easy_going,31808,low,luxury,no_restriction,no_preference,fastest,December,1,senior_traveller,81,86,69,47,56,40,30,56,61,55,69,62,train
T001230,Nagpur,solo,1,0,0,1,balanced,25773,medium,standard,no_restriction,no_preference,fastest,March,5,senior_traveller,69,94,94,60,37,18,26,68,35,47,70,75,test
T001231,Chennai,friends,4,0,0,4,balanced,26311,high,standard,no_restriction,non_vegetarian,balanced,January,1,beach_traveller,28,43,69,69,97,35,5,86,73,6,8,47,train
T001232,Bengaluru,family,5,2,0,7,easy_going,107095,high,standard,no_restriction,no_preference,fastest,December,3,nightlife_traveller,71,66,32,53,68,64,78,76,16,41,55,18,validation
T001233,Chennai,couple,2,0,0,2,packed,94887,high,premium,no_restriction,vegan,fastest,September,5,food_traveller,90,84,50,70,62,2,18,71,64,67,0,64,validation
T001234,Indore,solo,1,0,0,1,balanced,69694,medium,premium,no_restriction,no_preference,lowest_cost,October,6,family_traveller,89,80,89,47,65,55,42,55,72,44,39,61,test
T001235,Jaipur,solo,1,0,0,1,balanced,22145,medium,standard,no_restriction,non_vegetarian,balanced,December,3,culture_traveller,58,79,51,55,50,20,36,44,88,83,61,81,validation
T001236,Bengaluru,friends,4,0,0,4,balanced,33977,medium,budget,no_restriction,jain,private_transport,October,3,culture_traveller,56,72,48,56,53,21,2,43,88,75,48,82,test
T001237,Kolkata,solo,1,0,0,1,balanced,21642,low,premium,no_restriction,vegetarian,lowest_cost,November,3,beach_traveller,55,36,80,91,61,63,39,37,33,90,86,0,train
T001238,Kochi,friends,3,0,0,3,balanced,50545,high,premium,no_restriction,vegetarian,lowest_cost,January,2,beach_traveller,63,6,82,73,56,44,52,48,9,81,27,0,validation
T001239,Kolkata,family,2,1,0,3,balanced,44862,medium,budget,no_restriction,no_preference,balanced,March,5,wellness_traveller,99,50,89,66,83,24,16,33,61,62,64,57,train
T001240,Kolkata,friends,7,0,0,7,balanced,49243,medium,budget,no_restriction,no_preference,balanced,November,3,senior_traveller,22,61,70,0,14,9,34,68,94,8,50,37,train
T001241,Kolkata,solo,1,0,0,1,packed,28713,low,luxury,no_restriction,vegetarian,fastest,April,2,food_traveller,91,74,54,71,51,2,52,93,29,58,11,54,train
T001242,Delhi,family,4,4,0,8,packed,77432,high,standard,no_restriction,non_vegetarian,balanced,October,2,family_traveller,76,92,79,70,58,43,59,42,64,54,67,74,validation
T001243,Delhi,family,5,3,0,8,easy_going,79597,high,budget,no_restriction,vegetarian,balanced,July,3,food_traveller,84,77,54,66,77,5,70,79,37,35,37,74,train
T001244,Delhi,couple,2,0,0,2,balanced,31859,medium,premium,no_restriction,vegan,public_transport,February,2,beach_traveller,28,32,90,77,60,62,62,77,25,79,62,14,test
T001245,Chennai,seniors,1,0,3,4,balanced,161435,medium,luxury,reduced_walking,no_preference,balanced,January,5,senior_traveller,98,85,100,49,78,20,15,64,55,55,62,35,validation
T001246,Hyderabad,family,2,1,0,3,packed,61292,low,premium,no_restriction,no_preference,lowest_cost,February,6,beach_traveller,69,14,76,86,53,67,54,43,38,91,45,25,validation
T001247,Chennai,couple,2,0,0,2,easy_going,18139,low,budget,no_restriction,non_vegetarian,lowest_cost,September,6,food_traveller,79,95,81,49,46,14,78,88,74,68,2,45,test
T001248,Jaipur,couple,2,0,0,2,packed,69126,high,luxury,no_restriction,vegetarian,fastest,January,2,food_traveller,87,90,57,52,40,35,62,84,56,51,5,60,train
T001249,Bengaluru,friends,7,0,0,7,easy_going,106004,high,budget,no_restriction,vegetarian,lowest_cost,September,4,food_traveller,78,83,56,55,54,19,61,83,70,50,23,86,train
T001250,Pune,couple,2,0,0,2,balanced,17938,medium,premium,no_restriction,non_vegetarian,private_transport,November,1,wellness_traveller,82,52,74,42,84,26,18,56,48,63,57,52,test
T001251,Mumbai,solo,1,0,0,1,easy_going,64412,low,premium,no_restriction,vegetarian,private_transport,October,8,adventure_traveller,8,31,66,61,55,74,42,44,51,6,58,75,train
T001252,Pune,family,4,1,1,6,easy_going,49068,medium,budget,wheelchair_friendly_preference,no_preference,fastest,November,2,food_traveller,84,79,44,57,55,30,57,66,61,75,20,68,train
T001253,Hyderabad,family,3,3,0,6,easy_going,30892,low,budget,no_restriction,no_preference,balanced,December,2,family_traveller,79,79,84,84,65,63,66,28,60,67,58,56,train
T001254,Jaipur,family,5,2,0,7,easy_going,32546,low,standard,no_restriction,vegan,private_transport,January,2,food_traveller,84,91,40,50,59,22,74,74,50,55,13,44,train
T001255,Mumbai,family,3,1,0,4,balanced,47416,low,premium,no_restriction,vegetarian,lowest_cost,October,3,food_traveller,75,77,4,61,24,63,72,22,26,61,58,88,train
T001256,Kochi,family,3,1,0,4,packed,20395,low,budget,no_restriction,no_preference,lowest_cost,January,2,wellness_traveller,74,75,92,84,85,28,17,52,67,73,66,46,validation
T001257,Mumbai,solo,1,0,0,1,balanced,27099,medium,premium,no_restriction,no_preference,private_transport,February,3,beach_traveller,11,79,44,62,87,21,87,74,72,87,12,54,train
T001258,Chennai,solo,1,0,0,1,easy_going,10647,low,standard,no_restriction,no_preference,private_transport,January,2,balanced_traveller,18,67,21,18,55,69,43,78,81,62,57,81,train
T001259,Hyderabad,friends,8,0,0,8,balanced,68834,medium,budget,no_restriction,no_preference,public_transport,January,4,senior_traveller,76,71,75,58,64,9,27,58,40,59,71,34,train
T001260,Pune,couple,2,0,0,2,balanced,12112,medium,budget,no_restriction,vegetarian,public_transport,December,2,beach_traveller,77,45,16,8,27,35,46,10,97,26,44,70,train
T001261,Hyderabad,friends,5,0,0,5,balanced,132244,medium,luxury,no_restriction,no_preference,public_transport,December,4,food_traveller,79,78,30,38,40,27,53,77,49,47,32,58,train
T001262,Mumbai,family,5,1,1,7,packed,55754,low,premium,no_restriction,no_preference,lowest_cost,January,3,family_traveller,77,76,79,45,31,44,56,55,63,67,51,37,train
T001263,Nagpur,solo,1,0,0,1,packed,25057,high,standard,no_restriction,no_preference,lowest_cost,December,2,culture_traveller,56,82,56,52,76,32,18,58,93,77,45,83,train
T001264,Hyderabad,friends,6,0,0,6,easy_going,57358,low,premium,no_restriction,non_vegetarian,lowest_cost,October,3,senior_traveller,78,95,82,64,56,12,13,69,65,39,42,42,train
T001265,Ahmedabad,friends,5,0,0,5,easy_going,54714,high,standard,no_restriction,non_vegetarian,balanced,December,2,family_traveller,90,80,70,44,45,56,73,73,51,30,42,71,train
T001266,Indore,solo,1,0,0,1,packed,35516,high,premium,no_restriction,vegetarian,balanced,December,2,food_traveller,24,5,27,58,14,31,22,9,67,89,71,68,test
T001267,Nagpur,seniors,1,0,1,2,easy_going,50234,high,premium,no_restriction,no_preference,balanced,April,3,senior_traveller,74,81,79,56,71,2,0,49,43,20,77,63,test
T001268,Pune,family,3,1,1,5,balanced,118288,high,premium,wheelchair_friendly_preference,non_vegetarian,fastest,September,4,family_traveller,73,82,72,53,48,68,75,43,56,53,62,58,train
T001269,Jaipur,couple,2,0,0,2,balanced,42363,high,standard,no_restriction,vegetarian,fastest,May,4,family_traveller,65,73,87,46,45,51,47,64,67,58,69,40,train
T001270,Kochi,friends,4,0,0,4,packed,44965,medium,premium,no_restriction,no_preference,private_transport,December,2,nightlife_traveller,81,55,31,59,50,57,82,54,26,59,60,17,train
T001271,Hyderabad,family,2,1,0,3,easy_going,34783,medium,standard,no_restriction,no_preference,lowest_cost,September,3,family_traveller,82,51,68,57,61,21,93,44,92,80,72,46,train
T001272,Bengaluru,solo,1,0,0,1,easy_going,14668,medium,standard,no_restriction,vegetarian,public_transport,November,2,beach_traveller,67,14,86,90,69,58,59,67,0,74,53,2,test
T001273,Nagpur,family,4,1,0,5,easy_going,70317,low,budget,no_restriction,vegetarian,fastest,March,11,food_traveller,77,89,61,68,71,0,65,71,59,56,19,42,test
T001274,Kolkata,seniors,2,0,1,3,balanced,35184,low,standard,no_restriction,non_vegetarian,fastest,July,4,culture_traveller,46,62,77,35,91,84,8,90,22,92,63,41,train
T001275,Chennai,family,5,2,0,7,balanced,61945,low,premium,no_restriction,vegetarian,private_transport,December,3,food_traveller,81,97,69,58,57,29,41,66,65,57,2,31,train
T001276,Ahmedabad,friends,6,0,0,6,balanced,144278,high,premium,no_restriction,no_preference,balanced,June,4,nightlife_traveller,81,50,57,74,61,82,83,80,19,58,60,7,train
T001277,Kochi,solo,1,0,0,1,easy_going,58027,medium,premium,no_restriction,vegetarian,fastest,October,5,family_traveller,87,93,69,50,70,70,72,87,50,61,52,33,test
T001278,Delhi,couple,2,0,0,2,balanced,49397,high,standard,no_restriction,vegetarian,lowest_cost,March,3,balanced_traveller,49,34,87,80,74,48,50,61,46,45,74,56,train
T001279,Nagpur,solo,1,0,0,1,easy_going,21064,medium,budget,no_restriction,non_vegetarian,public_transport,December,5,balanced_traveller,68,54,60,51,43,83,50,60,38,65,42,77,train
T001280,Jaipur,couple,2,0,0,2,packed,13841,medium,budget,no_restriction,vegetarian,balanced,May,2,wellness_traveller,85,36,78,30,76,11,23,47,50,72,81,45,test
T001281,Mumbai,family,4,2,0,6,balanced,100641,high,budget,no_restriction,vegetarian,lowest_cost,December,4,wellness_traveller,100,65,91,69,77,23,7,72,43,65,70,51,validation
T001282,Bengaluru,seniors,1,0,3,4,balanced,52651,medium,premium,no_restriction,vegan,lowest_cost,November,2,senior_traveller,83,78,83,98,52,36,21,71,33,80,61,53,train
T001283,Bengaluru,solo,1,0,0,1,balanced,27923,low,premium,no_restriction,no_preference,lowest_cost,April,4,beach_traveller,41,31,90,76,56,58,62,80,15,79,54,7,train
T001284,Ahmedabad,seniors,1,0,2,3,balanced,142115,high,luxury,no_restriction,non_vegetarian,lowest_cost,February,4,culture_traveller,18,75,86,46,49,45,1,9,99,4,34,69,train
T001285,Pune,couple,2,0,0,2,packed,34089,medium,luxury,no_restriction,no_preference,fastest,December,1,culture_traveller,83,91,67,44,61,55,5,39,65,84,35,81,train
T001286,Jaipur,couple,2,0,0,2,easy_going,24937,high,budget,no_restriction,no_preference,private_transport,October,3,adventure_traveller,58,49,76,84,42,75,54,24,38,80,41,11,train
T001287,Delhi,friends,6,0,0,6,packed,46905,low,standard,no_restriction,vegetarian,lowest_cost,December,3,wellness_traveller,75,44,79,47,76,21,14,57,43,47,81,48,train
T001288,Kochi,solo,1,0,0,1,packed,8833,low,budget,no_restriction,no_preference,public_transport,March,2,balanced_traveller,36,51,50,68,55,54,52,44,67,71,42,76,train
T001289,Nagpur,friends,3,0,0,3,packed,15617,medium,standard,no_restriction,vegetarian,fastest,February,1,nightlife_traveller,86,67,41,60,53,84,88,81,23,57,65,8,train
T001290,Kochi,couple,2,0,0,2,easy_going,21393,low,premium,no_restriction,no_preference,fastest,July,2,culture_traveller,51,87,71,57,67,37,8,74,81,74,60,81,train
T001291,Bengaluru,couple,2,0,0,2,balanced,14919,low,standard,no_restriction,no_preference,lowest_cost,October,3,culture_traveller,70,80,55,49,52,27,1,57,89,81,69,92,train
T001292,Pune,seniors,2,0,1,3,packed,37724,low,budget,no_restriction,no_preference,lowest_cost,December,7,senior_traveller,90,92,72,71,40,28,16,73,59,68,71,53,train
T001293,Hyderabad,friends,3,0,0,3,packed,26053,medium,budget,no_restriction,non_vegetarian,private_transport,February,4,culture_traveller,29,90,58,67,58,33,20,60,85,97,64,71,train
T001294,Kochi,family,3,4,0,7,packed,54051,low,premium,no_restriction,vegetarian,private_transport,February,3,wellness_traveller,77,73,80,63,88,0,36,46,52,75,74,62,validation
T001295,Jaipur,solo,1,0,0,1,balanced,16910,medium,standard,no_restriction,non_vegetarian,fastest,February,3,food_traveller,85,69,58,58,58,31,65,99,50,60,22,59,train
T001296,Indore,family,2,3,0,5,balanced,59072,low,luxury,no_restriction,no_preference,public_transport,March,2,family_traveller,74,79,67,61,19,67,64,76,83,68,49,83,validation
T001297,Pune,friends,7,0,0,7,balanced,47943,high,premium,no_restriction,no_preference,private_transport,May,1,wellness_traveller,89,50,64,23,81,31,20,66,67,73,59,60,train
T001298,Kochi,solo,1,0,0,1,packed,26843,medium,standard,no_restriction,vegetarian,lowest_cost,January,4,nightlife_traveller,69,73,59,67,67,45,77,90,43,57,49,41,train
T001299,Kochi,seniors,1,0,2,3,easy_going,25511,medium,standard,no_restriction,no_preference,private_transport,December,2,senior_traveller,70,84,75,67,79,0,11,60,56,68,57,50,test
T001300,Kolkata,couple,2,0,0,2,packed,105370,medium,luxury,no_restriction,no_preference,balanced,March,4,beach_traveller,42,34,87,83,75,54,61,58,20,85,57,26,train
T001301,Nagpur,family,2,2,0,4,balanced,70638,medium,luxury,no_restriction,vegetarian,private_transport,December,2,adventure_traveller,47,62,69,76,52,100,65,34,47,84,35,15,train
T001302,Ahmedabad,solo,1,0,0,1,packed,23762,medium,budget,no_restriction,no_preference,lowest_cost,November,5,wellness_traveller,94,76,83,52,77,24,26,54,52,61,57,50,test
T001303,Hyderabad,friends,5,0,0,5,balanced,51495,low,budget,no_restriction,no_preference,balanced,February,6,nightlife_traveller,97,59,63,57,60,54,74,84,33,42,75,27,train
T001304,Chennai,couple,2,0,0,2,balanced,30785,medium,premium,no_restriction,no_preference,fastest,July,2,food_traveller,72,70,46,52,24,48,72,77,34,67,48,73,validation
T001305,Delhi,family,3,3,0,6,balanced,191551,high,luxury,reduced_walking,no_preference,lowest_cost,November,4,family_traveller,100,87,86,42,61,57,67,52,59,64,79,75,train
T001306,Delhi,family,2,1,0,3,packed,27856,medium,budget,no_restriction,vegan,private_transport,December,2,wellness_traveller,72,48,81,68,90,10,23,39,57,68,56,72,train
T001307,Nagpur,solo,1,0,0,1,balanced,6757,medium,budget,no_restriction,vegetarian,public_transport,December,1,culture_traveller,34,95,56,43,58,18,25,52,84,89,41,76,train
T001308,Indore,friends,6,0,0,6,easy_going,21423,low,budget,no_restriction,no_preference,lowest_cost,November,2,wellness_traveller,85,62,81,65,71,16,32,68,67,69,52,36,train
T001309,Bengaluru,couple,2,0,0,2,packed,18479,low,standard,no_restriction,jain,balanced,December,3,nightlife_traveller,76,50,50,65,56,95,79,85,15,52,75,32,train
T001310,Ahmedabad,solo,1,0,0,1,balanced,19409,low,premium,no_restriction,non_vegetarian,lowest_cost,August,2,food_traveller,88,76,75,56,75,37,60,85,54,47,27,63,test
T001311,Bengaluru,family,3,4,1,8,packed,50267,low,budget,no_restriction,vegan,private_transport,December,4,food_traveller,68,74,73,72,79,46,34,77,66,20,43,18,test
T001312,Chennai,couple,2,0,0,2,packed,36739,high,budget,no_restriction,no_preference,private_transport,March,5,beach_traveller,42,12,66,87,36,42,43,55,17,88,55,32,train
T001313,Hyderabad,friends,6,0,0,6,balanced,96370,high,standard,no_restriction,vegetarian,lowest_cost,November,3,culture_traveller,36,70,78,64,54,21,2,51,70,79,65,85,validation
T001314,Kolkata,friends,6,0,0,6,packed,44572,medium,standard,no_restriction,no_preference,lowest_cost,November,3,food_traveller,82,96,44,67,50,25,62,63,39,76,16,81,validation
T001315,Kolkata,couple,2,0,0,2,balanced,30397,low,luxury,reduced_walking,vegetarian,lowest_cost,May,2,beach_traveller,44,3,97,82,43,69,51,49,46,71,59,12,train
T001316,Mumbai,family,4,2,1,7,balanced,44005,medium,standard,no_restriction,vegetarian,balanced,January,2,family_traveller,90,81,88,69,56,52,45,62,63,52,53,54,test
T001317,Ahmedabad,couple,2,0,0,2,easy_going,10609,medium,budget,no_restriction,no_preference,lowest_cost,November,1,beach_traveller,46,26,81,74,74,60,65,48,41,80,69,12,train
T001318,Bengaluru,couple,2,0,0,2,easy_going,52246,medium,standard,no_restriction,no_preference,lowest_cost,January,6,culture_traveller,45,3,97,60,7,19,73,73,36,14,53,27,train
T001319,Chennai,family,3,2,0,5,easy_going,53080,medium,budget,no_restriction,no_preference,lowest_cost,November,4,senior_traveller,78,83,84,43,58,24,13,47,50,45,67,45,validation
T001320,Nagpur,solo,1,0,0,1,easy_going,19473,medium,standard,no_restriction,no_preference,lowest_cost,November,4,culture_traveller,59,75,74,57,63,25,25,44,81,100,76,83,train
T001321,Bengaluru,family,5,1,0,6,packed,32546,low,premium,no_restriction,vegan,fastest,October,2,culture_traveller,40,76,72,61,60,32,27,53,89,68,48,81,train
T001322,Kochi,couple,2,0,0,2,balanced,16467,medium,premium,no_restriction,no_preference,fastest,December,1,family_traveller,92,79,85,73,55,57,52,64,67,61,54,39,train
T001323,Bengaluru,friends,8,0,0,8,easy_going,67641,medium,standard,no_restriction,vegetarian,lowest_cost,March,4,food_traveller,88,69,35,47,64,21,48,87,58,55,0,47,train
T001324,Hyderabad,couple,2,0,0,2,easy_going,59754,medium,standard,no_restriction,no_preference,fastest,April,6,wellness_traveller,30,17,97,13,62,40,28,85,66,62,9,25,test
T001325,Bengaluru,family,2,2,0,4,easy_going,59640,low,premium,no_restriction,vegetarian,balanced,January,4,beach_traveller,73,6,71,95,59,65,53,55,10,84,66,22,train
T001326,Chennai,solo,1,0,0,1,easy_going,36953,high,standard,no_restriction,non_vegetarian,lowest_cost,January,3,food_traveller,39,59,62,82,52,51,32,65,90,35,35,34,test
T001327,Bengaluru,couple,2,0,0,2,easy_going,22615,medium,standard,no_restriction,no_preference,lowest_cost,March,3,food_traveller,94,77,48,52,69,19,50,84,48,40,21,50,train
T001328,Ahmedabad,family,5,4,0,9,easy_going,55780,medium,premium,no_restriction,vegetarian,balanced,November,2,family_traveller,1,39,48,18,32,14,68,39,73,55,37,62,validation
T001329,Ahmedabad,couple,2,0,0,2,packed,84773,medium,premium,no_restriction,vegetarian,fastest,April,7,food_traveller,100,74,53,41,55,19,66,100,50,23,28,50,train
T001330,Delhi,seniors,1,0,4,5,easy_going,68842,medium,luxury,reduced_walking,vegetarian,balanced,February,2,adventure_traveller,59,47,78,0,7,85,48,50,22,92,91,51,train
T001331,Pune,friends,5,0,0,5,balanced,23995,medium,standard,no_restriction,no_preference,fastest,October,1,culture_traveller,42,71,69,60,65,33,15,74,76,73,61,83,train
T001332,Delhi,friends,3,0,0,3,balanced,41332,low,premium,no_restriction,no_preference,fastest,February,3,food_traveller,77,98,49,62,50,6,63,76,59,64,44,41,test
T001333,Chennai,family,4,2,0,6,balanced,51837,medium,luxury,no_restriction,vegetarian,public_transport,February,1,beach_traveller,64,3,88,72,62,80,58,30,20,85,67,39,train
T001334,Mumbai,solo,1,0,0,1,balanced,6818,low,standard,no_restriction,vegan,fastest,December,1,balanced_traveller,60,47,34,68,48,54,48,63,60,63,50,56,test
T001335,Kolkata,solo,1,0,0,1,packed,26370,low,budget,no_restriction,no_preference,balanced,February,8,balanced_traveller,40,47,49,56,47,31,26,58,43,32,64,75,train
T001336,Indore,solo,1,0,0,1,balanced,13248,low,standard,no_restriction,non_vegetarian,private_transport,October,3,culture_traveller,49,84,44,56,52,50,27,31,81,84,51,73,validation
T001337,Pune,couple,2,0,0,2,packed,50039,medium,premium,no_restriction,non_vegetarian,fastest,December,3,family_traveller,61,58,78,9,33,69,71,44,46,96,32,15,train
T001338,Pune,friends,7,0,0,7,easy_going,93590,medium,budget,no_restriction,non_vegetarian,lowest_cost,February,6,nightlife_traveller,78,61,67,41,44,55,72,72,14,68,68,24,test
T001339,Nagpur,solo,1,0,0,1,packed,81906,high,standard,no_restriction,no_preference,fastest,December,8,senior_traveller,91,89,67,50,69,41,29,52,45,63,51,52,train
T001340,Kolkata,couple,2,0,0,2,balanced,18065,medium,standard,no_restriction,non_vegetarian,balanced,January,2,food_traveller,83,81,48,88,46,7,58,80,69,69,4,47,train
T001341,Hyderabad,family,5,4,1,10,easy_going,85935,low,premium,no_restriction,non_vegetarian,private_transport,November,3,nightlife_traveller,86,56,40,51,51,54,80,94,17,36,58,42,test
T001342,Ahmedabad,seniors,2,0,4,6,easy_going,55402,medium,standard,no_restriction,no_preference,fastest,February,4,beach_traveller,42,23,73,73,49,73,36,51,19,91,80,14,train
T001343,Kolkata,friends,7,0,0,7,packed,57853,medium,standard,no_restriction,non_vegetarian,fastest,January,2,beach_traveller,5,9,64,94,13,28,86,50,42,47,10,21,train
T001344,Chennai,solo,1,0,0,1,packed,17751,high,budget,no_restriction,non_vegetarian,balanced,January,3,adventure_traveller,61,68,82,81,54,77,45,16,62,74,56,17,train
T001345,Mumbai,couple,2,0,0,2,packed,71538,high,premium,no_restriction,vegan,lowest_cost,February,4,family_traveller,78,70,87,64,77,76,58,69,60,51,53,64,train
T001346,Chennai,couple,2,0,0,2,packed,43332,high,standard,no_restriction,vegetarian,lowest_cost,January,3,food_traveller,86,80,60,68,56,14,48,79,75,54,24,53,train
T001347,Kolkata,friends,5,0,0,5,easy_going,23245,low,budget,no_restriction,vegetarian,balanced,March,2,adventure_traveller,71,55,70,71,66,68,60,14,54,76,45,13,train
T001348,Bengaluru,couple,2,0,0,2,packed,24518,medium,budget,no_restriction,no_preference,lowest_cost,December,3,beach_traveller,62,37,87,83,76,36,43,51,38,89,36,14,train
T001349,Ahmedabad,solo,1,0,0,1,packed,13391,medium,budget,no_restriction,no_preference,balanced,December,4,family_traveller,88,83,93,60,49,62,70,57,32,55,58,56,train
T001350,Pune,family,3,4,0,7,balanced,38727,low,budget,no_restriction,vegetarian,balanced,December,3,family_traveller,81,89,85,48,59,56,62,53,42,65,63,73,train
T001351,Mumbai,family,2,3,0,5,packed,31123,medium,budget,no_restriction,non_vegetarian,public_transport,January,2,beach_traveller,40,25,70,79,39,57,70,49,19,75,48,9,train
T001352,Kolkata,couple,2,0,0,2,balanced,59877,medium,standard,no_restriction,no_preference,balanced,October,8,senior_traveller,39,23,2,21,18,50,43,47,87,49,63,64,train
T001353,Indore,family,3,4,0,7,balanced,93152,high,standard,no_restriction,non_vegetarian,balanced,October,2,senior_traveller,90,77,85,65,66,30,0,56,50,52,53,68,test
T001354,Kolkata,seniors,1,0,3,4,packed,82190,medium,premium,no_restriction,vegetarian,balanced,November,4,culture_traveller,70,93,85,87,40,71,63,54,15,57,29,70,test
T001355,Nagpur,solo,1,0,0,1,balanced,20791,medium,budget,no_restriction,no_preference,public_transport,October,6,family_traveller,76,90,79,59,59,56,58,60,46,61,67,61,train
T001356,Pune,family,4,1,1,6,balanced,108027,medium,premium,reduced_walking,vegetarian,lowest_cost,October,5,family_traveller,81,77,82,52,92,50,60,72,72,70,51,55,train
T001357,Hyderabad,couple,2,0,0,2,balanced,11129,medium,budget,no_restriction,vegetarian,balanced,September,1,senior_traveller,85,69,90,61,65,24,26,72,51,62,47,63,train
T001358,Nagpur,family,3,1,0,4,balanced,33773,low,standard,no_restriction,vegetarian,balanced,January,3,food_traveller,74,73,60,71,63,5,51,75,63,51,1,64,test
T001359,Chennai,family,2,4,0,6,balanced,78241,high,premium,no_restriction,non_vegetarian,public_transport,July,3,family_traveller,66,93,74,39,58,39,58,52,68,67,70,59,test
T001360,Delhi,family,3,1,0,4,packed,21880,low,standard,no_restriction,no_preference,balanced,March,2,adventure_traveller,49,72,77,96,46,78,75,40,66,73,57,20,train
T001361,Mumbai,couple,2,0,0,2,packed,11795,low,standard,no_restriction,no_preference,balanced,December,1,balanced_traveller,53,56,64,48,75,48,44,43,47,42,66,44,train
T001362,Ahmedabad,friends,5,0,0,5,easy_going,26696,medium,budget,no_restriction,jain,fastest,December,2,wellness_traveller,86,30,79,68,76,36,2,55,76,43,60,64,validation
T001363,Kochi,solo,1,0,0,1,packed,93619,medium,luxury,no_restriction,no_preference,lowest_cost,January,4,adventure_traveller,66,71,63,57,78,77,87,69,35,52,49,10,train
T001364,Indore,seniors,0,0,1,1,easy_going,8118,medium,budget,no_restriction,no_preference,lowest_cost,November,2,senior_traveller,83,81,90,85,69,30,31,72,85,36,64,26,train
T001365,Delhi,family,3,3,1,7,packed,83751,high,standard,no_restriction,no_preference,lowest_cost,November,2,family_traveller,94,89,74,74,40,57,66,74,79,72,55,63,train
T001366,Pune,friends,6,0,0,6,easy_going,50121,low,standard,no_restriction,non_vegetarian,balanced,October,4,nightlife_traveller,70,66,69,60,34,53,85,75,31,65,58,20,train
T001367,Kochi,solo,1,0,0,1,packed,49147,low,standard,no_restriction,no_preference,balanced,March,10,balanced_traveller,7,78,10,40,92,78,23,25,59,48,11,15,validation
T001368,Chennai,friends,6,0,0,6,balanced,29097,medium,premium,no_restriction,no_preference,balanced,February,1,adventure_traveller,61,50,72,87,57,71,42,22,36,83,73,28,train
T001369,Indore,friends,8,0,0,8,easy_going,55749,low,budget,no_restriction,vegan,lowest_cost,November,5,culture_traveller,58,82,56,73,35,30,13,63,86,87,76,71,train
T001370,Indore,couple,2,0,0,2,easy_going,10152,low,budget,no_restriction,no_preference,balanced,November,2,nightlife_traveller,83,67,58,80,57,73,89,94,45,35,60,18,train
T001371,Nagpur,solo,1,0,0,1,balanced,169425,high,luxury,no_restriction,no_preference,lowest_cost,April,5,balanced_traveller,42,56,71,42,72,51,65,54,62,76,55,68,train
T001372,Hyderabad,seniors,2,0,1,3,balanced,55551,medium,standard,no_restriction,no_preference,fastest,December,5,senior_traveller,81,75,77,63,33,0,29,50,62,75,44,36,train
T001373,Mumbai,friends,3,0,0,3,balanced,39146,medium,premium,no_restriction,no_preference,lowest_cost,December,2,wellness_traveller,72,52,90,47,85,31,20,46,56,40,51,43,train
T001374,Kochi,friends,6,0,0,6,easy_going,65289,medium,budget,no_restriction,no_preference,balanced,February,6,culture_traveller,63,90,52,39,73,22,29,41,71,85,69,72,test
T001375,Chennai,family,5,2,0,7,balanced,126796,medium,luxury,no_restriction,no_preference,lowest_cost,November,3,family_traveller,74,81,87,70,52,42,57,46,50,65,62,67,test
T001376,Pune,couple,2,0,0,2,easy_going,45861,medium,standard,no_restriction,no_preference,balanced,October,5,nightlife_traveller,81,56,50,64,54,56,90,88,17,53,52,0,train
T001377,Ahmedabad,couple,2,0,0,2,packed,40727,low,luxury,no_restriction,vegetarian,fastest,October,2,balanced_traveller,42,46,64,63,55,60,50,86,60,49,67,71,validation
T001378,Chennai,friends,3,0,0,3,balanced,22131,low,premium,no_restriction,no_preference,balanced,January,2,balanced_traveller,70,59,45,48,39,58,60,67,60,69,69,44,train
T001379,Indore,seniors,2,0,3,5,balanced,100298,high,standard,no_restriction,non_vegetarian,balanced,December,4,adventure_traveller,52,69,85,80,68,75,48,24,58,87,71,0,train
T001380,Mumbai,family,2,1,0,3,easy_going,37504,medium,premium,no_restriction,no_preference,balanced,January,2,adventure_traveller,34,65,83,86,50,87,69,42,66,85,40,18,train
T001381,Delhi,solo,1,0,0,1,packed,9748,low,budget,no_restriction,vegetarian,lowest_cost,September,4,culture_traveller,54,84,48,59,57,26,43,89,85,81,62,80,train
T001382,Ahmedabad,couple,2,0,0,2,easy_going,17878,low,budget,no_restriction,non_vegetarian,balanced,January,5,family_traveller,81,78,100,65,51,71,60,57,54,53,42,36,train
T001383,Indore,family,2,2,1,5,balanced,135421,high,premium,no_restriction,vegetarian,balanced,October,4,adventure_traveller,80,29,85,69,56,82,65,22,73,91,54,34,train
T001384,Jaipur,family,4,1,0,5,balanced,36835,medium,premium,no_restriction,non_vegetarian,private_transport,December,2,balanced_traveller,70,59,66,63,58,68,51,57,45,46,26,62,train
T001385,Nagpur,solo,1,0,0,1,easy_going,17097,medium,standard,no_restriction,no_preference,lowest_cost,November,2,food_traveller,96,46,90,47,69,32,95,3,69,95,78,82,train
T001386,Chennai,family,4,1,0,5,easy_going,44917,medium,budget,no_restriction,no_preference,private_transport,December,3,family_traveller,81,90,86,59,37,49,57,39,66,55,33,50,validation
T001387,Jaipur,solo,1,0,0,1,packed,18054,high,budget,no_restriction,vegetarian,balanced,May,2,family_traveller,85,73,66,58,39,46,48,59,72,57,50,32,train
T001388,Mumbai,solo,1,0,0,1,balanced,21743,medium,budget,no_restriction,vegetarian,balanced,December,5,culture_traveller,63,81,52,62,54,20,26,58,84,75,73,73,test
T001389,Ahmedabad,friends,3,0,0,3,balanced,37452,high,standard,no_restriction,no_preference,balanced,October,2,adventure_traveller,67,48,100,70,59,84,63,13,59,77,79,11,train
T001390,Jaipur,solo,1,0,0,1,balanced,15104,medium,budget,no_restriction,no_preference,private_transport,February,4,balanced_traveller,79,13,2,35,86,3,26,27,9,9,90,69,train
T001391,Nagpur,friends,5,0,0,5,easy_going,82822,medium,standard,no_restriction,vegan,balanced,October,5,beach_traveller,47,0,76,72,68,66,61,71,12,82,83,27,train
T001392,Kolkata,seniors,2,0,2,4,balanced,29024,low,budget,wheelchair_friendly_preference,no_preference,balanced,December,3,balanced_traveller,54,50,46,42,66,60,60,52,57,48,47,77,train
T001393,Jaipur,family,5,3,0,8,packed,33622,low,budget,no_restriction,non_vegetarian,lowest_cost,January,2,balanced_traveller,45,43,46,53,50,44,56,75,55,55,61,64,validation
T001394,Nagpur,family,3,1,0,4,balanced,82285,high,standard,no_restriction,no_preference,public_transport,December,5,wellness_traveller,86,51,75,49,76,5,3,68,65,47,67,60,train
T001395,Mumbai,seniors,1,0,4,5,easy_going,130793,medium,premium,no_restriction,no_preference,private_transport,March,6,culture_traveller,49,94,75,48,38,0,27,58,75,84,42,88,train
T001396,Pune,solo,1,0,0,1,balanced,9547,low,standard,no_restriction,no_preference,private_transport,February,2,adventure_traveller,46,71,80,87,51,76,64,23,60,81,66,28,train
T001397,Kolkata,couple,2,0,0,2,balanced,11069,medium,standard,no_restriction,non_vegetarian,balanced,May,1,senior_traveller,87,76,78,70,41,0,0,72,69,53,41,67,train
T001398,Pune,solo,1,0,0,1,packed,18741,medium,premium,no_restriction,non_vegetarian,lowest_cost,November,2,adventure_traveller,55,58,86,81,49,75,63,0,77,83,52,23,validation
T001399,Chennai,friends,7,0,0,7,balanced,40542,low,luxury,no_restriction,non_vegetarian,lowest_cost,January,1,nightlife_traveller,82,55,50,86,57,60,72,89,18,62,67,18,test
T001400,Nagpur,solo,1,0,0,1,balanced,35906,medium,premium,no_restriction,non_vegetarian,fastest,June,4,culture_traveller,68,88,75,54,39,31,32,64,76,73,63,74,test
T001401,Hyderabad,solo,1,0,0,1,packed,183102,medium,luxury,no_restriction,no_preference,balanced,July,10,food_traveller,71,72,63,60,70,0,38,85,46,47,33,50,train
T001402,Mumbai,family,4,1,0,5,balanced,47907,medium,standard,no_restriction,non_vegetarian,balanced,May,2,culture_traveller,87,71,36,81,56,14,22,40,85,81,69,88,train
T001403,Mumbai,solo,1,0,0,1,easy_going,8061,low,standard,no_restriction,non_vegetarian,balanced,October,1,senior_traveller,73,81,88,48,32,61,34,68,76,58,55,73,train
T001404,Bengaluru,couple,2,0,0,2,easy_going,39176,high,standard,no_restriction,no_preference,fastest,January,3,culture_traveller,55,77,46,69,59,29,27,73,85,88,59,74,train
T001405,Nagpur,couple,2,0,0,2,easy_going,86348,medium,luxury,no_restriction,vegan,balanced,November,3,food_traveller,70,71,59,57,59,32,58,79,54,59,15,69,train
T001406,Jaipur,family,5,1,0,6,easy_going,47433,low,premium,no_restriction,vegetarian,private_transport,September,3,family_traveller,81,77,66,49,43,61,37,45,50,66,90,60,train
T001407,Kochi,friends,8,0,0,8,packed,38347,low,premium,no_restriction,no_preference,private_transport,March,2,nightlife_traveller,80,42,49,62,65,56,74,76,11,31,57,0,train
T001408,Kochi,friends,8,0,0,8,balanced,96872,low,premium,no_restriction,no_preference,balanced,March,7,beach_traveller,57,16,95,81,58,60,53,48,25,85,81,29,train
T001409,Kochi,seniors,2,0,2,4,easy_going,45716,medium,standard,no_restriction,no_preference,balanced,October,4,senior_traveller,92,75,68,57,66,0,32,40,65,33,39,64,train
T001410,Ahmedabad,solo,1,0,0,1,balanced,34563,medium,budget,no_restriction,vegetarian,balanced,January,9,balanced_traveller,61,64,56,54,32,58,64,56,47,36,62,57,train
T001411,Pune,seniors,0,0,2,2,easy_going,50772,medium,standard,no_restriction,jain,fastest,December,5,family_traveller,83,82,83,55,59,54,70,69,82,56,60,59,train
T001412,Delhi,couple,2,0,0,2,balanced,18138,medium,premium,no_restriction,non_vegetarian,fastest,February,1,wellness_traveller,93,62,88,60,86,0,24,51,56,59,48,44,test
T001413,Jaipur,couple,2,0,0,2,easy_going,59261,low,premium,no_restriction,no_preference,balanced,March,6,nightlife_traveller,86,58,54,75,45,69,78,81,10,48,51,0,train
T001414,Pune,solo,1,0,0,1,balanced,8249,low,budget,no_restriction,vegetarian,balanced,October,2,adventure_traveller,56,62,90,62,70,77,62,41,53,78,56,1,train
T001415,Jaipur,friends,5,0,0,5,balanced,85551,medium,premium,no_restriction,non_vegetarian,balanced,May,6,nightlife_traveller,94,48,50,51,65,42,72,76,7,67,66,13,test
T001416,Indore,family,2,3,0,5,balanced,32237,high,standard,no_restriction,no_preference,lowest_cost,January,1,wellness_traveller,75,66,82,54,71,18,11,45,44,59,48,56,validation
T001417,Chennai,family,3,1,1,5,packed,41134,high,budget,wheelchair_friendly_preference,no_preference,fastest,May,2,beach_traveller,52,29,86,79,58,55,73,66,15,78,68,37,train
T001418,Kolkata,couple,2,0,0,2,balanced,24355,medium,budget,no_restriction,no_preference,public_transport,November,4,balanced_traveller,79,34,59,49,57,42,52,57,59,67,29,55,train
T001419,Ahmedabad,family,4,3,0,7,easy_going,132149,low,luxury,no_restriction,no_preference,balanced,January,5,family_traveller,91,69,76,69,66,73,56,41,43,53,66,53,train
T001420,Ahmedabad,couple,2,0,0,2,packed,65716,medium,premium,no_restriction,vegetarian,balanced,January,4,wellness_traveller,90,98,23,65,67,96,48,23,36,63,47,7,train
T001421,Ahmedabad,solo,1,0,0,1,balanced,12423,low,premium,no_restriction,vegan,fastest,December,2,adventure_traveller,45,50,78,78,41,86,48,18,69,86,49,33,validation
T001422,Nagpur,family,5,3,0,8,packed,117953,low,standard,no_restriction,non_vegetarian,lowest_cost,May,9,family_traveller,90,82,85,47,48,67,48,25,53,60,69,76,test
T001423,Nagpur,solo,1,0,0,1,easy_going,16898,low,standard,no_restriction,vegetarian,lowest_cost,January,4,senior_traveller,68,86,92,59,66,14,24,71,53,71,37,49,validation
T001424,Mumbai,family,2,1,0,3,packed,37316,low,standard,no_restriction,vegetarian,lowest_cost,January,4,family_traveller,24,56,60,79,24,56,47,84,72,13,95,35,train
T001425,Chennai,seniors,2,0,3,5,easy_going,21278,low,standard,no_restriction,non_vegetarian,private_transport,October,2,food_traveller,72,85,59,55,55,39,83,92,60,37,28,65,train
T001426,Ahmedabad,solo,1,0,0,1,balanced,21048,medium,luxury,no_restriction,no_preference,public_transport,June,1,family_traveller,89,91,76,61,43,55,57,45,63,55,58,71,validation
T001427,Hyderabad,solo,1,0,0,1,balanced,9495,medium,budget,no_restriction,vegan,fastest,December,2,senior_traveller,93,86,88,96,60,0,5,60,57,54,55,47,test
T001428,Nagpur,seniors,2,0,3,5,packed,189970,high,standard,wheelchair_friendly_preference,vegan,lowest_cost,February,8,senior_traveller,85,87,87,75,41,24,18,53,66,72,49,77,train
T001429,Hyderabad,solo,1,0,0,1,balanced,14813,medium,premium,no_restriction,vegetarian,fastest,December,1,beach_traveller,36,0,88,90,64,61,66,65,9,83,53,16,train
T001430,Mumbai,family,5,1,0,6,easy_going,40683,medium,budget,no_restriction,no_preference,fastest,January,2,balanced_traveller,58,63,39,50,36,55,47,59,64,73,84,59,train
T001431,Pune,family,3,3,0,6,easy_going,28498,medium,budget,no_restriction,no_preference,public_transport,November,1,family_traveller,63,88,85,39,67,41,70,49,38,82,38,47,train
T001432,Delhi,family,3,4,0,7,packed,142232,high,standard,no_restriction,non_vegetarian,lowest_cost,February,5,balanced_traveller,68,51,64,60,50,42,57,64,57,54,57,53,train
T001433,Delhi,couple,2,0,0,2,balanced,18041,low,budget,no_restriction,non_vegetarian,lowest_cost,January,4,culture_traveller,51,82,56,55,59,21,44,59,83,76,61,73,train
T001434,Pune,family,5,1,0,6,balanced,66227,high,standard,no_restriction,non_vegetarian,balanced,January,3,family_traveller,73,86,79,62,75,51,49,53,57,64,56,81,test
T001435,Bengaluru,couple,2,0,0,2,packed,15695,low,budget,no_restriction,vegetarian,public_transport,January,3,nightlife_traveller,90,52,56,60,60,69,81,93,16,61,54,47,validation
T001436,Kolkata,couple,2,0,0,2,balanced,59574,medium,premium,no_restriction,no_preference,public_transport,June,4,culture_traveller,71,74,74,55,58,6,27,45,84,84,53,65,train
T001437,Chennai,solo,1,0,0,1,balanced,5000,low,budget,no_restriction,vegetarian,balanced,May,1,senior_traveller,77,84,66,73,45,14,23,57,45,77,26,43,test
T001438,Ahmedabad,family,2,3,0,5,balanced,130691,medium,premium,no_restriction,vegetarian,lowest_cost,July,8,family_traveller,46,19,89,43,35,54,62,8,74,13,38,35,train
T001439,Nagpur,friends,7,0,0,7,balanced,78556,low,luxury,no_restriction,non_vegetarian,balanced,April,4,wellness_traveller,89,83,69,59,68,13,49,62,68,63,62,50,test
T001440,Ahmedabad,seniors,2,0,4,6,balanced,43527,low,premium,no_restriction,non_vegetarian,lowest_cost,December,3,senior_traveller,92,100,79,75,45,51,25,63,68,40,44,58,test
T001441,Ahmedabad,solo,1,0,0,1,balanced,37029,medium,premium,no_restriction,no_preference,fastest,March,3,food_traveller,85,70,63,71,74,24,35,87,68,48,19,62,train
T001442,Kolkata,solo,1,0,0,1,packed,22277,medium,standard,no_restriction,non_vegetarian,balanced,November,3,beach_traveller,52,25,56,88,29,18,0,98,51,80,85,99,train
T001443,Kochi,family,3,2,0,5,packed,52660,medium,budget,no_restriction,no_preference,lowest_cost,January,4,balanced_traveller,41,81,64,63,52,46,47,58,55,33,77,51,validation
T001444,Pune,couple,2,0,0,2,packed,18271,medium,standard,no_restriction,vegetarian,lowest_cost,November,2,senior_traveller,94,89,75,79,56,28,7,51,69,46,57,62,test
T001445,Nagpur,friends,7,0,0,7,easy_going,189102,medium,budget,reduced_walking,vegetarian,balanced,May,12,balanced_traveller,90,88,29,71,26,23,64,5,9,66,95,3,train
T001446,Delhi,family,2,4,0,6,packed,46431,medium,standard,no_restriction,vegan,lowest_cost,November,3,adventure_traveller,70,37,82,86,53,84,61,33,64,85,67,2,validation
T001447,Bengaluru,family,5,4,0,9,packed,66276,medium,budget,no_restriction,non_vegetarian,private_transport,February,3,culture_traveller,65,70,63,47,36,35,37,50,77,79,47,76,test
T001448,Hyderabad,couple,2,0,0,2,balanced,60259,high,standard,no_restriction,vegetarian,private_transport,April,4,beach_traveller,55,34,82,90,71,65,48,51,29,89,58,15,validation
T001449,Jaipur,friends,4,0,0,4,balanced,35185,high,budget,no_restriction,no_preference,lowest_cost,February,2,wellness_traveller,96,52,78,71,80,28,12,57,68,46,63,28,train
T001450,Bengaluru,family,2,4,0,6,packed,38746,medium,budget,no_restriction,non_vegetarian,public_transport,November,1,family_traveller,77,85,92,47,53,89,60,41,51,47,61,60,validation
T001451,Delhi,family,5,4,0,9,balanced,80717,medium,standard,no_restriction,no_preference,balanced,November,3,food_traveller,97,75,67,61,69,21,71,71,44,50,19,57,train
T001452,Pune,couple,2,0,0,2,balanced,11512,low,standard,no_restriction,non_vegetarian,fastest,January,2,nightlife_traveller,80,58,80,56,41,65,89,83,0,72,59,15,train
T001453,Ahmedabad,couple,2,0,0,2,packed,10968,medium,standard,no_restriction,vegan,balanced,October,1,beach_traveller,54,31,99,67,62,83,50,49,23,88,64,15,train
T001454,Nagpur,seniors,0,0,2,2,packed,30980,medium,premium,no_restriction,jain,balanced,March,3,senior_traveller,95,77,75,59,40,19,9,89,45,80,43,60,train
T001455,Mumbai,family,4,3,0,7,easy_going,99824,high,premium,no_restriction,non_vegetarian,public_transport,November,2,family_traveller,88,63,91,50,77,71,53,54,76,72,68,70,train
T001456,Bengaluru,couple,2,0,0,2,easy_going,10008,medium,budget,no_restriction,no_preference,balanced,January,1,nightlife_traveller,94,68,50,51,45,48,76,70,14,61,52,22,test
T001457,Hyderabad,family,3,3,0,6,easy_going,58310,low,standard,no_restriction,vegan,fastest,December,5,family_traveller,86,97,75,45,59,74,39,60,54,67,64,57,train
T001458,Chennai,couple,2,0,0,2,balanced,21069,medium,standard,no_restriction,vegan,private_transport,December,2,beach_traveller,34,21,81,66,60,43,58,52,0,73,45,32,train
T001459,Pune,couple,2,0,0,2,balanced,36188,medium,budget,no_restriction,non_vegetarian,lowest_cost,January,5,family_traveller,89,28,21,27,81,26,60,34,65,59,99,31,train
T001460,Nagpur,family,5,2,1,8,balanced,130871,high,budget,no_restriction,no_preference,balanced,December,5,family_traveller,92,86,84,39,50,47,47,57,59,60,72,62,train
T001461,Kochi,friends,3,0,0,3,packed,15210,low,standard,no_restriction,vegetarian,balanced,December,2,senior_traveller,89,67,73,42,78,46,10,63,60,53,37,84,train
T001462,Pune,couple,2,0,0,2,balanced,78489,low,luxury,no_restriction,no_preference,balanced,June,4,food_traveller,97,89,73,30,63,23,41,73,54,40,9,51,train
T001463,Nagpur,seniors,2,0,1,3,easy_going,34455,medium,budget,no_restriction,no_preference,fastest,November,3,senior_traveller,76,90,79,71,62,14,34,49,53,63,59,48,train
T001464,Kolkata,friends,3,0,0,3,easy_going,144940,high,premium,no_restriction,non_vegetarian,lowest_cost,November,7,culture_traveller,41,54,99,95,11,97,75,68,90,32,39,87,test
T001465,Jaipur,family,3,4,0,7,easy_going,115602,medium,budget,no_restriction,no_preference,balanced,January,7,culture_traveller,34,77,52,41,68,38,19,60,81,82,70,67,train
T001466,Kolkata,couple,2,0,0,2,packed,25805,medium,budget,no_restriction,no_preference,private_transport,December,3,family_traveller,74,85,81,64,68,39,69,53,66,62,79,57,validation
T001467,Kolkata,family,2,1,0,3,easy_going,53957,medium,budget,no_restriction,vegetarian,public_transport,November,7,family_traveller,76,80,92,58,52,54,78,61,46,51,42,51,train
T001468,Hyderabad,friends,3,0,0,3,packed,39278,high,budget,no_restriction,vegetarian,balanced,December,2,beach_traveller,66,0,82,70,34,44,54,48,34,82,51,2,train
T001469,Ahmedabad,friends,6,0,0,6,balanced,147533,low,premium,no_restriction,no_preference,balanced,March,9,nightlife_traveller,92,48,29,88,59,66,75,71,22,33,53,33,test
T001470,Indore,couple,2,0,0,2,easy_going,38142,medium,standard,no_restriction,vegetarian,private_transport,December,4,adventure_traveller,61,72,69,82,32,79,37,27,48,91,50,11,validation
T001471,Ahmedabad,seniors,0,0,3,3,easy_going,51482,medium,standard,no_restriction,non_vegetarian,balanced,December,5,culture_traveller,67,77,63,61,59,3,37,42,79,89,52,82,validation
T001472,Chennai,couple,2,0,0,2,balanced,34620,medium,budget,no_restriction,no_preference,private_transport,September,5,wellness_traveller,53,85,51,6,3,86,22,52,77,25,73,7,train
T001473,Pune,family,3,2,0,5,easy_going,52774,low,budget,no_restriction,vegetarian,balanced,December,8,family_traveller,87,85,84,61,53,43,38,64,58,62,47,58,test
T001474,Nagpur,friends,4,0,0,4,balanced,32463,medium,premium,reduced_walking,no_preference,lowest_cost,January,1,food_traveller,84,83,62,51,57,9,74,71,47,51,51,66,train
T001475,Pune,couple,2,0,0,2,easy_going,30895,medium,standard,no_restriction,vegan,lowest_cost,January,4,adventure_traveller,47,66,89,66,50,78,54,42,47,94,55,40,test
T001476,Hyderabad,solo,1,0,0,1,easy_going,151162,medium,luxury,no_restriction,no_preference,fastest,December,6,balanced_traveller,65,32,65,54,39,58,38,64,74,35,56,55,train
T001477,Bengaluru,couple,2,0,0,2,easy_going,17985,high,budget,no_restriction,no_preference,lowest_cost,January,1,senior_traveller,61,85,66,49,65,18,36,57,56,70,52,56,validation
T001478,Ahmedabad,couple,2,0,0,2,packed,136061,medium,premium,no_restriction,vegetarian,lowest_cost,November,9,adventure_traveller,51,42,72,19,13,58,74,49,79,84,91,37,train
T001479,Ahmedabad,solo,1,0,0,1,balanced,16525,medium,standard,no_restriction,no_preference,fastest,October,3,balanced_traveller,60,70,43,46,61,56,49,41,60,64,62,57,train
T001480,Bengaluru,seniors,2,0,1,3,packed,19136,medium,budget,no_restriction,vegetarian,balanced,January,1,senior_traveller,80,82,88,71,73,26,19,74,52,57,54,31,train
T001481,Jaipur,seniors,0,0,1,1,packed,22576,medium,standard,no_restriction,no_preference,private_transport,November,4,senior_traveller,78,74,87,46,53,26,18,51,40,68,52,64,validation
T001482,Jaipur,friends,4,0,0,4,packed,33534,medium,budget,no_restriction,non_vegetarian,lowest_cost,April,3,culture_traveller,39,92,58,48,50,4,33,79,70,90,54,92,test
T001483,Nagpur,family,3,4,0,7,packed,76367,low,budget,no_restriction,vegan,fastest,December,6,family_traveller,84,72,80,84,52,52,62,50,58,51,61,56,train
T001484,Pune,family,5,3,0,8,balanced,64757,low,standard,no_restriction,no_preference,balanced,December,4,beach_traveller,43,6,83,82,47,57,49,72,18,90,36,24,train
T001485,Jaipur,couple,2,0,0,2,balanced,54406,low,premium,no_restriction,no_preference,balanced,November,5,nightlife_traveller,84,45,51,43,34,43,82,92,32,43,47,7,train
T001486,Bengaluru,couple,2,0,0,2,balanced,24787,medium,premium,no_restriction,vegetarian,public_transport,January,2,food_traveller,76,71,64,53,13,26,68,75,62,54,0,80,validation
T001487,Indore,solo,1,0,0,1,balanced,20323,medium,standard,no_restriction,vegetarian,balanced,August,4,beach_traveller,69,27,78,73,38,57,54,71,32,82,56,5,train
T001488,Jaipur,family,4,2,0,6,packed,74182,medium,standard,no_restriction,no_preference,private_transport,August,5,family_traveller,75,83,76,63,53,36,64,64,84,57,59,62,validation
T001489,Hyderabad,couple,2,0,0,2,packed,80671,high,luxury,no_restriction,no_preference,balanced,November,3,culture_traveller,86,81,57,52,64,23,11,44,78,75,54,83,test
T001490,Jaipur,friends,4,0,0,4,easy_going,26188,medium,standard,no_restriction,no_preference,lowest_cost,September,2,nightlife_traveller,82,56,57,52,61,48,73,74,11,41,36,26,train
T001491,Jaipur,couple,2,0,0,2,easy_going,65164,high,standard,no_restriction,no_preference,balanced,February,5,adventure_traveller,51,62,76,85,60,70,59,6,43,84,52,24,train
T001492,Chennai,seniors,1,0,4,5,packed,71072,medium,premium,no_restriction,no_preference,private_transport,January,3,nightlife_traveller,83,65,40,64,68,63,80,86,36,56,57,47,train
T001493,Mumbai,family,2,3,0,5,balanced,44946,medium,premium,no_restriction,no_preference,lowest_cost,March,2,senior_traveller,92,100,82,57,27,31,25,60,42,80,75,60,train
T001494,Hyderabad,friends,3,0,0,3,balanced,14664,medium,standard,no_restriction,non_vegetarian,balanced,April,1,food_traveller,25,69,62,61,85,25,47,16,21,37,70,83,train
T001495,Delhi,family,3,1,0,4,balanced,43714,medium,premium,no_restriction,no_preference,private_transport,February,2,beach_traveller,49,10,78,74,59,61,65,47,30,74,67,0,test
T001496,Ahmedabad,solo,1,0,0,1,balanced,16056,low,budget,no_restriction,non_vegetarian,private_transport,December,8,wellness_traveller,90,84,76,58,78,33,16,67,52,83,30,61,test
T001497,Nagpur,friends,7,0,0,7,easy_going,38040,low,budget,no_restriction,vegan,lowest_cost,December,2,nightlife_traveller,89,77,61,32,72,64,93,69,4,57,72,40,train
T001498,Ahmedabad,friends,6,0,0,6,easy_going,59533,medium,luxury,no_restriction,jain,fastest,January,2,beach_traveller,63,44,77,74,57,46,37,69,21,83,33,12,train
T001499,Jaipur,solo,1,0,0,1,balanced,23466,high,budget,no_restriction,vegetarian,fastest,November,3,balanced_traveller,46,49,51,43,51,71,53,42,29,79,70,60,train
T001500,Nagpur,friends,7,0,0,7,packed,47092,medium,budget,no_restriction,non_vegetarian,public_transport,October,3,family_traveller,86,76,93,56,76,40,64,46,49,67,54,88,train
T001501,Pune,couple,2,0,0,2,easy_going,117323,high,premium,no_restriction,vegetarian,balanced,December,5,adventure_traveller,40,46,77,80,61,86,52,40,52,66,52,20,train
T001502,Bengaluru,couple,2,0,0,2,balanced,44816,high,standard,no_restriction,vegetarian,public_transport,December,4,adventure_traveller,50,55,82,89,72,94,72,43,69,77,75,2,train
T001503,Hyderabad,solo,1,0,0,1,balanced,5000,low,budget,no_restriction,non_vegetarian,public_transport,January,1,nightlife_traveller,78,66,73,43,58,60,79,89,11,57,52,50,train
T001504,Mumbai,friends,6,0,0,6,balanced,109407,high,budget,no_restriction,no_preference,balanced,October,4,food_traveller,84,91,72,53,67,11,52,85,52,41,30,47,train
T001505,Pune,family,5,3,1,9,easy_going,135669,high,standard,no_restriction,no_preference,fastest,March,5,senior_traveller,82,70,73,59,63,24,5,34,56,34,68,44,train
T001506,Mumbai,couple,2,0,0,2,packed,16844,medium,standard,no_restriction,non_vegetarian,fastest,January,1,beach_traveller,35,49,74,76,91,90,10,11,49,58,59,48,train
T001507,Indore,seniors,0,0,3,3,easy_going,122436,high,premium,no_restriction,non_vegetarian,lowest_cost,December,5,senior_traveller,80,81,77,50,54,30,18,33,42,68,48,55,train
T001508,Chennai,couple,2,0,0,2,easy_going,15827,high,standard,no_restriction,jain,private_transport,August,1,beach_traveller,52,19,76,84,62,48,62,57,18,75,84,35,validation
T001509,Pune,family,3,1,0,4,balanced,32317,low,standard,no_restriction,no_preference,balanced,December,3,family_traveller,73,78,89,80,49,45,69,41,42,60,82,46,train
T001510,Nagpur,family,4,4,0,8,balanced,45051,low,budget,no_restriction,no_preference,fastest,January,2,family_traveller,81,69,72,68,73,51,45,35,68,68,23,27,train
T001511,Indore,friends,7,0,0,7,packed,78082,low,luxury,no_restriction,jain,balanced,October,4,adventure_traveller,53,52,92,90,77,100,57,4,50,86,74,6,validation
T001512,Jaipur,friends,4,0,0,4,balanced,24233,medium,standard,no_restriction,non_vegetarian,lowest_cost,November,2,nightlife_traveller,83,28,54,55,43,52,90,91,13,63,39,16,train
T001513,Hyderabad,couple,2,0,0,2,packed,50473,medium,standard,no_restriction,no_preference,fastest,April,6,balanced_traveller,1,93,86,46,0,58,81,28,17,90,76,44,train
T001514,Nagpur,couple,2,0,0,2,easy_going,8940,low,budget,no_restriction,vegetarian,private_transport,November,2,culture_traveller,57,77,54,66,48,32,48,64,81,91,43,94,test
T001515,Hyderabad,family,3,3,1,7,easy_going,127939,medium,standard,no_restriction,vegetarian,fastest,December,8,food_traveller,98,55,32,9,91,94,25,43,64,11,53,21,train
T001516,Chennai,friends,5,0,0,5,balanced,47986,medium,standard,no_restriction,non_vegetarian,fastest,January,4,nightlife_traveller,11,57,76,11,50,64,40,69,34,62,76,95,test
T001517,Indore,family,3,2,1,6,packed,39482,low,premium,no_restriction,no_preference,balanced,January,2,balanced_traveller,44,44,63,63,45,79,60,58,54,68,61,79,test
T001518,Jaipur,couple,2,0,0,2,balanced,36263,low,premium,no_restriction,no_preference,private_transport,March,4,culture_traveller,62,84,63,72,68,26,28,41,81,73,56,90,train
T001519,Mumbai,seniors,0,0,4,4,balanced,22023,low,standard,no_restriction,vegan,balanced,January,3,senior_traveller,67,75,75,56,61,31,23,65,44,69,17,75,train
T001520,Ahmedabad,friends,7,0,0,7,balanced,44643,medium,premium,no_restriction,no_preference,lowest_cost,January,2,culture_traveller,77,9,22,81,69,9,7,40,60,24,58,35,train
T001521,Kochi,friends,4,0,0,4,balanced,169719,high,premium,no_restriction,no_preference,fastest,April,8,family_traveller,70,68,85,49,75,55,55,66,36,61,52,69,train
T001522,Kolkata,friends,4,0,0,4,balanced,58841,high,budget,no_restriction,non_vegetarian,lowest_cost,January,3,adventure_traveller,42,68,81,90,64,86,42,26,73,70,53,24,train
T001523,Delhi,couple,2,0,0,2,balanced,39593,medium,standard,no_restriction,no_preference,balanced,October,4,adventure_traveller,65,71,74,80,51,90,74,13,19,91,57,20,test
T001524,Hyderabad,friends,6,0,0,6,easy_going,34190,low,standard,no_restriction,vegetarian,fastest,November,2,balanced_traveller,54,45,64,53,55,36,51,50,62,53,25,52,validation
T001525,Jaipur,couple,2,0,0,2,balanced,37484,high,standard,no_restriction,no_preference,lowest_cost,February,2,adventure_traveller,61,42,78,71,50,80,43,24,62,100,68,35,test
T001526,Indore,couple,2,0,0,2,balanced,25610,low,standard,no_restriction,no_preference,balanced,December,5,culture_traveller,72,96,34,69,45,41,37,64,76,78,52,88,validation
T001527,Indore,solo,1,0,0,1,packed,103151,high,premium,no_restriction,no_preference,public_transport,December,6,wellness_traveller,81,41,85,73,82,32,22,44,81,27,57,47,train
T001528,Kochi,solo,1,0,0,1,balanced,23736,high,standard,no_restriction,vegan,balanced,November,3,balanced_traveller,51,35,32,66,67,61,59,48,74,35,51,58,validation
T001529,Bengaluru,friends,3,0,0,3,easy_going,13869,low,budget,no_restriction,no_preference,fastest,September,1,balanced_traveller,58,49,50,63,45,28,76,71,71,43,56,41,train
T001530,Mumbai,solo,1,0,0,1,balanced,46409,low,luxury,no_restriction,no_preference,public_transport,December,3,culture_traveller,73,66,72,72,57,25,15,36,86,83,60,85,train
T001531,Delhi,friends,6,0,0,6,balanced,27247,low,luxury,no_restriction,no_preference,private_transport,February,1,balanced_traveller,60,56,48,56,60,54,70,64,57,28,54,64,train
T001532,Chennai,friends,5,0,0,5,balanced,41755,high,budget,no_restriction,vegetarian,balanced,February,2,senior_traveller,79,100,75,49,48,3,0,54,58,48,51,74,train
T001533,Jaipur,family,2,1,0,3,easy_going,58810,high,budget,no_restriction,vegetarian,balanced,February,4,beach_traveller,48,40,92,69,89,92,1,87,95,45,63,34,validation
T001534,Mumbai,solo,1,0,0,1,balanced,6880,low,budget,no_restriction,no_preference,fastest,January,3,senior_traveller,88,81,92,74,76,1,25,38,72,74,68,51,validation
T001535,Kolkata,friends,7,0,0,7,easy_going,177413,high,standard,no_restriction,no_preference,lowest_cost,December,7,wellness_traveller,88,76,72,52,93,9,25,100,64,57,67,66,train
T001536,Mumbai,solo,1,0,0,1,packed,72573,medium,premium,no_restriction,vegetarian,fastest,December,6,food_traveller,63,87,71,33,53,19,53,70,72,40,0,40,test
T001537,Kolkata,couple,2,0,0,2,easy_going,31352,low,premium,no_restriction,non_vegetarian,fastest,December,3,nightlife_traveller,84,57,53,58,75,66,81,75,10,68,37,51,train
T001538,Delhi,solo,1,0,0,1,balanced,108130,high,luxury,no_restriction,non_vegetarian,balanced,March,3,family_traveller,82,89,84,72,51,60,61,70,48,66,46,50,train
T001539,Jaipur,solo,1,0,0,1,easy_going,12589,medium,standard,no_restriction,no_preference,fastest,February,2,senior_traveller,72,80,82,46,75,15,11,59,46,68,66,58,train
T001540,Kochi,solo,1,0,0,1,packed,15211,medium,budget,no_restriction,no_preference,public_transport,October,3,family_traveller,86,90,82,75,42,56,44,71,62,71,40,49,train
T001541,Nagpur,solo,1,0,0,1,balanced,65290,low,luxury,no_restriction,no_preference,private_transport,February,4,adventure_traveller,49,58,76,66,58,79,45,15,52,82,54,22,train
T001542,Ahmedabad,couple,2,0,0,2,easy_going,22168,medium,standard,no_restriction,vegetarian,balanced,February,2,family_traveller,87,98,71,79,34,39,60,69,56,62,70,71,train
T001543,Ahmedabad,friends,4,0,0,4,packed,16891,medium,budget,no_restriction,non_vegetarian,fastest,March,1,beach_traveller,65,20,75,71,79,56,52,43,34,90,66,19,train
T001544,Pune,couple,2,0,0,2,balanced,35764,low,premium,no_restriction,vegetarian,public_transport,December,3,nightlife_traveller,82,30,53,51,70,77,95,91,21,61,61,4,train
T001545,Bengaluru,family,2,1,0,3,easy_going,55779,medium,premium,no_restriction,non_vegetarian,fastest,February,3,balanced_traveller,52,77,53,57,54,65,32,54,57,45,61,66,train
T001546,Ahmedabad,solo,1,0,0,1,balanced,14058,low,standard,no_restriction,non_vegetarian,lowest_cost,April,4,nightlife_traveller,79,54,65,69,55,54,65,76,7,60,55,8,train
T001547,Kochi,friends,5,0,0,5,balanced,124551,medium,luxury,no_restriction,no_preference,public_transport,July,5,balanced_traveller,70,40,54,65,49,67,60,59,48,61,80,59,train
T001548,Kolkata,solo,1,0,0,1,balanced,16672,high,standard,no_restriction,vegetarian,lowest_cost,April,1,senior_traveller,97,80,81,75,45,20,27,61,57,55,67,59,test
T001549,Mumbai,friends,8,0,0,8,balanced,49516,medium,premium,no_restriction,vegetarian,lowest_cost,January,2,beach_traveller,69,39,84,90,54,38,42,54,30,80,71,43,train
T001550,Mumbai,family,2,2,0,4,easy_going,84909,high,standard,no_restriction,non_vegetarian,private_transport,February,6,culture_traveller,43,94,55,61,67,46,31,54,73,84,69,83,validation
T001551,Pune,solo,1,0,0,1,easy_going,7408,low,budget,no_restriction,non_vegetarian,balanced,October,2,food_traveller,80,73,58,65,54,8,59,100,30,59,12,51,validation
T001552,Chennai,couple,2,0,0,2,balanced,119012,low,luxury,wheelchair_friendly_preference,non_vegetarian,balanced,November,7,food_traveller,88,93,52,62,31,0,62,87,52,49,15,59,train
T001553,Hyderabad,couple,2,0,0,2,balanced,54985,medium,luxury,no_restriction,vegetarian,balanced,December,2,senior_traveller,79,79,93,80,59,14,2,40,74,39,51,58,train
T001554,Kochi,friends,8,0,0,8,easy_going,154265,medium,premium,no_restriction,no_preference,lowest_cost,November,7,family_traveller,87,83,84,71,35,41,56,29,54,67,61,57,train
T001555,Indore,family,2,2,0,4,packed,22802,low,standard,no_restriction,non_vegetarian,fastest,May,2,balanced_traveller,59,32,31,46,41,44,41,55,46,70,59,66,train
T001556,Delhi,couple,2,0,0,2,balanced,27318,low,luxury,no_restriction,non_vegetarian,private_transport,March,2,family_traveller,72,80,91,54,55,48,36,62,53,62,58,45,train
T001557,Jaipur,solo,1,0,0,1,easy_going,12152,medium,standard,no_restriction,no_preference,private_transport,July,2,beach_traveller,52,10,72,66,65,50,52,67,20,69,65,39,test
T001558,Delhi,seniors,0,0,2,2,easy_going,20821,medium,standard,no_restriction,non_vegetarian,fastest,October,2,family_traveller,87,80,81,62,66,63,35,60,49,50,62,77,train
T001559,Jaipur,friends,6,0,0,6,easy_going,34934,low,budget,no_restriction,vegetarian,private_transport,February,3,culture_traveller,70,78,63,58,52,32,11,30,84,82,49,74,train
T001560,Bengaluru,solo,1,0,0,1,easy_going,50803,high,premium,no_restriction,vegan,balanced,February,3,food_traveller,89,88,60,53,52,6,59,77,51,64,41,61,train
T001561,Hyderabad,solo,1,0,0,1,balanced,48833,high,standard,no_restriction,no_preference,lowest_cost,March,5,food_traveller,17,50,85,65,60,74,63,44,81,31,92,11,validation
T001562,Jaipur,friends,7,0,0,7,balanced,35273,medium,standard,no_restriction,vegetarian,balanced,February,1,beach_traveller,52,21,76,86,50,44,56,48,15,81,40,38,train
T001563,Bengaluru,family,3,3,0,6,balanced,24667,low,budget,no_restriction,vegetarian,fastest,July,1,family_traveller,51,73,93,97,45,61,55,53,11,67,96,12,validation
T001564,Ahmedabad,friends,6,0,0,6,easy_going,40135,low,budget,no_restriction,no_preference,balanced,February,4,adventure_traveller,38,68,81,79,60,70,62,12,55,91,64,17,train
T001565,Delhi,friends,7,0,0,7,packed,75308,high,standard,no_restriction,non_vegetarian,lowest_cost,December,2,nightlife_traveller,96,43,49,80,50,73,73,83,34,51,58,29,train
T001566,Kochi,friends,7,0,0,7,packed,54232,low,budget,no_restriction,no_preference,balanced,December,4,adventure_traveller,38,57,87,76,42,92,63,15,68,83,78,28,train
T001567,Nagpur,family,4,4,0,8,packed,137227,medium,luxury,no_restriction,no_preference,balanced,November,5,family_traveller,79,79,66,76,31,62,57,53,56,49,64,41,train
T001568,Chennai,friends,3,0,0,3,easy_going,26284,medium,premium,no_restriction,no_preference,private_transport,November,1,wellness_traveller,90,75,85,79,96,15,16,63,49,89,66,57,train
T001569,Pune,couple,2,0,0,2,easy_going,44351,high,standard,no_restriction,no_preference,fastest,November,3,beach_traveller,66,16,85,71,60,47,72,57,28,84,78,0,train
T001570,Kochi,friends,7,0,0,7,balanced,80959,low,budget,no_restriction,no_preference,balanced,February,9,nightlife_traveller,90,42,55,70,55,51,100,93,21,45,32,29,train
T001571,Nagpur,couple,2,0,0,2,balanced,21226,low,standard,no_restriction,no_preference,balanced,January,4,wellness_traveller,86,54,75,66,64,12,27,71,62,48,56,60,validation
T001572,Ahmedabad,couple,2,0,0,2,balanced,11036,medium,budget,no_restriction,no_preference,private_transport,August,1,nightlife_traveller,70,41,18,11,41,44,13,48,50,98,71,1,train
T001573,Delhi,couple,2,0,0,2,packed,32866,high,standard,no_restriction,vegetarian,balanced,March,2,food_traveller,81,74,53,77,72,18,66,82,35,33,8,38,train
T001574,Delhi,seniors,2,0,1,3,easy_going,24764,low,standard,no_restriction,vegetarian,lowest_cost,December,3,senior_traveller,67,85,92,42,57,25,12,52,64,58,58,45,train
T001575,Pune,family,4,3,0,7,balanced,40253,medium,standard,no_restriction,non_vegetarian,balanced,November,2,food_traveller,79,77,53,64,52,15,65,82,49,59,32,69,train
T001576,Chennai,solo,1,0,0,1,easy_going,10359,medium,budget,no_restriction,vegan,fastest,January,2,adventure_traveller,53,62,82,85,49,86,52,53,41,100,45,36,train
T001577,Nagpur,friends,7,0,0,7,packed,90241,high,premium,no_restriction,vegetarian,balanced,October,2,senior_traveller,71,73,64,67,65,5,28,80,38,49,38,68,train
T001578,Delhi,couple,2,0,0,2,balanced,23797,medium,premium,no_restriction,vegan,balanced,January,2,nightlife_traveller,72,47,63,15,71,72,74,46,64,54,23,2,train
T001579,Kolkata,friends,5,0,0,5,packed,66410,high,standard,no_restriction,jain,balanced,April,2,balanced_traveller,47,59,69,67,62,38,46,54,68,50,42,74,train
T001580,Pune,friends,4,0,0,4,balanced,49893,high,premium,no_restriction,non_vegetarian,private_transport,February,1,senior_traveller,74,90,86,58,36,12,17,55,70,80,64,50,train
T001581,Kolkata,solo,1,0,0,1,balanced,229661,high,luxury,no_restriction,vegetarian,balanced,February,6,senior_traveller,83,94,78,82,57,13,51,35,50,37,34,32,train
T001582,Jaipur,solo,1,0,0,1,balanced,93944,high,luxury,no_restriction,no_preference,balanced,July,4,adventure_traveller,38,50,78,93,43,62,56,3,55,87,55,14,train
T001583,Nagpur,friends,4,0,0,4,balanced,53344,medium,luxury,no_restriction,vegetarian,fastest,February,2,nightlife_traveller,81,60,53,65,60,50,92,86,9,46,54,25,train
T001584,Hyderabad,seniors,0,0,1,1,packed,20066,medium,standard,no_restriction,no_preference,lowest_cost,April,3,beach_traveller,67,27,96,99,32,70,54,63,30,87,69,12,train
T001585,Pune,family,2,1,0,3,packed,10401,low,standard,no_restriction,vegetarian,balanced,November,1,wellness_traveller,62,52,80,41,76,39,22,61,47,41,54,27,train
T001586,Mumbai,couple,2,0,0,2,packed,63543,medium,premium,no_restriction,vegetarian,balanced,December,4,beach_traveller,50,12,83,92,62,68,46,64,11,83,64,13,test
T001587,Pune,solo,1,0,0,1,balanced,46640,high,standard,no_restriction,no_preference,fastest,September,4,adventure_traveller,31,41,24,1,1,92,73,69,78,69,6,92,train
T001588,Delhi,friends,8,0,0,8,balanced,65901,medium,budget,no_restriction,no_preference,balanced,January,3,food_traveller,79,75,47,53,72,25,63,88,45,48,26,47,test
T001589,Chennai,solo,1,0,0,1,easy_going,18514,low,premium,reduced_walking,non_vegetarian,balanced,October,2,wellness_traveller,79,57,84,51,81,22,26,56,46,58,65,41,train
T001590,Jaipur,solo,1,0,0,1,balanced,34257,high,premium,no_restriction,non_vegetarian,fastest,January,2,beach_traveller,44,25,76,80,61,56,66,58,13,88,69,21,train
T001591,Bengaluru,friends,8,0,0,8,balanced,57588,low,premium,no_restriction,vegetarian,private_transport,March,2,adventure_traveller,57,45,79,81,50,86,68,0,55,58,55,18,train
T001592,Ahmedabad,couple,2,0,0,2,packed,30057,low,budget,no_restriction,non_vegetarian,lowest_cost,April,6,beach_traveller,30,3,84,81,52,64,39,49,26,76,60,5,train
T001593,Delhi,solo,1,0,0,1,packed,19843,medium,premium,no_restriction,no_preference,fastest,October,2,culture_traveller,29,79,65,63,53,19,13,53,87,76,49,69,test
T001594,Hyderabad,seniors,2,0,4,6,easy_going,60496,low,premium,no_restriction,vegetarian,balanced,March,3,food_traveller,81,83,60,40,30,44,37,94,62,58,13,84,train
T001595,Kochi,couple,2,0,0,2,easy_going,53613,high,premium,no_restriction,non_vegetarian,fastest,November,3,culture_traveller,44,74,49,49,43,0,38,67,81,73,71,81,train
T001596,Kolkata,solo,1,0,0,1,packed,36239,medium,luxury,no_restriction,non_vegetarian,balanced,August,2,senior_traveller,90,68,89,49,66,38,22,56,55,51,70,55,train
T001597,Nagpur,family,5,2,1,8,easy_going,45708,low,premium,no_restriction,no_preference,lowest_cost,December,3,food_traveller,87,76,36,47,73,23,64,76,62,38,32,43,train
T001598,Delhi,couple,2,0,0,2,balanced,69947,high,premium,no_restriction,vegan,private_transport,January,4,nightlife_traveller,95,57,58,47,49,71,93,88,27,64,56,4,train
T001599,Nagpur,family,5,2,0,7,balanced,75660,medium,standard,no_restriction,vegetarian,fastest,June,4,family_traveller,82,87,82,80,66,54,55,61,65,42,64,42,train
T001600,Delhi,solo,1,0,0,1,balanced,29792,low,premium,no_restriction,vegetarian,public_transport,October,5,nightlife_traveller,84,70,59,45,17,65,10,60,18,59,15,9,train
T001601,Nagpur,solo,1,0,0,1,balanced,44777,medium,premium,no_restriction,vegetarian,balanced,December,5,balanced_traveller,15,20,78,39,79,41,79,89,44,98,93,1,train
T001602,Kochi,friends,4,0,0,4,balanced,190544,high,premium,no_restriction,vegetarian,balanced,November,8,family_traveller,73,96,83,50,52,57,68,46,52,56,75,68,test
T001603,Chennai,friends,6,0,0,6,packed,39734,low,luxury,no_restriction,no_preference,fastest,January,2,beach_traveller,59,18,81,93,47,41,49,65,30,86,67,23,validation
T001604,Kolkata,friends,5,0,0,5,packed,43581,medium,budget,no_restriction,vegetarian,public_transport,January,3,family_traveller,82,75,88,40,77,60,53,40,43,56,79,59,train
T001605,Pune,family,3,2,1,6,easy_going,145366,medium,luxury,no_restriction,non_vegetarian,lowest_cost,December,4,beach_traveller,50,14,68,82,47,37,50,47,20,77,39,8,train
T001606,Indore,family,5,3,0,8,packed,56388,low,standard,no_restriction,vegetarian,balanced,January,4,family_traveller,98,88,51,78,88,46,9,48,35,2,95,71,test
T001607,Indore,family,4,1,0,5,packed,29962,low,budget,no_restriction,non_vegetarian,private_transport,November,3,family_traveller,74,91,92,49,59,56,71,50,52,73,44,51,test
T001608,Kochi,friends,7,0,0,7,easy_going,39504,low,standard,no_restriction,no_preference,private_transport,August,2,adventure_traveller,47,52,79,96,45,72,66,11,66,80,62,0,train
T001609,Mumbai,solo,1,0,0,1,easy_going,34225,high,budget,no_restriction,vegetarian,lowest_cost,March,5,senior_traveller,80,81,71,55,70,20,11,48,56,42,46,75,test
T001610,Jaipur,friends,7,0,0,7,packed,55018,low,premium,no_restriction,no_preference,private_transport,January,4,wellness_traveller,91,48,76,52,76,20,31,52,68,73,62,63,test
T001611,Chennai,couple,2,0,0,2,easy_going,60054,low,luxury,no_restriction,vegetarian,fastest,December,3,balanced_traveller,65,49,43,53,78,50,35,39,62,47,32,40,train
T001612,Nagpur,couple,2,0,0,2,balanced,32765,medium,budget,no_restriction,non_vegetarian,public_transport,September,6,balanced_traveller,21,27,68,79,63,6,43,49,35,41,48,55,train
T001613,Chennai,friends,7,0,0,7,balanced,129009,medium,luxury,no_restriction,no_preference,balanced,March,3,senior_traveller,64,81,83,51,56,25,12,67,63,54,47,55,train
T001614,Kochi,family,4,3,0,7,balanced,65118,high,standard,no_restriction,no_preference,balanced,February,2,family_traveller,86,72,96,57,61,62,56,58,58,63,47,45,test
T001615,Indore,couple,2,0,0,2,packed,171069,high,luxury,no_restriction,vegetarian,balanced,November,5,beach_traveller,52,10,94,76,48,54,55,62,32,88,86,0,train
T001616,Nagpur,family,3,4,0,7,easy_going,59480,medium,budget,reduced_walking,no_preference,private_transport,March,5,beach_traveller,64,4,93,75,67,60,58,66,0,77,65,44,train
T001617,Jaipur,family,2,4,1,7,balanced,62638,low,premium,no_restriction,non_vegetarian,fastest,December,3,family_traveller,89,67,90,59,52,57,46,37,46,34,40,37,train
T001618,Bengaluru,family,5,3,0,8,balanced,151159,medium,budget,no_restriction,non_vegetarian,public_transport,February,9,family_traveller,85,74,72,50,67,67,72,56,63,63,55,53,train
T001619,Delhi,friends,7,0,0,7,balanced,72537,high,standard,no_restriction,vegetarian,lowest_cost,December,2,nightlife_traveller,79,51,56,52,71,79,82,86,32,58,46,14,test
T001620,Bengaluru,solo,1,0,0,1,balanced,10052,low,premium,no_restriction,no_preference,balanced,October,1,balanced_traveller,36,62,70,71,35,64,52,41,53,65,74,40,train
T001621,Hyderabad,solo,1,0,0,1,balanced,6964,low,budget,no_restriction,non_vegetarian,balanced,January,2,beach_traveller,63,12,80,89,48,40,49,46,12,68,59,31,train
T001622,Nagpur,couple,2,0,0,2,packed,15316,medium,standard,no_restriction,no_preference,balanced,November,2,senior_traveller,91,79,74,56,48,0,33,57,48,61,57,73,train
T001623,Indore,couple,2,0,0,2,packed,35919,low,premium,no_restriction,no_preference,balanced,February,5,food_traveller,77,95,67,59,68,2,81,75,72,63,23,71,train
T001624,Chennai,solo,1,0,0,1,easy_going,10207,medium,premium,no_restriction,non_vegetarian,fastest,December,1,wellness_traveller,75,64,89,56,83,24,28,54,45,61,80,45,train
T001625,Bengaluru,couple,2,0,0,2,balanced,23039,medium,budget,no_restriction,vegetarian,balanced,December,3,balanced_traveller,41,47,56,51,54,62,74,66,57,56,70,79,train
T001626,Hyderabad,family,4,2,0,6,balanced,65491,high,standard,no_restriction,no_preference,lowest_cost,December,2,food_traveller,86,83,44,72,51,21,61,83,74,63,24,55,train
T001627,Ahmedabad,couple,2,0,0,2,balanced,23617,low,standard,no_restriction,no_preference,public_transport,May,3,beach_traveller,80,30,68,88,69,83,54,58,25,75,46,25,train
T001628,Ahmedabad,couple,2,0,0,2,balanced,23229,medium,budget,no_restriction,no_preference,fastest,October,3,adventure_traveller,56,39,79,81,58,78,63,0,61,96,49,20,validation
T001629,Hyderabad,friends,6,0,0,6,balanced,85350,medium,luxury,no_restriction,vegetarian,lowest_cost,October,3,food_traveller,94,68,45,72,15,95,65,87,55,80,32,13,test
T001630,Delhi,family,4,1,0,5,packed,46871,medium,luxury,no_restriction,no_preference,public_transport,February,1,family_traveller,91,84,87,50,66,50,43,54,53,68,39,70,test
T001631,Nagpur,solo,1,0,0,1,easy_going,76931,high,luxury,no_restriction,no_preference,lowest_cost,February,2,nightlife_traveller,67,50,81,64,53,45,90,94,5,44,60,24,validation
T001632,Hyderabad,couple,2,0,0,2,balanced,21389,high,budget,no_restriction,no_preference,balanced,October,2,adventure_traveller,43,60,66,83,57,83,46,22,56,92,64,1,train
T001633,Delhi,seniors,2,0,3,5,easy_going,52325,medium,luxury,no_restriction,vegan,balanced,January,1,family_traveller,50,10,67,5,3,90,91,62,45,82,96,5,train
T001634,Kochi,family,4,1,0,5,easy_going,43519,medium,standard,no_restriction,vegetarian,balanced,July,2,family_traveller,72,75,83,42,60,53,50,67,45,74,66,45,test
T001635,Mumbai,solo,1,0,0,1,easy_going,18925,high,standard,no_restriction,non_vegetarian,balanced,December,2,nightlife_traveller,66,66,73,66,51,46,73,72,49,56,67,31,train
T001636,Nagpur,couple,2,0,0,2,balanced,44036,medium,standard,no_restriction,non_vegetarian,private_transport,January,6,culture_traveller,61,84,67,64,81,29,18,50,77,92,78,90,train
T001637,Nagpur,family,3,4,0,7,packed,37582,low,standard,no_restriction,vegetarian,fastest,December,2,food_traveller,60,74,73,75,37,0,66,78,73,65,31,47,train
T001638,Kochi,couple,2,0,0,2,packed,24497,medium,standard,no_restriction,vegetarian,private_transport,January,2,adventure_traveller,53,53,88,95,84,83,53,14,64,80,55,18,train
T001639,Mumbai,solo,1,0,0,1,balanced,7465,medium,budget,no_restriction,vegetarian,lowest_cost,January,2,food_traveller,82,79,70,57,59,39,26,84,47,54,21,48,train
T001640,Jaipur,friends,7,0,0,7,balanced,55107,low,standard,no_restriction,no_preference,public_transport,September,4,culture_traveller,71,89,58,68,59,4,31,34,53,87,62,85,train
T001641,Jaipur,seniors,1,0,2,3,easy_going,51521,low,luxury,no_restriction,no_preference,lowest_cost,November,3,senior_traveller,83,70,100,46,42,19,8,61,38,70,68,55,train
T001642,Kochi,couple,2,0,0,2,balanced,24764,high,standard,no_restriction,vegetarian,lowest_cost,December,1,family_traveller,85,88,85,74,57,40,70,54,47,65,61,41,test
T001643,Hyderabad,solo,1,0,0,1,balanced,30944,high,standard,no_restriction,non_vegetarian,fastest,February,3,beach_traveller,12,82,3,46,24,83,80,76,37,92,89,65,train
T001644,Jaipur,seniors,1,0,2,3,easy_going,32001,low,premium,reduced_walking,vegetarian,lowest_cost,December,3,senior_traveller,84,75,87,49,54,5,20,69,51,64,56,69,train
T001645,Bengaluru,seniors,2,0,4,6,easy_going,96533,high,premium,no_restriction,no_preference,balanced,November,4,senior_traveller,79,75,70,60,73,19,20,56,60,68,80,62,test
T001646,Ahmedabad,friends,3,0,0,3,balanced,18670,medium,premium,no_restriction,no_preference,private_transport,January,1,culture_traveller,59,16,54,18,68,8,60,64,39,91,52,75,validation
T001647,Hyderabad,family,5,1,0,6,packed,106240,low,luxury,no_restriction,no_preference,fastest,December,4,nightlife_traveller,79,42,40,64,37,42,71,85,37,45,62,0,train
T001648,Hyderabad,family,5,2,0,7,balanced,54869,low,budget,no_restriction,no_preference,lowest_cost,November,4,family_traveller,67,72,36,60,15,2,9,10,98,23,13,79,train
T001649,Hyderabad,solo,1,0,0,1,packed,59397,medium,premium,no_restriction,non_vegetarian,fastest,October,5,culture_traveller,51,86,51,53,69,32,16,67,71,79,47,81,train
T001650,Kolkata,family,5,4,0,9,easy_going,43525,medium,standard,no_restriction,no_preference,fastest,November,1,family_traveller,77,87,94,53,47,57,37,71,42,60,60,64,test
T001651,Jaipur,seniors,1,0,1,2,packed,10312,low,premium,no_restriction,vegan,public_transport,January,1,senior_traveller,87,77,77,81,64,22,21,53,81,54,58,37,test
T001652,Hyderabad,solo,1,0,0,1,balanced,32866,low,luxury,no_restriction,non_vegetarian,fastest,December,2,adventure_traveller,53,44,82,96,55,70,74,36,74,81,47,8,test
T001653,Chennai,solo,1,0,0,1,balanced,21333,medium,premium,no_restriction,non_vegetarian,lowest_cost,July,2,adventure_traveller,8,20,55,33,56,64,0,84,5,87,97,90,train
T001654,Ahmedabad,solo,1,0,0,1,easy_going,16455,low,standard,no_restriction,vegetarian,balanced,January,5,family_traveller,92,79,84,72,60,45,57,48,58,47,61,35,test
T001655,Indore,couple,2,0,0,2,easy_going,14304,medium,budget,no_restriction,no_preference,private_transport,December,1,beach_traveller,63,7,83,85,58,52,56,43,27,70,47,28,train
T001656,Chennai,couple,2,0,0,2,packed,25483,medium,standard,no_restriction,non_vegetarian,lowest_cost,October,2,senior_traveller,88,90,84,53,49,27,15,68,68,61,51,51,train
T001657,Pune,couple,2,0,0,2,packed,34851,high,standard,no_restriction,vegetarian,lowest_cost,December,2,nightlife_traveller,79,74,67,55,32,60,72,86,10,49,49,33,train
T001658,Nagpur,couple,2,0,0,2,easy_going,38939,high,standard,no_restriction,vegetarian,lowest_cost,February,3,wellness_traveller,80,38,67,61,71,33,6,63,50,49,46,62,train
T001659,Hyderabad,family,2,3,0,5,easy_going,68480,medium,standard,no_restriction,no_preference,private_transport,November,4,family_traveller,86,81,78,57,71,31,72,49,47,52,46,44,train
T001660,Nagpur,solo,1,0,0,1,packed,38230,high,standard,no_restriction,vegan,balanced,January,4,nightlife_traveller,90,54,49,48,67,48,90,83,1,57,57,1,train
T001661,Delhi,seniors,0,0,2,2,balanced,23861,medium,standard,reduced_walking,no_preference,lowest_cost,November,2,wellness_traveller,51,92,45,47,70,78,82,45,44,47,96,92,train
T001662,Pune,family,3,3,0,6,packed,38364,medium,premium,no_restriction,vegetarian,balanced,March,1,beach_traveller,99,61,42,59,67,49,65,70,17,42,30,79,train
T001663,Nagpur,friends,3,0,0,3,balanced,17660,low,standard,no_restriction,no_preference,fastest,September,2,culture_traveller,54,78,82,51,64,26,0,74,87,83,69,81,train
T001664,Ahmedabad,friends,7,0,0,7,balanced,84518,high,premium,no_restriction,no_preference,private_transport,August,2,senior_traveller,28,55,12,48,1,50,92,94,31,0,91,56,validation
T001665,Delhi,friends,4,0,0,4,easy_going,39686,medium,standard,no_restriction,vegetarian,lowest_cost,December,3,balanced_traveller,74,80,63,60,62,80,63,58,53,55,61,47,validation
T001666,Chennai,friends,6,0,0,6,easy_going,107081,high,standard,no_restriction,no_preference,public_transport,August,4,food_traveller,88,89,53,49,57,19,64,63,48,44,0,51,train
T001667,Bengaluru,seniors,0,0,2,2,easy_going,81309,high,premium,no_restriction,no_preference,balanced,August,4,senior_traveller,83,72,83,49,36,11,36,58,14,48,67,53,train
T001668,Mumbai,family,2,4,0,6,easy_going,23459,low,standard,no_restriction,vegan,lowest_cost,January,2,family_traveller,90,89,71,46,40,39,75,45,43,56,48,84,validation
T001669,Indore,solo,1,0,0,1,packed,13281,high,budget,no_restriction,vegetarian,lowest_cost,November,2,adventure_traveller,66,71,62,76,40,76,73,10,51,75,76,0,train
T001670,Delhi,seniors,1,0,2,3,easy_going,93956,high,standard,no_restriction,vegetarian,private_transport,January,5,food_traveller,86,79,77,57,55,27,49,78,63,65,27,56,validation
T001671,Kochi,solo,1,0,0,1,easy_going,14549,low,standard,no_restriction,no_preference,fastest,February,4,family_traveller,69,75,83,48,67,54,67,54,63,45,80,36,train
T001672,Chennai,solo,1,0,0,1,packed,16174,high,budget,no_restriction,no_preference,balanced,February,2,culture_traveller,2,29,98,1,6,58,49,10,89,67,49,54,validation
T001673,Delhi,couple,2,0,0,2,balanced,37316,medium,standard,no_restriction,vegetarian,public_transport,February,4,family_traveller,85,82,83,40,57,70,66,52,55,39,49,52,validation
T001674,Chennai,seniors,2,0,3,5,balanced,39105,medium,budget,no_restriction,non_vegetarian,fastest,October,2,food_traveller,77,80,45,44,55,32,32,78,60,69,43,53,train
T001675,Chennai,friends,7,0,0,7,easy_going,61422,medium,budget,no_restriction,non_vegetarian,balanced,December,3,adventure_traveller,85,85,35,20,67,75,72,7,98,54,60,4,train
T001676,Ahmedabad,friends,3,0,0,3,balanced,27389,medium,standard,no_restriction,vegan,balanced,June,2,food_traveller,82,80,38,50,75,11,47,81,67,53,21,29,train
T001677,Bengaluru,solo,1,0,0,1,balanced,29657,high,standard,no_restriction,no_preference,private_transport,January,3,adventure_traveller,56,60,89,81,68,81,58,21,64,86,43,22,train
T001678,Bengaluru,seniors,0,0,3,3,easy_going,18218,low,budget,no_restriction,vegetarian,lowest_cost,February,2,senior_traveller,85,87,81,54,63,32,37,41,54,30,40,48,train
T001679,Delhi,friends,6,0,0,6,easy_going,67750,high,standard,no_restriction,vegetarian,private_transport,December,2,wellness_traveller,83,43,72,43,73,21,44,59,55,68,47,69,validation
T001680,Kochi,friends,3,0,0,3,balanced,20827,medium,standard,no_restriction,no_preference,public_transport,February,2,family_traveller,24,78,1,51,61,81,80,7,67,79,10,48,test
T001681,Bengaluru,couple,2,0,0,2,balanced,18291,medium,budget,no_restriction,no_preference,lowest_cost,January,2,food_traveller,67,90,61,72,68,11,57,70,50,57,23,66,test
T001682,Kolkata,solo,1,0,0,1,packed,52664,medium,premium,no_restriction,no_preference,balanced,August,4,adventure_traveller,27,58,86,74,54,79,56,28,63,77,38,22,train
T001683,Kolkata,friends,4,0,0,4,balanced,62345,high,luxury,no_restriction,no_preference,private_transport,March,1,wellness_traveller,82,41,70,62,72,28,37,54,71,60,57,57,train
T001684,Indore,family,4,4,0,8,balanced,105804,medium,standard,no_restriction,no_preference,private_transport,June,4,family_traveller,81,80,97,56,54,27,59,33,63,58,66,49,validation
T001685,Nagpur,seniors,0,0,4,4,balanced,42548,medium,luxury,no_restriction,no_preference,fastest,January,1,beach_traveller,26,56,91,87,30,36,31,53,80,78,88,52,train
T001686,Mumbai,solo,1,0,0,1,easy_going,17965,medium,budget,no_restriction,no_preference,public_transport,December,5,adventure_traveller,68,64,80,100,56,82,48,9,50,88,63,36,test
T001687,Kolkata,solo,1,0,0,1,easy_going,30649,high,standard,no_restriction,no_preference,lowest_cost,November,4,food_traveller,70,34,3,75,25,89,82,30,23,99,81,92,train
T001688,Pune,seniors,1,0,1,2,balanced,21472,low,premium,wheelchair_friendly_preference,no_preference,fastest,February,3,nightlife_traveller,78,56,18,18,95,99,57,18,34,21,60,40,train
T001689,Kolkata,friends,6,0,0,6,balanced,143478,medium,budget,no_restriction,no_preference,fastest,October,10,adventure_traveller,50,52,85,87,47,74,57,0,69,80,42,4,train
T001690,Mumbai,couple,2,0,0,2,balanced,50196,medium,luxury,no_restriction,vegetarian,lowest_cost,January,2,balanced_traveller,29,62,80,69,57,55,52,69,59,57,43,64,validation
T001691,Delhi,solo,1,0,0,1,easy_going,20692,medium,standard,no_restriction,no_preference,lowest_cost,January,3,food_traveller,84,66,80,52,77,29,54,98,63,54,14,69,train
T001692,Chennai,solo,1,0,0,1,balanced,11446,medium,budget,no_restriction,non_vegetarian,fastest,October,2,nightlife_traveller,87,59,46,58,44,71,76,77,30,48,54,0,train
T001693,Pune,family,4,2,0,6,balanced,58259,low,premium,no_restriction,non_vegetarian,private_transport,January,4,nightlife_traveller,82,80,15,56,71,50,86,91,16,49,68,26,train
T001694,Pune,family,3,2,0,5,easy_going,165046,high,luxury,no_restriction,no_preference,private_transport,November,3,adventure_traveller,72,64,80,83,60,98,58,18,54,83,43,15,train
T001695,Kolkata,friends,4,0,0,4,balanced,66549,medium,standard,no_restriction,no_preference,balanced,November,5,wellness_traveller,73,66,96,66,77,22,19,49,72,81,39,74,train
T001696,Chennai,couple,2,0,0,2,packed,21769,medium,budget,no_restriction,non_vegetarian,fastest,February,4,food_traveller,96,73,50,53,50,10,62,85,64,63,14,51,validation
T001697,Nagpur,couple,2,0,0,2,balanced,42740,low,premium,no_restriction,vegan,lowest_cost,October,6,food_traveller,43,56,9,35,46,93,61,94,52,80,9,56,train
T001698,Hyderabad,family,5,2,1,8,balanced,48134,low,budget,reduced_walking,no_preference,balanced,December,3,balanced_traveller,49,45,64,72,54,61,67,44,48,68,54,48,train
T001699,Jaipur,family,4,4,0,8,easy_going,30077,medium,budget,no_restriction,vegetarian,private_transport,November,1,family_traveller,72,32,23,60,25,5,23,84,59,47,49,99,train
T001700,Indore,seniors,1,0,4,5,easy_going,60857,medium,budget,no_restriction,non_vegetarian,public_transport,August,6,senior_traveller,88,87,86,62,53,12,6,75,56,37,56,31,train
T001701,Hyderabad,friends,6,0,0,6,balanced,34366,low,budget,no_restriction,no_preference,public_transport,February,3,nightlife_traveller,71,46,51,71,72,58,87,80,8,38,60,31,train
T001702,Jaipur,couple,2,0,0,2,easy_going,10242,low,budget,no_restriction,vegetarian,public_transport,October,1,balanced_traveller,63,55,51,21,63,59,66,57,70,50,56,59,train
T001703,Pune,couple,2,0,0,2,balanced,55621,medium,standard,no_restriction,no_preference,balanced,April,6,beach_traveller,55,9,91,79,54,33,55,65,14,71,51,12,train
T001704,Bengaluru,family,4,3,0,7,balanced,118531,medium,premium,no_restriction,vegetarian,fastest,February,5,family_traveller,76,92,85,64,67,61,44,38,75,59,57,78,train
T001705,Chennai,solo,1,0,0,1,easy_going,22766,low,standard,no_restriction,non_vegetarian,fastest,February,5,beach_traveller,57,16,73,71,55,40,76,58,47,78,49,27,train
T001706,Kochi,couple,2,0,0,2,easy_going,24085,low,standard,no_restriction,no_preference,lowest_cost,November,3,wellness_traveller,77,51,81,70,82,19,17,52,43,66,44,57,test
T001707,Kochi,family,4,1,0,5,balanced,58191,low,budget,no_restriction,non_vegetarian,private_transport,February,6,family_traveller,77,92,94,60,47,56,55,78,55,73,58,57,train
T001708,Delhi,family,3,4,0,7,balanced,52124,low,standard,no_restriction,vegetarian,balanced,September,5,family_traveller,80,72,74,48,61,39,49,34,73,58,60,43,train
T001709,Chennai,friends,8,0,0,8,balanced,51606,low,premium,no_restriction,vegetarian,balanced,April,2,culture_traveller,51,77,59,67,59,46,13,33,84,77,43,79,train
T001710,Hyderabad,friends,7,0,0,7,balanced,55641,medium,standard,no_restriction,no_preference,balanced,November,2,adventure_traveller,52,70,92,87,56,77,61,43,58,78,55,16,train
T001711,Pune,seniors,0,0,3,3,balanced,104643,high,standard,no_restriction,vegetarian,private_transport,August,8,senior_traveller,91,80,78,70,55,4,5,64,81,67,52,54,validation
T001712,Nagpur,solo,1,0,0,1,packed,11188,medium,budget,no_restriction,no_preference,private_transport,January,2,beach_traveller,63,16,69,94,61,77,65,73,35,76,50,14,train
T001713,Chennai,friends,4,0,0,4,packed,69956,high,premium,no_restriction,no_preference,lowest_cost,October,3,food_traveller,91,85,45,66,57,20,57,81,46,38,0,60,train
T001714,Bengaluru,solo,1,0,0,1,packed,17730,low,standard,no_restriction,no_preference,balanced,October,3,beach_traveller,68,17,83,88,55,64,43,37,13,88,48,28,train
T001715,Chennai,couple,2,0,0,2,balanced,12999,medium,budget,no_restriction,jain,fastest,August,2,balanced_traveller,70,74,73,72,49,77,54,38,51,60,49,58,train
T001716,Mumbai,couple,2,0,0,2,easy_going,24880,medium,luxury,no_restriction,no_preference,lowest_cost,October,1,senior_traveller,69,86,68,54,47,8,21,57,63,43,46,70,validation
T001717,Mumbai,solo,1,0,0,1,balanced,18068,low,standard,no_restriction,no_preference,lowest_cost,November,5,food_traveller,88,77,50,54,64,19,50,79,71,69,24,58,train
T001718,Hyderabad,friends,7,0,0,7,packed,105717,high,standard,no_restriction,no_preference,private_transport,February,5,wellness_traveller,92,80,82,54,88,8,7,52,56,32,69,59,train
T001719,Hyderabad,family,4,3,0,7,easy_going,29280,medium,standard,no_restriction,no_preference,balanced,March,1,family_traveller,41,45,94,75,59,21,90,19,94,94,97,28,train
T001720,Jaipur,family,4,3,0,7,packed,43902,low,standard,no_restriction,no_preference,lowest_cost,March,3,culture_traveller,36,84,60,41,63,24,19,27,89,83,61,54,validation
T001721,Jaipur,family,4,4,0,8,easy_going,89714,medium,premium,reduced_walking,non_vegetarian,balanced,December,4,family_traveller,74,96,88,50,44,61,71,60,45,39,52,60,validation
T001722,Nagpur,family,4,2,0,6,packed,46873,medium,standard,no_restriction,no_preference,balanced,February,2,family_traveller,74,80,91,46,35,45,52,79,61,47,55,75,train
T001723,Ahmedabad,family,5,1,0,6,balanced,31424,low,standard,no_restriction,vegetarian,public_transport,November,2,culture_traveller,49,80,62,49,40,7,41,63,74,92,54,100,train
T001724,Pune,family,3,2,0,5,balanced,87673,medium,standard,no_restriction,no_preference,fastest,December,5,senior_traveller,74,90,65,65,47,36,1,49,62,64,49,53,validation
T001725,Ahmedabad,family,4,1,0,5,easy_going,81571,high,standard,no_restriction,non_vegetarian,balanced,February,3,nightlife_traveller,80,60,55,35,77,64,82,82,41,48,45,31,train
T001726,Indore,solo,1,0,0,1,packed,16680,medium,budget,no_restriction,non_vegetarian,lowest_cost,February,3,senior_traveller,83,91,87,53,57,41,29,58,70,50,60,79,validation
T001727,Jaipur,family,5,3,0,8,packed,42486,medium,budget,no_restriction,no_preference,fastest,January,1,adventure_traveller,65,62,80,86,49,87,46,26,62,79,64,40,validation
T001728,Indore,family,5,3,0,8,easy_going,59836,medium,budget,no_restriction,non_vegetarian,balanced,January,4,family_traveller,90,87,79,45,43,72,62,59,62,33,53,53,validation
T001729,Hyderabad,friends,6,0,0,6,easy_going,63415,low,standard,no_restriction,vegetarian,lowest_cost,January,7,nightlife_traveller,79,81,54,62,55,59,86,89,9,58,59,0,validation
T001730,Ahmedabad,friends,7,0,0,7,easy_going,83035,high,standard,no_restriction,vegan,fastest,July,2,food_traveller,67,73,78,57,74,20,51,99,52,54,25,53,train
T001731,Mumbai,family,3,4,0,7,balanced,123959,medium,budget,no_restriction,vegetarian,balanced,January,9,nightlife_traveller,86,58,71,55,47,70,79,75,31,74,59,6,train
T001732,Hyderabad,friends,5,0,0,5,easy_going,48377,high,budget,no_restriction,no_preference,fastest,October,3,adventure_traveller,64,73,84,76,60,70,45,16,57,72,59,26,train
T001733,Bengaluru,solo,1,0,0,1,packed,25147,medium,premium,no_restriction,vegan,lowest_cost,October,2,culture_traveller,58,78,61,33,52,27,29,56,64,87,76,75,train
T001734,Jaipur,friends,8,0,0,8,easy_going,33368,low,standard,no_restriction,no_preference,private_transport,February,1,beach_traveller,43,10,81,81,63,53,77,71,13,83,71,11,train
T001735,Delhi,seniors,0,0,2,2,packed,32870,low,standard,no_restriction,no_preference,private_transport,December,5,family_traveller,83,74,94,50,69,51,62,55,56,61,68,55,train
T001736,Ahmedabad,family,3,3,0,6,balanced,76981,medium,luxury,no_restriction,no_preference,balanced,October,2,senior_traveller,89,81,67,48,65,36,0,57,39,58,55,85,train
T001737,Ahmedabad,couple,2,0,0,2,balanced,26372,medium,standard,no_restriction,vegetarian,balanced,December,3,culture_traveller,58,85,54,47,62,30,13,45,78,80,70,87,test
T001738,Nagpur,friends,5,0,0,5,packed,115452,medium,standard,no_restriction,vegetarian,lowest_cost,April,7,beach_traveller,64,32,72,78,61,56,42,66,34,79,66,46,validation
T001739,Bengaluru,solo,1,0,0,1,easy_going,17839,medium,standard,no_restriction,no_preference,lowest_cost,March,3,family_traveller,82,85,75,55,53,66,53,36,51,45,41,71,validation
T001740,Delhi,couple,2,0,0,2,balanced,11204,medium,standard,no_restriction,non_vegetarian,balanced,November,1,nightlife_traveller,65,60,42,73,66,66,75,84,24,28,58,27,test
T001741,Mumbai,seniors,0,0,4,4,packed,57605,medium,luxury,no_restriction,non_vegetarian,public_transport,June,2,senior_traveller,79,82,87,52,57,31,20,34,57,57,67,52,train
T001742,Hyderabad,solo,1,0,0,1,easy_going,5737,low,budget,no_restriction,vegetarian,balanced,June,2,family_traveller,85,72,73,62,81,53,60,49,59,49,53,86,train
T001743,Pune,friends,4,0,0,4,packed,208261,high,luxury,no_restriction,no_preference,balanced,January,7,wellness_traveller,92,47,74,57,85,20,24,76,54,66,63,58,train
T001744,Chennai,couple,2,0,0,2,balanced,57335,medium,luxury,no_restriction,vegan,lowest_cost,January,2,food_traveller,84,81,52,52,85,0,42,91,70,45,0,72,validation
T001745,Kochi,friends,7,0,0,7,balanced,45814,medium,standard,no_restriction,non_vegetarian,lowest_cost,March,2,adventure_traveller,65,69,96,66,19,87,49,1,58,78,41,18,validation
T001746,Pune,family,2,4,0,6,balanced,61926,high,standard,no_restriction,vegetarian,balanced,January,1,senior_traveller,93,95,73,51,60,64,15,29,10,37,74,88,train
T001747,Ahmedabad,family,2,4,0,6,balanced,123557,medium,premium,no_restriction,no_preference,lowest_cost,December,5,adventure_traveller,1,97,74,69,84,60,66,79,12,18,55,9,validation
T001748,Hyderabad,friends,3,0,0,3,easy_going,58117,medium,premium,no_restriction,no_preference,private_transport,November,4,adventure_traveller,41,70,73,66,72,68,52,5,48,99,55,24,test
T001749,Hyderabad,couple,2,0,0,2,packed,27901,medium,premium,no_restriction,vegan,lowest_cost,February,2,balanced_traveller,55,54,56,49,65,56,80,51,55,51,79,39,train
T001750,Pune,family,2,2,0,4,balanced,27018,low,budget,no_restriction,no_preference,balanced,July,3,family_traveller,81,82,83,54,46,54,78,56,64,44,53,44,train
T001751,Bengaluru,friends,4,0,0,4,easy_going,45226,medium,premium,no_restriction,no_preference,lowest_cost,November,3,family_traveller,66,77,76,56,85,45,61,59,63,54,74,65,train
T001752,Kolkata,couple,2,0,0,2,balanced,21950,low,standard,no_restriction,no_preference,balanced,June,3,culture_traveller,53,80,47,51,61,40,18,47,89,65,69,70,train
T001753,Nagpur,solo,1,0,0,1,balanced,41698,medium,standard,no_restriction,non_vegetarian,public_transport,March,6,nightlife_traveller,83,52,72,66,41,53,86,74,5,51,61,33,train
T001754,Kochi,solo,1,0,0,1,easy_going,18451,medium,premium,no_restriction,no_preference,private_transport,October,2,adventure_traveller,39,60,79,75,64,81,54,29,79,84,35,0,validation
T001755,Kolkata,seniors,2,0,2,4,balanced,22085,medium,standard,no_restriction,no_preference,lowest_cost,June,1,family_traveller,93,82,83,72,79,56,50,51,62,54,36,70,train
T001756,Jaipur,seniors,0,0,2,2,balanced,34439,high,standard,no_restriction,no_preference,balanced,October,3,senior_traveller,85,81,70,41,58,22,20,51,66,61,61,61,train
T001757,Ahmedabad,family,2,2,0,4,easy_going,50893,high,premium,no_restriction,no_preference,balanced,October,2,senior_traveller,77,85,86,56,58,30,27,61,57,52,62,58,train
T001758,Jaipur,couple,2,0,0,2,balanced,24592,medium,premium,no_restriction,no_preference,private_transport,December,2,food_traveller,33,71,52,41,47,31,12,59,81,78,23,43,validation
T001759,Hyderabad,friends,3,0,0,3,packed,56763,high,premium,no_restriction,non_vegetarian,private_transport,January,3,food_traveller,84,80,67,75,50,28,70,77,75,70,3,76,train
T001760,Nagpur,friends,6,0,0,6,packed,52002,low,premium,no_restriction,non_vegetarian,public_transport,October,3,culture_traveller,49,81,43,36,68,6,2,75,88,90,63,92,train
T001761,Nagpur,solo,1,0,0,1,easy_going,41997,high,premium,no_restriction,vegan,balanced,February,2,wellness_traveller,89,46,79,58,87,12,36,51,62,54,65,81,validation
T001762,Bengaluru,friends,7,0,0,7,balanced,24978,low,standard,no_restriction,no_preference,public_transport,March,1,culture_traveller,38,87,72,58,67,25,9,69,89,74,66,80,train
T001763,Hyderabad,couple,2,0,0,2,balanced,109216,high,standard,no_restriction,no_preference,public_transport,October,8,family_traveller,93,78,78,34,54,45,53,59,43,47,37,50,train
T001764,Nagpur,friends,4,0,0,4,easy_going,79823,high,premium,no_restriction,no_preference,fastest,April,3,culture_traveller,54,87,68,57,54,0,40,49,82,100,42,82,train
T001765,Nagpur,family,2,4,0,6,balanced,54369,low,luxury,no_restriction,vegetarian,private_transport,December,2,family_traveller,84,69,84,56,63,73,52,53,68,49,58,33,train
T001766,Nagpur,solo,1,0,0,1,balanced,30818,low,luxury,no_restriction,vegan,fastest,June,2,adventure_traveller,62,37,75,79,58,96,65,5,100,81,36,6,test
T001767,Bengaluru,family,4,4,0,8,balanced,99211,high,standard,no_restriction,no_preference,balanced,December,3,wellness_traveller,79,63,75,71,89,45,9,45,63,53,68,72,train
T001768,Bengaluru,solo,1,0,0,1,easy_going,16040,medium,standard,no_restriction,vegetarian,balanced,February,3,nightlife_traveller,73,53,49,29,70,39,69,89,15,53,53,33,test
T001769,Indore,friends,4,0,0,4,easy_going,118912,high,premium,no_restriction,vegetarian,lowest_cost,June,5,food_traveller,84,79,63,62,43,13,51,79,60,59,10,73,validation
T001770,Ahmedabad,family,5,4,0,9,balanced,121468,medium,luxury,no_restriction,no_preference,balanced,November,3,senior_traveller,94,84,78,74,62,22,33,60,86,57,70,62,validation
T001771,Indore,friends,3,0,0,3,balanced,17818,low,budget,no_restriction,no_preference,public_transport,January,4,adventure_traveller,71,39,84,74,66,84,63,10,44,76,60,16,train
T001772,Kolkata,couple,2,0,0,2,balanced,28222,medium,budget,no_restriction,non_vegetarian,private_transport,December,4,adventure_traveller,59,65,89,72,57,99,76,18,65,79,61,14,train
T001773,Chennai,friends,4,0,0,4,balanced,25783,low,luxury,no_restriction,vegan,fastest,October,1,culture_traveller,80,81,56,67,46,34,19,40,77,73,57,75,validation
T001774,Pune,couple,2,0,0,2,balanced,31387,high,standard,no_restriction,vegan,lowest_cost,November,3,adventure_traveller,53,74,84,70,64,78,70,27,71,90,68,34,train
T001775,Pune,friends,6,0,0,6,balanced,40595,low,standard,no_restriction,vegetarian,balanced,November,4,adventure_traveller,53,51,84,79,53,93,57,14,45,83,50,15,train
T001776,Bengaluru,seniors,1,0,3,4,balanced,21154,medium,budget,no_restriction,no_preference,balanced,January,2,senior_traveller,78,87,77,50,48,23,28,42,50,34,28,62,test
T001777,Indore,couple,2,0,0,2,balanced,28361,low,standard,no_restriction,jain,balanced,March,5,family_traveller,77,85,69,18,61,59,75,65,60,53,47,53,train
T001778,Chennai,couple,2,0,0,2,easy_going,32514,medium,premium,no_restriction,non_vegetarian,fastest,March,2,adventure_traveller,46,53,90,88,63,89,52,4,55,81,65,26,train
T001779,Chennai,solo,1,0,0,1,balanced,5000,low,budget,no_restriction,no_preference,balanced,November,1,family_traveller,77,70,91,81,84,95,84,79,19,75,63,96,train
T001780,Hyderabad,friends,4,0,0,4,easy_going,102284,low,luxury,no_restriction,vegetarian,balanced,November,6,beach_traveller,56,27,95,85,45,64,73,43,6,70,50,24,validation
T001781,Mumbai,solo,1,0,0,1,easy_going,10573,medium,standard,no_restriction,vegetarian,fastest,January,1,food_traveller,72,88,74,56,60,31,55,83,54,50,26,63,train
T001782,Mumbai,solo,1,0,0,1,packed,38798,medium,premium,no_restriction,no_preference,lowest_cost,October,4,senior_traveller,89,66,93,54,77,12,18,58,45,37,28,92,train
T001783,Hyderabad,friends,8,0,0,8,packed,55505,high,premium,no_restriction,vegetarian,fastest,December,1,balanced_traveller,46,47,43,75,52,29,60,47,56,53,74,52,train
T001784,Jaipur,friends,7,0,0,7,balanced,38230,low,premium,no_restriction,no_preference,balanced,March,2,nightlife_traveller,93,83,49,77,50,45,80,88,18,65,59,37,test
T001785,Chennai,couple,2,0,0,2,balanced,48926,medium,premium,no_restriction,no_preference,fastest,February,5,adventure_traveller,52,42,83,85,73,72,61,38,44,72,39,28,train
T001786,Chennai,family,4,4,0,8,packed,184987,high,standard,no_restriction,no_preference,fastest,November,6,food_traveller,79,100,58,46,37,36,54,88,84,65,24,71,test
T001787,Pune,friends,8,0,0,8,packed,72063,high,standard,no_restriction,no_preference,balanced,January,1,culture_traveller,50,80,30,55,41,26,24,57,92,83,59,84,train
T001788,Pune,solo,1,0,0,1,packed,10466,low,budget,no_restriction,no_preference,fastest,February,3,wellness_traveller,60,45,93,45,79,23,23,50,63,74,44,51,train
T001789,Hyderabad,seniors,1,0,1,2,packed,42764,high,standard,reduced_walking,vegan,balanced,February,3,senior_traveller,93,92,88,46,58,14,46,61,54,78,52,63,train
T001790,Kolkata,seniors,1,0,3,4,packed,29059,low,budget,no_restriction,vegetarian,public_transport,November,3,balanced_traveller,18,47,59,60,65,75,64,31,59,71,58,59,test
T001791,Chennai,family,3,4,1,8,balanced,58150,low,standard,no_restriction,non_vegetarian,balanced,September,3,family_traveller,86,75,88,49,65,60,54,50,58,57,44,64,train
T001792,Kochi,friends,5,0,0,5,balanced,56239,medium,standard,no_restriction,vegetarian,fastest,January,3,senior_traveller,83,72,75,48,49,13,4,82,75,60,56,78,train
T001793,Chennai,family,2,1,0,3,packed,35823,high,budget,no_restriction,no_preference,balanced,June,3,balanced_traveller,63,53,60,76,49,63,68,52,77,81,70,70,train
T001794,Mumbai,friends,4,0,0,4,packed,17224,low,budget,no_restriction,vegetarian,balanced,June,1,balanced_traveller,61,54,85,59,69,60,72,53,44,66,60,66,test
T001795,Ahmedabad,solo,1,0,0,1,balanced,12849,low,premium,no_restriction,non_vegetarian,balanced,March,2,senior_traveller,75,88,94,67,29,23,18,32,41,66,59,57,train
T001796,Delhi,friends,7,0,0,7,easy_going,75303,medium,premium,no_restriction,vegetarian,lowest_cost,March,2,food_traveller,82,65,50,59,67,18,49,76,51,64,24,56,train
T001797,Kochi,couple,2,0,0,2,easy_going,22919,medium,budget,no_restriction,vegetarian,fastest,February,3,family_traveller,86,85,75,40,70,62,49,71,58,60,44,38,test
T001798,Kolkata,family,2,2,0,4,balanced,30216,low,standard,no_restriction,no_preference,balanced,October,3,family_traveller,71,88,79,65,61,60,45,57,60,83,52,65,train
T001799,Chennai,seniors,0,0,1,1,packed,12058,medium,budget,no_restriction,no_preference,lowest_cost,April,2,senior_traveller,32,69,31,39,93,34,53,93,50,17,14,89,test
T001800,Bengaluru,friends,8,0,0,8,balanced,41771,low,standard,no_restriction,no_preference,fastest,November,2,nightlife_traveller,79,67,61,68,61,66,98,71,51,68,88,7,test
T001801,Hyderabad,solo,1,0,0,1,balanced,17544,low,budget,no_restriction,vegetarian,fastest,May,6,balanced_traveller,45,56,43,56,67,49,45,66,67,62,51,49,test
T001802,Kochi,solo,1,0,0,1,packed,23430,high,standard,no_restriction,non_vegetarian,lowest_cost,April,2,nightlife_traveller,89,56,58,53,56,48,81,80,14,66,40,24,train
T001803,Nagpur,family,4,1,0,5,balanced,36394,low,budget,no_restriction,vegetarian,fastest,November,3,wellness_traveller,79,54,83,61,83,24,17,61,49,44,79,61,train
T001804,Ahmedabad,couple,2,0,0,2,balanced,32901,medium,standard,no_restriction,vegetarian,private_transport,January,3,food_traveller,89,93,62,38,53,19,57,92,70,55,51,52,train
T001805,Bengaluru,couple,2,0,0,2,packed,19230,medium,budget,no_restriction,no_preference,public_transport,March,2,adventure_traveller,71,32,80,92,56,87,74,29,53,86,36,26,train
T001806,Delhi,solo,1,0,0,1,balanced,22708,medium,premium,no_restriction,vegetarian,lowest_cost,December,2,food_traveller,75,77,58,46,54,5,64,95,83,44,8,56,test
T001807,Kolkata,couple,2,0,0,2,easy_going,48289,medium,budget,no_restriction,no_preference,balanced,January,7,adventure_traveller,47,61,88,84,47,75,65,35,57,72,58,41,train
T001808,Indore,friends,5,0,0,5,balanced,122153,high,budget,no_restriction,no_preference,public_transport,December,6,nightlife_traveller,69,62,24,74,72,54,64,81,35,63,80,17,train
T001809,Jaipur,solo,1,0,0,1,balanced,8964,low,budget,no_restriction,no_preference,balanced,November,3,adventure_traveller,52,67,94,80,74,84,65,4,49,77,74,16,train
T001810,Kochi,family,5,3,0,8,easy_going,46759,medium,standard,no_restriction,no_preference,private_transport,June,2,family_traveller,84,87,84,58,49,61,30,60,32,60,45,72,train
T001811,Jaipur,family,5,3,0,8,easy_going,45411,low,standard,no_restriction,no_preference,private_transport,March,2,family_traveller,80,85,82,61,59,54,65,24,52,50,58,49,train
T001812,Kolkata,friends,8,0,0,8,balanced,40055,low,premium,no_restriction,jain,public_transport,November,2,adventure_traveller,68,61,70,80,65,80,60,14,52,76,64,28,train
T001813,Pune,friends,4,0,0,4,easy_going,197877,high,luxury,no_restriction,no_preference,fastest,January,4,food_traveller,86,64,48,56,62,23,56,93,81,57,18,55,train
T001814,Mumbai,family,2,3,0,5,balanced,46105,medium,standard,no_restriction,non_vegetarian,lowest_cost,November,2,culture_traveller,66,90,48,43,46,22,4,72,78,84,48,86,train
T001815,Bengaluru,seniors,0,0,3,3,balanced,14589,low,budget,no_restriction,vegetarian,lowest_cost,November,2,senior_traveller,81,78,82,57,58,22,27,41,63,38,23,80,test
T001816,Jaipur,family,2,2,0,4,balanced,24730,low,premium,no_restriction,vegetarian,fastest,May,2,balanced_traveller,22,72,3,28,84,68,64,61,50,76,86,79,train
T001817,Kochi,solo,1,0,0,1,packed,13526,medium,budget,no_restriction,jain,balanced,January,4,beach_traveller,46,60,70,86,47,78,50,53,0,98,49,26,train
T001818,Ahmedabad,solo,1,0,0,1,balanced,122352,high,luxury,no_restriction,no_preference,fastest,December,5,family_traveller,81,78,68,72,55,53,43,51,46,42,58,51,train
T001819,Kolkata,friends,7,0,0,7,easy_going,210032,high,premium,no_restriction,no_preference,balanced,January,5,beach_traveller,69,16,89,76,51,58,67,50,29,83,61,8,train
T001820,Chennai,couple,2,0,0,2,balanced,44008,medium,standard,no_restriction,no_preference,lowest_cost,April,7,family_traveller,80,86,78,48,66,69,41,70,45,29,57,63,train
T001821,Chennai,family,4,2,0,6,packed,40245,medium,standard,no_restriction,vegetarian,balanced,May,2,family_traveller,81,76,89,51,51,83,66,69,50,43,69,74,train
T001822,Nagpur,couple,2,0,0,2,easy_going,69176,medium,premium,no_restriction,non_vegetarian,private_transport,December,5,nightlife_traveller,79,53,57,60,73,48,80,75,0,68,77,29,test
T001823,Kochi,friends,5,0,0,5,easy_going,51716,medium,budget,no_restriction,no_preference,lowest_cost,December,3,culture_traveller,65,91,67,29,55,25,0,53,81,72,45,92,train
T001824,Nagpur,friends,6,0,0,6,balanced,32514,low,standard,no_restriction,no_preference,public_transport,March,2,culture_traveller,43,85,45,42,44,22,28,66,83,86,56,85,train
T001825,Pune,couple,2,0,0,2,easy_going,24084,low,premium,no_restriction,non_vegetarian,balanced,March,3,beach_traveller,64,28,72,67,68,30,50,47,7,78,44,4,train
T001826,Kochi,friends,5,0,0,5,balanced,28781,low,standard,reduced_walking,no_preference,public_transport,December,3,adventure_traveller,43,54,85,75,59,74,42,28,71,72,68,19,train
T001827,Ahmedabad,friends,4,0,0,4,balanced,34538,medium,budget,no_restriction,non_vegetarian,balanced,December,2,adventure_traveller,3,57,70,38,28,80,86,38,74,86,38,16,test
T001828,Jaipur,seniors,0,0,1,1,easy_going,15375,medium,standard,no_restriction,vegetarian,fastest,February,3,balanced_traveller,56,44,59,98,54,76,25,53,68,57,49,56,train
T001829,Jaipur,solo,1,0,0,1,balanced,43357,medium,standard,no_restriction,vegan,lowest_cost,October,6,wellness_traveller,83,45,77,65,85,13,24,56,45,54,62,60,test
T001830,Kolkata,family,3,2,0,5,packed,57951,medium,budget,no_restriction,no_preference,balanced,November,4,family_traveller,86,81,51,47,59,69,60,69,46,65,65,37,train
T001831,Hyderabad,family,4,4,1,9,easy_going,142564,high,budget,no_restriction,no_preference,balanced,January,4,family_traveller,67,66,79,72,48,49,45,41,46,60,51,50,train
T001832,Bengaluru,couple,2,0,0,2,balanced,16624,medium,standard,no_restriction,no_preference,balanced,February,2,beach_traveller,57,21,86,77,45,57,37,61,27,69,58,17,train
T001833,Delhi,family,5,4,0,9,easy_going,58871,medium,premium,no_restriction,vegetarian,lowest_cost,December,1,culture_traveller,65,88,61,43,55,23,6,47,80,91,59,77,train
T001834,Indore,couple,2,0,0,2,balanced,21124,medium,standard,no_restriction,no_preference,fastest,January,3,beach_traveller,60,13,74,78,59,67,60,62,15,88,54,43,validation
T001835,Delhi,seniors,2,0,2,4,easy_going,69243,high,standard,no_restriction,no_preference,fastest,November,4,senior_traveller,74,93,70,49,50,21,12,74,40,100,44,92,train
T001836,Delhi,family,2,4,0,6,balanced,24087,low,budget,no_restriction,vegan,balanced,November,2,nightlife_traveller,80,68,71,72,62,46,89,80,26,49,49,10,train
T001837,Jaipur,couple,2,0,0,2,easy_going,13675,medium,budget,no_restriction,non_vegetarian,fastest,August,2,wellness_traveller,71,46,76,84,89,15,44,49,52,51,69,56,train
T001838,Mumbai,solo,1,0,0,1,packed,26711,low,standard,no_restriction,vegetarian,private_transport,February,5,nightlife_traveller,88,33,56,63,64,53,68,90,14,53,83,21,train
T001839,Kochi,couple,2,0,0,2,packed,16062,medium,standard,no_restriction,no_preference,public_transport,February,2,culture_traveller,86,94,47,18,69,29,96,31,57,4,98,57,train
T001840,Jaipur,friends,8,0,0,8,packed,51367,low,standard,no_restriction,jain,balanced,February,3,wellness_traveller,89,45,75,66,70,38,21,50,57,73,31,69,train
T001841,Delhi,friends,7,0,0,7,balanced,81068,medium,budget,no_restriction,no_preference,balanced,December,4,family_traveller,78,73,69,71,61,58,46,56,43,56,61,50,train
T001842,Bengaluru,couple,2,0,0,2,balanced,48263,medium,premium,no_restriction,no_preference,fastest,October,5,senior_traveller,89,80,76,68,68,36,25,37,58,57,71,69,validation
T001843,Hyderabad,couple,2,0,0,2,packed,15555,medium,budget,no_restriction,non_vegetarian,fastest,April,2,wellness_traveller,89,52,81,77,70,28,26,53,56,62,53,49,train
T001844,Nagpur,couple,2,0,0,2,balanced,14812,low,standard,no_restriction,vegetarian,private_transport,October,2,adventure_traveller,14,88,97,82,30,17,50,9,91,76,97,85,train
T001845,Delhi,solo,1,0,0,1,balanced,15991,medium,standard,no_restriction,vegetarian,private_transport,January,2,adventure_traveller,56,56,71,66,60,79,54,29,33,82,64,17,train
T001846,Mumbai,solo,1,0,0,1,easy_going,24493,medium,premium,no_restriction,vegetarian,fastest,November,3,adventure_traveller,45,58,73,83,52,78,56,33,50,83,62,4,train
T001847,Kochi,solo,1,0,0,1,balanced,32514,medium,premium,no_restriction,no_preference,balanced,February,4,beach_traveller,64,39,77,83,77,57,60,79,46,73,52,31,train
T001848,Indore,friends,7,0,0,7,balanced,75774,medium,premium,no_restriction,no_preference,balanced,January,3,balanced_traveller,64,50,68,68,35,76,70,59,55,66,63,53,train
T001849,Delhi,couple,2,0,0,2,balanced,49703,medium,premium,no_restriction,no_preference,public_transport,October,3,wellness_traveller,85,58,79,57,80,19,38,42,61,45,80,58,train
T001850,Delhi,solo,1,0,0,1,easy_going,13303,medium,premium,no_restriction,no_preference,fastest,February,1,food_traveller,73,91,49,48,53,9,62,91,31,54,5,67,train
T001851,Bengaluru,solo,1,0,0,1,balanced,7525,low,standard,no_restriction,vegetarian,public_transport,October,2,culture_traveller,62,98,32,80,96,96,74,86,35,58,66,21,validation
T001852,Kolkata,solo,1,0,0,1,balanced,21317,medium,standard,no_restriction,non_vegetarian,lowest_cost,October,3,balanced_traveller,43,59,39,35,69,81,53,78,49,54,77,46,train
T001853,Hyderabad,couple,2,0,0,2,packed,22291,low,standard,no_restriction,vegetarian,public_transport,May,4,nightlife_traveller,89,60,55,67,50,41,81,82,17,71,63,18,test
T001854,Nagpur,family,3,2,0,5,packed,21434,medium,budget,no_restriction,no_preference,lowest_cost,December,1,family_traveller,81,76,78,62,53,63,58,60,61,50,53,67,train
T001855,Indore,family,2,1,0,3,packed,20256,medium,budget,no_restriction,non_vegetarian,lowest_cost,March,1,wellness_traveller,89,58,71,52,88,0,18,60,81,49,55,77,train
T001856,Jaipur,couple,2,0,0,2,balanced,25238,medium,standard,no_restriction,vegetarian,private_transport,November,3,food_traveller,85,83,67,55,60,18,45,94,47,51,8,61,train
T001857,Kolkata,solo,1,0,0,1,balanced,15727,medium,standard,no_restriction,no_preference,private_transport,October,3,senior_traveller,73,79,97,54,52,30,31,64,59,43,47,37,train
T001858,Delhi,seniors,2,0,4,6,balanced,85102,high,standard,no_restriction,vegetarian,lowest_cost,February,2,senior_traveller,84,78,85,70,51,14,28,50,48,62,51,71,test
T001859,Delhi,family,5,2,0,7,balanced,28991,medium,standard,no_restriction,vegetarian,lowest_cost,July,1,balanced_traveller,62,50,46,51,70,70,51,63,56,72,59,54,train
T001860,Mumbai,solo,1,0,0,1,packed,6249,medium,budget,no_restriction,non_vegetarian,balanced,December,1,beach_traveller,40,20,91,76,63,53,61,69,14,93,61,45,train
T001861,Bengaluru,family,5,3,0,8,packed,45002,low,budget,no_restriction,non_vegetarian,balanced,February,3,family_traveller,9,40,2,14,96,45,93,18,35,67,98,69,train
T001862,Bengaluru,solo,1,0,0,1,balanced,10507,low,standard,no_restriction,no_preference,lowest_cost,February,2,food_traveller,70,85,49,57,54,13,71,79,65,65,16,41,train
T001863,Hyderabad,solo,1,0,0,1,easy_going,15326,medium,budget,no_restriction,no_preference,public_transport,May,4,balanced_traveller,67,51,39,38,47,39,66,66,57,53,65,65,train
T001864,Delhi,family,3,2,0,5,balanced,41050,medium,budget,no_restriction,vegan,private_transport,December,2,beach_traveller,43,28,76,85,85,66,58,45,17,77,39,0,test
T001865,Delhi,couple,2,0,0,2,packed,9298,low,budget,no_restriction,no_preference,private_transport,July,2,senior_traveller,100,78,74,81,42,36,19,62,39,88,52,48,train
T001866,Mumbai,friends,7,0,0,7,balanced,56779,medium,standard,no_restriction,no_preference,lowest_cost,December,3,nightlife_traveller,91,45,59,46,54,69,63,74,16,61,71,0,train
T001867,Kolkata,couple,2,0,0,2,easy_going,24957,medium,standard,no_restriction,no_preference,private_transport,December,3,food_traveller,81,76,47,38,49,0,62,76,52,56,9,42,train
T001868,Ahmedabad,solo,1,0,0,1,balanced,46882,high,standard,no_restriction,vegetarian,fastest,February,5,senior_traveller,87,79,81,64,70,9,27,76,74,50,60,66,train
T001869,Indore,solo,1,0,0,1,easy_going,17027,high,budget,no_restriction,non_vegetarian,fastest,December,3,senior_traveller,83,76,72,67,61,11,0,59,46,61,58,81,test
T001870,Mumbai,couple,2,0,0,2,balanced,47660,medium,premium,no_restriction,vegetarian,lowest_cost,February,5,culture_traveller,77,67,51,46,68,14,14,62,94,81,51,79,train
T001871,Kolkata,couple,2,0,0,2,balanced,33999,medium,standard,no_restriction,non_vegetarian,public_transport,April,4,beach_traveller,72,39,84,81,61,86,53,70,12,75,78,20,train
T001872,Indore,family,2,4,0,6,balanced,165541,medium,luxury,no_restriction,vegetarian,lowest_cost,September,6,adventure_traveller,39,54,98,96,67,91,62,14,76,74,68,13,train
T001873,Pune,solo,1,0,0,1,packed,12936,medium,budget,no_restriction,no_preference,balanced,February,3,family_traveller,67,71,77,64,47,46,61,60,77,68,44,48,train
T001874,Bengaluru,seniors,2,0,4,6,balanced,42325,medium,premium,no_restriction,non_vegetarian,lowest_cost,January,2,senior_traveller,93,75,70,43,65,45,29,49,71,51,47,53,train
T001875,Kochi,friends,6,0,0,6,easy_going,112349,medium,luxury,no_restriction,vegetarian,lowest_cost,December,5,culture_traveller,51,63,54,76,64,15,26,64,75,92,58,79,test
T001876,Bengaluru,solo,1,0,0,1,balanced,13037,medium,standard,no_restriction,no_preference,lowest_cost,December,2,family_traveller,90,75,81,59,77,66,59,64,70,61,44,64,test
T001877,Ahmedabad,friends,7,0,0,7,easy_going,39629,medium,premium,no_restriction,non_vegetarian,balanced,November,1,family_traveller,82,89,70,44,42,67,55,46,54,49,39,72,validation
T001878,Bengaluru,family,2,2,0,4,balanced,58751,medium,standard,no_restriction,no_preference,lowest_cost,March,5,wellness_traveller,84,80,87,47,88,13,10,63,44,57,65,79,train
T001879,Bengaluru,family,4,2,0,6,balanced,150526,medium,luxury,no_restriction,no_preference,balanced,January,4,family_traveller,72,89,73,37,57,66,74,37,74,59,49,65,train
T001880,Bengaluru,friends,6,0,0,6,balanced,51003,medium,budget,no_restriction,no_preference,public_transport,April,2,balanced_traveller,63,68,69,43,64,75,87,62,68,45,43,68,train
T001881,Hyderabad,couple,2,0,0,2,balanced,29480,low,premium,no_restriction,vegetarian,lowest_cost,November,4,culture_traveller,69,79,57,64,59,40,2,57,99,89,54,88,train
T001882,Delhi,friends,7,0,0,7,easy_going,37054,medium,budget,no_restriction,vegetarian,balanced,February,2,beach_traveller,58,16,90,74,36,80,47,70,27,75,55,16,train
T001883,Mumbai,family,4,1,0,5,packed,68118,medium,standard,no_restriction,no_preference,private_transport,July,6,balanced_traveller,48,38,61,55,38,49,64,72,41,82,45,36,train
T001884,Pune,couple,2,0,0,2,balanced,14852,medium,premium,no_restriction,no_preference,lowest_cost,March,1,balanced_traveller,73,55,50,38,41,64,59,66,50,37,51,81,validation
T001885,Indore,family,2,3,0,5,easy_going,69397,high,standard,no_restriction,non_vegetarian,public_transport,September,3,beach_traveller,42,15,84,95,47,55,67,72,11,80,70,26,validation
T001886,Delhi,couple,2,0,0,2,balanced,15004,medium,standard,no_restriction,vegetarian,lowest_cost,March,1,adventure_traveller,71,47,79,92,67,75,44,17,50,70,47,0,train
T001887,Indore,seniors,2,0,3,5,easy_going,54928,medium,standard,no_restriction,vegetarian,fastest,August,3,senior_traveller,80,100,80,66,39,27,13,56,77,52,41,43,train
T001888,Mumbai,solo,1,0,0,1,easy_going,14280,medium,budget,no_restriction,no_preference,balanced,April,3,wellness_traveller,78,45,83,38,73,27,23,40,52,40,51,49,train
T001889,Kolkata,friends,6,0,0,6,balanced,53603,medium,premium,no_restriction,no_preference,fastest,October,3,food_traveller,84,79,49,62,61,6,35,78,48,64,7,54,validation
T001890,Bengaluru,friends,7,0,0,7,easy_going,75247,high,luxury,no_restriction,non_vegetarian,balanced,January,1,adventure_traveller,58,74,47,61,41,81,78,71,1,51,78,24,train
T001891,Pune,couple,2,0,0,2,packed,25153,low,standard,no_restriction,no_preference,lowest_cost,January,4,senior_traveller,83,94,78,59,65,33,3,61,58,60,57,77,train
T001892,Nagpur,couple,2,0,0,2,balanced,12654,medium,standard,no_restriction,no_preference,fastest,November,1,beach_traveller,78,19,95,77,66,50,78,70,31,76,79,46,train
T001893,Kochi,friends,5,0,0,5,packed,22343,low,budget,no_restriction,no_preference,balanced,July,1,family_traveller,80,91,87,40,50,69,50,66,52,65,62,54,validation
T001894,Indore,friends,8,0,0,8,easy_going,49260,low,luxury,no_restriction,vegetarian,private_transport,February,2,beach_traveller,54,32,76,64,62,74,44,73,26,72,48,10,train
T001895,Bengaluru,couple,2,0,0,2,easy_going,20240,low,budget,no_restriction,vegetarian,lowest_cost,January,4,family_traveller,81,75,82,55,45,82,57,50,58,63,49,84,train
T001896,Bengaluru,couple,2,0,0,2,balanced,35726,high,budget,no_restriction,no_preference,fastest,December,4,beach_traveller,51,23,91,72,51,58,78,62,9,74,68,15,train
T001897,Nagpur,couple,2,0,0,2,easy_going,10854,low,standard,no_restriction,vegetarian,fastest,February,2,food_traveller,77,88,64,66,62,29,39,94,35,60,19,49,train
T001898,Kochi,seniors,2,0,4,6,easy_going,41879,medium,premium,no_restriction,no_preference,lowest_cost,January,1,senior_traveller,74,79,80,53,55,11,36,44,65,65,45,52,test
T001899,Delhi,seniors,2,0,4,6,balanced,79771,high,standard,reduced_walking,no_preference,balanced,November,2,adventure_traveller,38,68,72,92,56,71,66,26,31,81,60,23,train
T001900,Kochi,family,5,4,1,10,packed,62554,medium,budget,no_restriction,no_preference,private_transport,August,3,beach_traveller,52,73,70,55,78,60,85,11,98,88,89,36,train
T001901,Pune,family,5,2,0,7,easy_going,86985,low,luxury,no_restriction,no_preference,balanced,November,3,family_traveller,71,70,73,42,54,52,60,38,53,51,59,59,train
T001902,Jaipur,friends,7,0,0,7,easy_going,44629,low,standard,no_restriction,non_vegetarian,public_transport,November,3,family_traveller,67,75,79,71,34,44,34,60,71,61,63,44,validation
T001903,Mumbai,family,2,3,0,5,balanced,69392,medium,standard,no_restriction,no_preference,private_transport,March,4,culture_traveller,38,74,59,63,69,0,31,74,62,81,66,70,train
T001904,Kolkata,friends,3,0,0,3,balanced,17450,low,budget,no_restriction,vegetarian,private_transport,January,4,culture_traveller,57,84,61,49,47,8,12,81,96,79,51,64,train
T001905,Ahmedabad,family,5,2,0,7,balanced,144891,high,premium,no_restriction,jain,private_transport,February,4,balanced_traveller,71,41,50,60,43,45,45,61,55,68,79,60,train
T001906,Kochi,couple,2,0,0,2,balanced,50767,medium,luxury,no_restriction,no_preference,private_transport,February,2,food_traveller,71,94,68,47,34,26,56,99,73,64,13,53,validation
T001907,Pune,family,2,1,1,4,easy_going,42285,medium,standard,reduced_walking,no_preference,private_transport,November,3,family_traveller,3,26,99,80,36,37,92,66,83,86,16,1,train
T001908,Jaipur,family,2,4,0,6,balanced,65907,high,budget,no_restriction,no_preference,fastest,October,3,family_traveller,100,82,82,46,77,47,81,48,68,56,50,69,train
T001909,Hyderabad,solo,1,0,0,1,packed,11801,low,standard,no_restriction,no_preference,public_transport,January,3,balanced_traveller,81,2,48,64,47,56,2,15,55,82,54,49,train
T001910,Hyderabad,couple,2,0,0,2,packed,6061,low,budget,no_restriction,vegetarian,fastest,July,1,beach_traveller,62,4,71,76,60,46,56,32,28,93,46,25,train
T001911,Nagpur,couple,2,0,0,2,packed,146854,high,standard,no_restriction,vegetarian,lowest_cost,November,13,beach_traveller,52,28,97,80,32,55,54,61,0,84,51,30,train
T001912,Bengaluru,solo,1,0,0,1,balanced,32396,low,premium,no_restriction,no_preference,balanced,December,4,nightlife_traveller,76,75,70,45,66,51,72,76,3,68,46,36,train
T001913,Hyderabad,seniors,0,0,3,3,balanced,98849,high,budget,wheelchair_friendly_preference,no_preference,lowest_cost,January,8,wellness_traveller,76,59,92,58,77,32,21,59,66,55,45,55,validation
T001914,Kolkata,family,2,3,0,5,balanced,32960,medium,standard,no_restriction,vegetarian,fastest,November,2,adventure_traveller,62,57,91,75,63,100,39,8,82,80,58,15,test
T001915,Bengaluru,couple,2,0,0,2,balanced,25484,high,budget,no_restriction,non_vegetarian,fastest,December,2,nightlife_traveller,76,25,56,65,53,41,87,71,15,56,69,27,test
T001916,Kochi,couple,2,0,0,2,balanced,12088,low,standard,no_restriction,vegan,balanced,October,2,beach_traveller,39,2,84,80,53,71,70,45,25,69,37,8,train
T001917,Delhi,friends,7,0,0,7,balanced,54747,medium,premium,no_restriction,no_preference,lowest_cost,January,2,adventure_traveller,52,96,71,76,48,72,44,18,62,69,50,9,train
T001918,Bengaluru,friends,6,0,0,6,packed,58217,low,standard,no_restriction,non_vegetarian,lowest_cost,February,7,culture_traveller,65,81,56,50,64,24,0,35,79,89,70,88,train
T001919,Indore,seniors,2,0,3,5,balanced,67371,medium,luxury,no_restriction,non_vegetarian,balanced,December,3,senior_traveller,87,85,78,65,51,5,29,49,69,33,50,64,validation
T001920,Ahmedabad,family,4,1,0,5,packed,147431,low,premium,no_restriction,non_vegetarian,lowest_cost,February,13,culture_traveller,58,76,57,91,67,10,16,52,82,69,60,65,validation
T001921,Kochi,solo,1,0,0,1,balanced,35339,high,standard,no_restriction,non_vegetarian,balanced,November,3,food_traveller,30,16,68,63,66,67,10,21,73,48,63,5,validation
T001922,Ahmedabad,couple,2,0,0,2,easy_going,38625,high,standard,no_restriction,vegetarian,private_transport,March,2,food_traveller,99,86,46,62,55,25,67,83,58,74,27,59,train
T001923,Nagpur,seniors,1,0,4,5,easy_going,105376,medium,luxury,no_restriction,non_vegetarian,lowest_cost,January,4,nightlife_traveller,91,37,51,48,46,52,66,79,20,44,51,20,train
T001924,Chennai,family,3,1,1,5,balanced,62549,medium,budget,no_restriction,vegetarian,private_transport,October,4,family_traveller,86,84,82,57,54,67,82,60,72,51,48,47,validation
T001925,Pune,family,5,3,0,8,packed,132694,high,premium,no_restriction,no_preference,fastest,February,3,food_traveller,82,69,51,62,81,13,66,83,70,49,34,73,train
T001926,Hyderabad,family,4,2,0,6,easy_going,49694,medium,budget,no_restriction,no_preference,balanced,March,3,family_traveller,24,28,2,66,70,41,79,95,73,67,44,55,train
T001927,Jaipur,couple,2,0,0,2,balanced,14511,medium,standard,no_restriction,vegan,lowest_cost,February,1,wellness_traveller,48,64,46,97,15,45,29,90,17,52,42,91,test
T001928,Ahmedabad,seniors,1,0,2,3,balanced,52936,high,budget,no_restriction,no_preference,lowest_cost,September,3,senior_traveller,86,79,83,64,78,25,22,81,33,55,48,54,validation
T001929,Kolkata,couple,2,0,0,2,balanced,19017,medium,budget,no_restriction,non_vegetarian,balanced,November,3,balanced_traveller,46,59,53,41,78,64,78,35,72,55,52,57,train
T001930,Delhi,solo,1,0,0,1,packed,33424,high,standard,no_restriction,non_vegetarian,fastest,March,4,family_traveller,70,80,70,62,55,42,46,57,60,33,48,58,train
T001931,Pune,friends,5,0,0,5,packed,88282,low,premium,no_restriction,vegetarian,balanced,December,7,family_traveller,76,82,74,43,60,68,47,49,36,41,41,68,train
T001932,Ahmedabad,couple,2,0,0,2,easy_going,63443,medium,premium,no_restriction,non_vegetarian,public_transport,November,4,wellness_traveller,66,57,61,75,85,9,21,60,62,57,68,41,validation
T001933,Ahmedabad,couple,2,0,0,2,easy_going,22492,medium,standard,no_restriction,non_vegetarian,public_transport,November,3,wellness_traveller,98,59,82,32,78,10,17,50,66,50,62,55,train
T001934,Mumbai,friends,3,0,0,3,packed,28707,low,luxury,no_restriction,vegetarian,balanced,January,1,senior_traveller,80,74,70,61,56,29,10,56,66,41,49,68,train
T001935,Hyderabad,friends,5,0,0,5,packed,76577,medium,premium,no_restriction,non_vegetarian,private_transport,November,5,beach_traveller,29,6,78,90,57,60,72,22,25,84,66,0,train
T001936,Hyderabad,family,4,2,0,6,packed,35910,low,standard,no_restriction,vegetarian,fastest,March,3,beach_traveller,64,32,92,77,38,49,40,45,21,77,64,23,train
T001937,Indore,solo,1,0,0,1,balanced,12237,high,budget,no_restriction,no_preference,lowest_cost,March,2,senior_traveller,87,92,90,57,58,14,26,52,61,69,36,34,train
T001938,Nagpur,couple,2,0,0,2,balanced,33753,medium,premium,no_restriction,no_preference,private_transport,February,2,beach_traveller,49,0,92,87,55,58,55,35,1,80,54,19,train
T001939,Jaipur,family,3,1,0,4,balanced,26146,low,budget,no_restriction,vegetarian,lowest_cost,February,3,wellness_traveller,76,61,93,67,76,25,22,69,60,60,42,66,train
T001940,Kolkata,family,3,3,0,6,balanced,115479,medium,standard,no_restriction,vegetarian,lowest_cost,June,6,senior_traveller,76,84,75,55,43,29,22,51,54,48,60,41,train
T001941,Jaipur,couple,2,0,0,2,balanced,12122,medium,standard,no_restriction,vegetarian,lowest_cost,March,1,beach_traveller,51,15,84,72,53,52,42,51,29,87,54,20,train
T001942,Bengaluru,family,2,4,0,6,packed,30735,low,standard,no_restriction,vegetarian,lowest_cost,April,2,family_traveller,83,89,78,50,46,81,74,53,71,50,55,44,validation
T001943,Chennai,couple,2,0,0,2,packed,29741,high,budget,no_restriction,no_preference,public_transport,November,4,wellness_traveller,76,66,74,69,88,0,25,46,52,49,67,48,train
T001944,Bengaluru,friends,8,0,0,8,balanced,30846,low,luxury,no_restriction,no_preference,fastest,February,1,beach_traveller,63,27,4,6,97,22,40,26,93,7,54,47,train
T001945,Ahmedabad,friends,8,0,0,8,easy_going,94686,high,budget,no_restriction,no_preference,fastest,May,3,family_traveller,99,8,88,19,2,85,18,52,82,15,74,53,train
T001946,Ahmedabad,seniors,0,0,3,3,balanced,37838,medium,luxury,reduced_walking,no_preference,private_transport,March,1,senior_traveller,85,83,80,63,35,12,8,47,55,46,77,62,train
T001947,Hyderabad,solo,1,0,0,1,balanced,10704,low,standard,no_restriction,non_vegetarian,fastest,September,2,family_traveller,26,97,65,46,73,43,10,49,95,27,5,74,test
T001948,Kolkata,family,2,4,0,6,easy_going,64297,medium,premium,no_restriction,no_preference,lowest_cost,January,3,family_traveller,90,81,79,78,76,38,71,77,64,51,52,77,train
T001949,Bengaluru,solo,1,0,0,1,easy_going,8096,medium,standard,no_restriction,non_vegetarian,balanced,January,1,balanced_traveller,54,55,68,71,53,49,55,46,56,45,82,58,validation
T001950,Pune,friends,6,0,0,6,easy_going,122431,medium,luxury,no_restriction,no_preference,private_transport,November,3,culture_traveller,76,89,76,55,58,0,0,55,70,75,57,92,validation
T001951,Delhi,couple,2,0,0,2,balanced,100090,high,standard,no_restriction,vegetarian,private_transport,November,7,nightlife_traveller,77,66,72,41,75,47,87,100,0,63,53,25,validation
T001952,Kolkata,solo,1,0,0,1,balanced,31150,medium,standard,no_restriction,no_preference,balanced,April,4,nightlife_traveller,49,86,72,58,69,17,93,21,16,14,93,46,test
T001953,Bengaluru,solo,1,0,0,1,packed,6454,low,standard,no_restriction,non_vegetarian,fastest,January,1,culture_traveller,62,86,58,61,43,13,28,46,83,82,55,87,train
T001954,Ahmedabad,friends,4,0,0,4,balanced,61779,medium,premium,no_restriction,vegetarian,private_transport,February,4,family_traveller,73,80,77,40,53,49,60,61,73,64,43,30,train
T001955,Nagpur,couple,2,0,0,2,balanced,29716,high,standard,no_restriction,non_vegetarian,lowest_cost,December,2,beach_traveller,67,31,79,90,51,69,42,53,22,84,46,0,train
T001956,Nagpur,couple,2,0,0,2,balanced,161411,medium,luxury,no_restriction,non_vegetarian,fastest,November,6,balanced_traveller,46,62,54,43,65,62,61,60,46,72,55,60,train
T001957,Kolkata,friends,5,0,0,5,balanced,24373,low,luxury,no_restriction,no_preference,private_transport,September,1,beach_traveller,45,0,93,87,57,49,61,59,14,85,63,28,train
T001958,Indore,solo,1,0,0,1,balanced,17756,low,premium,no_restriction,no_preference,fastest,November,3,culture_traveller,60,97,47,56,51,4,0,72,75,79,62,72,train
T001959,Chennai,family,4,4,0,8,balanced,31471,low,standard,no_restriction,vegetarian,lowest_cost,May,1,family_traveller,63,77,85,40,77,30,47,39,68,64,53,39,train
T001960,Kochi,family,4,2,1,7,balanced,73352,medium,standard,no_restriction,no_preference,private_transport,April,3,culture_traveller,47,97,55,50,60,22,15,64,94,89,55,96,train
T001961,Nagpur,friends,4,0,0,4,easy_going,88175,high,premium,no_restriction,no_preference,private_transport,October,4,adventure_traveller,74,77,97,79,63,78,68,0,41,78,56,22,test
T001962,Nagpur,family,3,1,0,4,balanced,29909,low,standard,no_restriction,no_preference,public_transport,November,4,balanced_traveller,42,30,49,81,49,3,67,1,9,72,83,31,train
T001963,Hyderabad,seniors,2,0,4,6,balanced,67700,high,luxury,no_restriction,no_preference,lowest_cost,February,1,culture_traveller,49,76,70,52,68,6,15,46,86,80,65,83,validation
T001964,Delhi,couple,2,0,0,2,packed,11047,low,premium,no_restriction,vegetarian,balanced,January,1,beach_traveller,57,18,72,86,51,59,62,60,2,78,82,38,train
T001965,Ahmedabad,friends,3,0,0,3,packed,59097,medium,premium,no_restriction,jain,balanced,June,3,senior_traveller,77,82,86,55,42,27,19,44,37,86,66,63,train
T001966,Kolkata,seniors,0,0,4,4,packed,18856,low,budget,no_restriction,non_vegetarian,balanced,January,2,senior_traveller,74,90,81,56,41,12,26,45,48,50,16,60,train
T001967,Kochi,friends,3,0,0,3,easy_going,43068,medium,budget,no_restriction,vegan,fastest,June,5,nightlife_traveller,64,66,44,51,44,63,77,62,23,48,56,30,train
T001968,Pune,friends,5,0,0,5,packed,70099,high,premium,no_restriction,jain,balanced,September,3,food_traveller,85,81,55,55,66,8,68,69,64,68,30,60,train
T001969,Mumbai,friends,8,0,0,8,balanced,31794,low,budget,no_restriction,no_preference,lowest_cost,November,1,wellness_traveller,80,64,93,31,91,18,8,51,44,63,44,71,test
T001970,Hyderabad,couple,2,0,0,2,balanced,14478,low,budget,no_restriction,jain,fastest,November,4,beach_traveller,69,13,90,93,72,56,51,50,45,80,69,26,train
T001971,Ahmedabad,couple,2,0,0,2,packed,17829,medium,budget,no_restriction,no_preference,balanced,August,2,beach_traveller,30,85,85,99,9,0,56,60,23,79,95,33,train
T001972,Mumbai,couple,2,0,0,2,easy_going,12639,low,budget,no_restriction,vegetarian,fastest,October,3,wellness_traveller,82,84,79,65,84,15,37,46,32,55,53,69,train
T001973,Kochi,couple,2,0,0,2,balanced,54287,medium,premium,no_restriction,no_preference,private_transport,July,4,culture_traveller,50,79,59,53,67,31,0,39,62,79,52,83,train
T001974,Nagpur,couple,2,0,0,2,balanced,45959,high,standard,no_restriction,vegetarian,fastest,November,3,senior_traveller,88,84,83,67,51,33,45,44,53,40,45,61,train
T001975,Delhi,couple,2,0,0,2,easy_going,52651,high,premium,no_restriction,no_preference,balanced,February,3,balanced_traveller,65,35,27,60,45,50,67,64,42,63,53,62,train
T001976,Ahmedabad,family,2,3,0,5,balanced,33397,low,standard,no_restriction,no_preference,balanced,December,2,family_traveller,87,95,83,48,56,50,80,67,67,82,73,55,test
T001977,Hyderabad,friends,7,0,0,7,easy_going,44301,low,standard,no_restriction,no_preference,lowest_cost,February,2,beach_traveller,59,16,97,78,68,42,54,81,28,70,44,40,validation
T001978,Bengaluru,family,3,3,1,7,balanced,121500,high,budget,no_restriction,no_preference,lowest_cost,March,4,family_traveller,66,88,77,66,81,56,49,73,46,79,51,49,train
T001979,Chennai,family,4,1,0,5,balanced,30600,medium,budget,no_restriction,vegetarian,public_transport,January,2,family_traveller,79,78,77,46,50,62,48,42,66,55,66,54,train
T001980,Kochi,family,3,4,0,7,balanced,148843,high,budget,no_restriction,vegetarian,lowest_cost,May,5,senior_traveller,77,80,96,77,56,22,0,71,65,61,49,57,train
T001981,Hyderabad,family,3,3,1,7,packed,69116,medium,budget,no_restriction,non_vegetarian,public_transport,March,3,culture_traveller,42,77,41,49,39,4,8,60,82,68,89,78,train
T001982,Kochi,family,4,3,1,8,balanced,62262,medium,budget,no_restriction,vegetarian,lowest_cost,February,4,family_traveller,58,56,30,23,45,10,85,83,59,90,61,49,train
T001983,Jaipur,couple,2,0,0,2,balanced,79824,medium,luxury,no_restriction,no_preference,fastest,January,3,culture_traveller,18,2,50,82,81,35,68,98,42,91,77,17,test
T001984,Kolkata,couple,2,0,0,2,easy_going,29151,medium,budget,no_restriction,vegetarian,private_transport,May,4,senior_traveller,74,68,75,52,48,7,33,46,29,52,81,44,train
T001985,Jaipur,family,3,3,0,6,packed,29918,low,budget,no_restriction,non_vegetarian,lowest_cost,October,3,family_traveller,84,77,87,46,75,69,53,54,58,54,72,50,train
T001986,Chennai,friends,8,0,0,8,balanced,78405,medium,premium,no_restriction,vegetarian,private_transport,January,2,beach_traveller,70,7,75,84,48,48,75,44,10,85,56,2,train
T001987,Jaipur,family,4,1,0,5,easy_going,42015,medium,budget,no_restriction,no_preference,lowest_cost,November,2,beach_traveller,52,13,60,83,64,54,38,72,44,85,52,15,train
T001988,Kochi,couple,2,0,0,2,balanced,42258,low,premium,no_restriction,vegan,balanced,July,4,food_traveller,3,85,61,4,10,69,38,77,93,75,18,64,train
T001989,Bengaluru,solo,1,0,0,1,balanced,27697,medium,luxury,no_restriction,no_preference,private_transport,March,1,adventure_traveller,67,59,73,81,32,85,51,12,64,71,58,15,train
T001990,Nagpur,solo,1,0,0,1,packed,20996,medium,budget,no_restriction,non_vegetarian,private_transport,November,5,wellness_traveller,59,44,82,70,73,35,19,51,59,74,57,43,train
T001991,Ahmedabad,couple,2,0,0,2,easy_going,62123,medium,luxury,no_restriction,vegetarian,fastest,February,3,culture_traveller,48,83,60,36,58,21,29,50,92,82,77,87,train
T001992,Kochi,seniors,1,0,1,2,balanced,16792,high,budget,no_restriction,no_preference,fastest,October,1,senior_traveller,75,71,86,51,49,22,29,66,57,29,68,47,validation
T001993,Pune,solo,1,0,0,1,balanced,11582,high,budget,no_restriction,vegetarian,lowest_cost,April,2,beach_traveller,56,13,79,80,59,60,37,59,15,73,52,35,train
T001994,Pune,couple,2,0,0,2,easy_going,25118,medium,standard,no_restriction,vegetarian,public_transport,December,2,food_traveller,83,86,53,56,56,22,50,90,74,50,4,40,train
T001995,Indore,solo,1,0,0,1,packed,26611,high,standard,no_restriction,no_preference,balanced,January,3,food_traveller,81,75,59,63,45,24,72,78,36,59,11,59,train
T001996,Jaipur,family,5,2,0,7,balanced,411501,high,premium,no_restriction,no_preference,fastest,November,14,family_traveller,73,83,86,50,40,36,58,77,49,62,27,61,train
T001997,Delhi,friends,4,0,0,4,packed,32579,medium,standard,no_restriction,no_preference,balanced,December,2,family_traveller,67,79,95,40,47,79,54,46,61,51,24,40,train
T001998,Delhi,couple,2,0,0,2,packed,22141,medium,premium,no_restriction,non_vegetarian,fastest,December,2,adventure_traveller,54,58,79,68,45,80,52,28,63,77,45,29,validation
T001999,Hyderabad,seniors,1,0,1,2,balanced,20242,medium,budget,no_restriction,no_preference,lowest_cost,December,4,senior_traveller,68,86,81,50,52,16,21,51,56,47,83,69,train
T002000,Bengaluru,family,4,2,1,7,easy_going,132057,medium,luxury,no_restriction,non_vegetarian,balanced,June,4,nightlife_traveller,5,73,20,15,96,17,68,81,32,46,55,20,train
T002001,Kochi,friends,6,0,0,6,balanced,43885,low,premium,no_restriction,non_vegetarian,fastest,April,3,senior_traveller,80,77,75,44,62,34,3,56,66,54,65,69,test
T002002,Jaipur,seniors,1,0,3,4,packed,107065,low,premium,no_restriction,no_preference,private_transport,January,9,family_traveller,84,79,87,61,31,71,59,50,51,31,59,64,validation
T002003,Mumbai,couple,2,0,0,2,easy_going,16207,medium,standard,no_restriction,no_preference,balanced,November,2,balanced_traveller,45,62,49,61,60,58,56,63,65,40,56,51,train
T002004,Mumbai,solo,1,0,0,1,balanced,19641,low,standard,no_restriction,non_vegetarian,balanced,December,5,nightlife_traveller,11,76,16,49,9,23,87,75,18,21,47,63,train
T002005,Ahmedabad,solo,1,0,0,1,easy_going,177069,medium,luxury,no_restriction,no_preference,private_transport,March,8,beach_traveller,67,14,86,100,61,42,53,64,11,74,40,17,train
T002006,Bengaluru,seniors,2,0,2,4,balanced,33543,medium,budget,no_restriction,no_preference,lowest_cost,March,3,beach_traveller,45,14,83,80,51,65,51,49,32,86,42,2,train
T002007,Kolkata,friends,8,0,0,8,easy_going,62097,low,standard,no_restriction,no_preference,balanced,March,5,nightlife_traveller,81,44,68,47,58,67,74,94,34,61,78,15,validation
T002008,Kochi,friends,8,0,0,8,easy_going,85289,medium,standard,no_restriction,non_vegetarian,fastest,December,3,beach_traveller,66,18,85,94,62,46,72,48,19,78,25,22,train
T002009,Pune,solo,1,0,0,1,balanced,8207,low,premium,no_restriction,no_preference,lowest_cost,October,1,beach_traveller,72,0,70,82,70,51,65,80,20,80,62,22,train
T002010,Ahmedabad,family,5,2,0,7,balanced,55464,medium,budget,no_restriction,non_vegetarian,balanced,October,4,family_traveller,96,76,87,50,59,47,34,51,62,65,58,47,train
T002011,Pune,seniors,1,0,2,3,packed,184034,high,luxury,reduced_walking,no_preference,lowest_cost,February,4,senior_traveller,85,81,88,49,64,31,20,82,62,78,87,36,test
T002012,Kolkata,couple,2,0,0,2,easy_going,39305,high,budget,no_restriction,no_preference,private_transport,February,3,senior_traveller,86,82,89,52,60,23,4,48,53,60,73,58,validation
T002013,Hyderabad,family,4,2,0,6,packed,50925,medium,budget,no_restriction,non_vegetarian,balanced,November,4,family_traveller,70,82,27,73,64,50,28,98,24,20,10,65,train
T002014,Hyderabad,family,5,1,0,6,balanced,87487,low,standard,no_restriction,no_preference,fastest,March,7,beach_traveller,43,9,78,75,50,45,62,51,20,84,40,27,train
T002015,Bengaluru,seniors,0,0,1,1,balanced,21126,high,standard,wheelchair_friendly_preference,no_preference,balanced,October,2,balanced_traveller,56,59,70,66,37,72,42,67,51,89,49,56,train
T002016,Kolkata,friends,5,0,0,5,easy_going,53208,medium,premium,no_restriction,non_vegetarian,balanced,August,2,adventure_traveller,57,63,75,77,56,89,54,15,31,76,37,1,train
T002017,Mumbai,friends,8,0,0,8,easy_going,57135,medium,standard,no_restriction,no_preference,fastest,November,2,culture_traveller,64,94,61,59,64,55,49,53,89,96,65,81,train
T002018,Jaipur,solo,1,0,0,1,balanced,21713,high,premium,no_restriction,no_preference,balanced,February,1,senior_traveller,21,56,46,59,91,28,15,12,5,79,45,25,test
T002019,Bengaluru,family,2,3,0,5,easy_going,65836,high,standard,no_restriction,non_vegetarian,balanced,February,4,family_traveller,92,92,81,49,48,43,45,54,50,37,51,58,train
T002020,Chennai,family,5,1,0,6,packed,83212,high,standard,no_restriction,jain,public_transport,November,2,balanced_traveller,51,54,65,55,65,52,50,47,65,52,27,64,train
T002021,Kolkata,friends,3,0,0,3,easy_going,24157,medium,budget,no_restriction,no_preference,public_transport,August,3,senior_traveller,78,93,91,74,68,12,20,54,67,56,54,76,train
T002022,Nagpur,seniors,2,0,2,4,balanced,38618,medium,standard,no_restriction,vegetarian,balanced,October,2,senior_traveller,79,92,64,25,77,0,14,38,53,55,76,65,train
T002023,Indore,family,3,4,0,7,balanced,81169,medium,premium,no_restriction,non_vegetarian,balanced,February,4,family_traveller,76,60,78,66,44,49,50,63,52,57,57,50,test
T002024,Bengaluru,friends,7,0,0,7,easy_going,86316,medium,standard,no_restriction,vegetarian,private_transport,June,4,adventure_traveller,66,55,82,78,62,77,53,31,54,86,64,19,train
T002025,Kochi,seniors,2,0,2,4,balanced,24788,medium,budget,no_restriction,non_vegetarian,fastest,April,2,senior_traveller,73,99,72,62,57,14,13,73,63,55,77,55,train
T002026,Chennai,couple,2,0,0,2,packed,28319,medium,budget,no_restriction,vegetarian,balanced,April,4,food_traveller,76,79,43,61,23,12,67,89,37,63,5,52,train
T002027,Ahmedabad,friends,7,0,0,7,easy_going,104429,high,premium,no_restriction,vegetarian,lowest_cost,June,2,culture_traveller,62,71,63,61,54,20,20,62,87,100,59,76,train
T002028,Nagpur,friends,7,0,0,7,packed,23804,low,budget,no_restriction,vegan,private_transport,March,2,food_traveller,86,85,64,68,54,17,53,84,55,58,10,44,train
T002029,Pune,solo,1,0,0,1,balanced,37061,medium,standard,no_restriction,no_preference,balanced,November,5,beach_traveller,52,16,85,83,95,55,68,53,25,80,66,18,validation
T002030,Bengaluru,friends,8,0,0,8,easy_going,103764,medium,premium,no_restriction,no_preference,lowest_cost,December,6,balanced_traveller,48,55,70,84,42,57,49,52,77,47,37,59,train
T002031,Hyderabad,friends,3,0,0,3,balanced,44824,medium,luxury,no_restriction,vegetarian,fastest,July,2,food_traveller,80,82,54,74,53,9,37,78,44,41,15,70,train
T002032,Delhi,seniors,2,0,2,4,balanced,19908,low,standard,no_restriction,vegetarian,fastest,December,2,senior_traveller,89,72,78,46,72,0,14,48,42,76,38,42,train
T002033,Bengaluru,seniors,0,0,3,3,packed,83117,high,premium,no_restriction,non_vegetarian,lowest_cost,September,3,beach_traveller,77,24,77,73,55,66,49,56,11,78,41,22,train
T002034,Mumbai,couple,2,0,0,2,packed,24167,medium,standard,no_restriction,no_preference,public_transport,July,3,beach_traveller,69,31,85,67,50,34,69,54,17,75,71,20,train
T002035,Jaipur,family,4,3,0,7,balanced,65894,medium,budget,no_restriction,no_preference,fastest,March,6,family_traveller,57,54,9,43,63,54,18,92,3,27,6,28,validation
T002036,Pune,family,2,4,1,7,packed,55097,medium,premium,no_restriction,no_preference,lowest_cost,August,2,family_traveller,95,86,57,56,51,52,64,60,48,74,41,40,train
T002037,Indore,couple,2,0,0,2,packed,84477,high,luxury,no_restriction,no_preference,fastest,December,2,nightlife_traveller,92,79,52,56,66,60,74,67,11,60,51,5,train
T002038,Kolkata,family,4,3,0,7,easy_going,65469,medium,budget,no_restriction,no_preference,private_transport,October,3,family_traveller,78,89,83,75,62,67,23,57,61,62,75,64,train
T002039,Pune,friends,6,0,0,6,packed,33820,medium,standard,no_restriction,non_vegetarian,private_transport,May,1,culture_traveller,61,74,59,63,62,32,6,54,63,91,58,81,train
T002040,Pune,solo,1,0,0,1,easy_going,44393,high,standard,no_restriction,vegetarian,fastest,November,5,culture_traveller,68,90,61,32,50,21,16,30,79,74,64,85,train
T002041,Bengaluru,couple,2,0,0,2,packed,20346,medium,standard,no_restriction,vegetarian,lowest_cost,November,2,senior_traveller,76,88,82,50,48,23,30,73,65,63,54,59,train
T002042,Jaipur,family,4,4,0,8,balanced,85817,low,luxury,no_restriction,no_preference,lowest_cost,March,4,balanced_traveller,54,61,59,44,69,58,67,43,47,52,59,55,test
T002043,Chennai,couple,2,0,0,2,packed,39115,high,standard,no_restriction,vegetarian,lowest_cost,January,2,balanced_traveller,49,50,50,42,66,58,55,69,78,38,76,56,train
T002044,Jaipur,family,4,3,0,7,balanced,27221,low,standard,no_restriction,vegan,public_transport,February,1,culture_traveller,52,69,56,55,46,0,0,78,82,70,49,82,train
T002045,Nagpur,solo,1,0,0,1,balanced,32646,high,budget,no_restriction,vegetarian,fastest,November,5,balanced_traveller,37,46,51,68,77,61,19,43,98,58,25,85,train
T002046,Bengaluru,seniors,1,0,4,5,easy_going,56275,medium,premium,no_restriction,vegan,lowest_cost,February,3,senior_traveller,78,86,88,59,65,0,23,56,62,66,44,55,train
T002047,Indore,seniors,0,0,2,2,packed,33418,medium,premium,no_restriction,non_vegetarian,lowest_cost,November,3,beach_traveller,52,15,83,90,65,41,66,73,29,62,60,37,train
T002048,Bengaluru,family,3,3,0,6,packed,29667,low,premium,no_restriction,non_vegetarian,balanced,November,1,family_traveller,88,100,93,42,82,24,51,59,53,60,54,72,train
T002049,Jaipur,solo,1,0,0,1,balanced,16436,medium,standard,no_restriction,no_preference,private_transport,February,2,balanced_traveller,45,41,45,49,31,50,44,55,77,37,69,77,train
T002050,Hyderabad,family,4,2,0,6,easy_going,174045,high,premium,no_restriction,no_preference,lowest_cost,November,5,family_traveller,84,81,82,57,55,47,62,60,46,61,49,64,test
T002051,Kolkata,friends,4,0,0,4,balanced,130110,high,luxury,no_restriction,no_preference,lowest_cost,November,3,family_traveller,71,77,75,48,49,62,60,58,71,93,63,67,train
T002052,Chennai,friends,3,0,0,3,easy_going,113105,high,premium,no_restriction,vegetarian,lowest_cost,January,5,food_traveller,88,98,56,77,52,50,49,87,60,74,37,44,train
T002053,Kochi,couple,2,0,0,2,packed,39583,medium,premium,no_restriction,vegetarian,lowest_cost,September,3,culture_traveller,27,85,72,75,56,30,27,47,74,81,54,82,validation
T002054,Mumbai,friends,8,0,0,8,easy_going,51046,high,budget,no_restriction,non_vegetarian,private_transport,January,1,nightlife_traveller,68,77,56,20,59,51,72,91,32,61,57,26,validation
T002055,Kolkata,family,5,4,0,9,easy_going,56015,low,premium,no_restriction,vegan,fastest,November,3,wellness_traveller,79,38,71,71,78,10,31,76,60,69,50,57,train
T002056,Kolkata,couple,2,0,0,2,easy_going,27618,low,standard,no_restriction,vegetarian,public_transport,March,4,senior_traveller,80,82,87,59,46,42,26,43,35,65,72,62,train
T002057,Nagpur,solo,1,0,0,1,balanced,40246,medium,premium,no_restriction,vegetarian,balanced,March,5,food_traveller,38,43,45,76,41,0,60,17,2,77,24,75,validation
T002058,Jaipur,solo,1,0,0,1,easy_going,8235,high,budget,no_restriction,no_preference,public_transport,November,1,balanced_traveller,28,76,54,44,52,78,57,60,82,67,53,36,train
T002059,Mumbai,solo,1,0,0,1,balanced,12516,low,budget,no_restriction,non_vegetarian,balanced,January,5,culture_traveller,49,72,37,58,63,15,30,55,81,70,51,89,test
T002060,Delhi,seniors,2,0,4,6,packed,56536,medium,budget,no_restriction,vegetarian,balanced,January,5,adventure_traveller,45,51,90,86,53,74,10,0,53,79,61,27,train
T002061,Nagpur,family,2,4,0,6,balanced,74226,medium,budget,no_restriction,no_preference,balanced,October,6,family_traveller,97,80,83,56,48,61,53,76,47,52,42,61,train
T002062,Nagpur,couple,2,0,0,2,easy_going,105659,medium,premium,no_restriction,no_preference,balanced,November,8,beach_traveller,53,19,86,80,69,61,40,26,6,83,61,18,train
T002063,Kolkata,family,3,1,0,4,balanced,37646,medium,premium,no_restriction,vegetarian,private_transport,January,2,wellness_traveller,83,70,87,53,82,11,4,62,39,54,29,57,train
T002064,Ahmedabad,family,4,3,0,7,balanced,81586,low,premium,no_restriction,no_preference,fastest,January,4,nightlife_traveller,78,44,56,66,64,48,77,79,24,57,45,13,train
T002065,Delhi,family,3,4,0,7,easy_going,112629,medium,premium,no_restriction,non_vegetarian,fastest,December,7,beach_traveller,70,13,81,91,73,67,34,41,29,76,57,22,train
T002066,Kolkata,friends,3,0,0,3,easy_going,14857,medium,standard,no_restriction,vegetarian,lowest_cost,September,1,balanced_traveller,60,57,56,47,61,52,51,58,56,39,47,63,train
T002067,Ahmedabad,friends,7,0,0,7,balanced,35169,medium,budget,no_restriction,non_vegetarian,fastest,September,2,adventure_traveller,69,60,75,85,62,94,71,11,61,84,60,16,validation
T002068,Kochi,family,5,2,0,7,packed,71180,medium,premium,no_restriction,non_vegetarian,public_transport,November,2,family_traveller,78,79,84,58,52,76,54,74,58,57,63,63,train
T002069,Kolkata,solo,1,0,0,1,balanced,41716,medium,premium,no_restriction,vegetarian,private_transport,February,5,culture_traveller,66,87,50,75,43,10,40,41,84,94,25,79,train
T002070,Hyderabad,solo,1,0,0,1,packed,30458,low,standard,no_restriction,non_vegetarian,lowest_cost,October,6,nightlife_traveller,85,59,63,58,66,55,87,71,1,58,65,16,validation
T002071,Hyderabad,couple,2,0,0,2,packed,78342,medium,premium,no_restriction,no_preference,lowest_cost,August,5,food_traveller,88,78,44,47,55,10,53,84,51,46,10,73,test
T002072,Hyderabad,couple,2,0,0,2,balanced,51997,high,budget,no_restriction,non_vegetarian,private_transport,April,6,wellness_traveller,84,62,83,45,83,22,0,67,38,58,75,54,train
T002073,Mumbai,couple,2,0,0,2,easy_going,71822,medium,luxury,no_restriction,vegetarian,lowest_cost,January,4,food_traveller,99,79,58,31,68,32,61,91,47,54,17,70,train
T002074,Mumbai,solo,1,0,0,1,easy_going,7922,low,budget,no_restriction,no_preference,fastest,March,3,family_traveller,89,76,79,56,61,48,50,58,61,56,54,41,train
T002075,Bengaluru,friends,8,0,0,8,balanced,75122,medium,premium,no_restriction,no_preference,lowest_cost,February,2,family_traveller,78,79,82,75,55,38,48,78,74,68,65,65,test
T002076,Bengaluru,seniors,0,0,3,3,balanced,39354,high,budget,no_restriction,vegetarian,balanced,February,3,adventure_traveller,51,46,82,81,40,67,54,30,65,90,54,15,validation
T002077,Ahmedabad,couple,2,0,0,2,easy_going,24195,medium,budget,no_restriction,no_preference,balanced,October,3,culture_traveller,53,95,55,48,65,7,28,60,78,77,46,90,train
T002078,Mumbai,solo,1,0,0,1,easy_going,44827,high,standard,no_restriction,non_vegetarian,lowest_cost,April,4,beach_traveller,64,24,77,74,48,41,52,54,31,85,71,21,test
T002079,Chennai,family,2,4,0,6,easy_going,20965,low,budget,no_restriction,no_preference,lowest_cost,November,1,food_traveller,79,82,72,42,55,37,68,79,56,62,26,73,train
T002080,Pune,friends,5,0,0,5,balanced,80559,medium,standard,no_restriction,vegetarian,balanced,January,7,family_traveller,93,81,65,52,84,62,54,49,67,61,60,70,train
T002081,Nagpur,seniors,0,0,1,1,packed,12168,medium,budget,no_restriction,no_preference,private_transport,October,2,senior_traveller,68,29,27,11,5,23,39,66,10,36,99,68,test
T002082,Jaipur,family,5,1,0,6,balanced,34201,medium,standard,no_restriction,no_preference,private_transport,January,1,family_traveller,86,67,88,44,60,56,54,39,47,45,49,71,validation
T002083,Kochi,family,5,4,0,9,easy_going,84781,high,standard,no_restriction,vegetarian,balanced,February,2,family_traveller,73,71,88,57,41,66,24,47,37,71,51,57,test
T002084,Bengaluru,couple,2,0,0,2,easy_going,22006,medium,premium,no_restriction,no_preference,balanced,February,1,balanced_traveller,59,61,44,76,52,69,50,39,80,49,62,20,train
T002085,Indore,family,2,4,0,6,balanced,84202,low,standard,no_restriction,vegetarian,fastest,November,7,senior_traveller,82,82,77,52,49,0,32,71,35,71,61,43,train
T002086,Bengaluru,family,4,4,0,8,easy_going,108169,medium,budget,no_restriction,vegetarian,public_transport,July,6,balanced_traveller,55,44,64,52,58,61,74,51,46,76,57,50,train
T002087,Hyderabad,seniors,1,0,2,3,balanced,25085,medium,budget,no_restriction,non_vegetarian,balanced,December,3,senior_traveller,75,94,95,51,54,15,39,59,63,55,62,63,train
T002088,Nagpur,family,3,4,0,7,easy_going,102446,medium,standard,no_restriction,jain,lowest_cost,February,6,family_traveller,21,85,95,56,82,4,85,28,17,27,49,58,train
T002089,Indore,family,2,2,0,4,balanced,56284,low,premium,no_restriction,vegan,fastest,November,7,senior_traveller,81,73,74,70,67,43,14,51,43,69,46,56,validation
T002090,Kolkata,solo,1,0,0,1,easy_going,31976,medium,premium,no_restriction,non_vegetarian,fastest,March,3,balanced_traveller,56,46,82,62,54,69,61,61,49,65,68,49,train
T002091,Chennai,couple,2,0,0,2,easy_going,17276,medium,budget,no_restriction,no_preference,private_transport,November,2,balanced_traveller,56,59,62,54,66,76,68,36,58,58,71,50,train
T002092,Kolkata,solo,1,0,0,1,balanced,7854,low,premium,no_restriction,vegetarian,balanced,November,1,adventure_traveller,51,53,72,90,56,66,37,33,56,81,56,26,test
T002093,Bengaluru,solo,1,0,0,1,balanced,48353,low,standard,no_restriction,no_preference,lowest_cost,January,11,beach_traveller,49,28,82,93,54,81,57,76,0,85,57,0,validation
T002094,Jaipur,family,4,2,0,6,easy_going,86861,low,luxury,no_restriction,no_preference,private_transport,November,4,food_traveller,87,79,60,78,54,4,83,73,38,60,25,62,train
T002095,Pune,family,4,3,0,7,easy_going,80316,low,standard,no_restriction,no_preference,fastest,December,10,adventure_traveller,60,63,85,83,56,81,45,0,83,82,51,9,train
T002096,Hyderabad,seniors,2,0,1,3,balanced,103274,high,luxury,reduced_walking,non_vegetarian,public_transport,January,2,balanced_traveller,47,58,73,46,54,60,48,55,37,50,71,66,validation
T002097,Ahmedabad,family,4,3,0,7,packed,28264,low,standard,no_restriction,non_vegetarian,lowest_cost,November,1,family_traveller,89,83,72,67,59,78,65,69,50,59,33,63,validation
T002098,Ahmedabad,couple,2,0,0,2,easy_going,157789,high,luxury,no_restriction,no_preference,balanced,April,4,culture_traveller,55,65,77,73,71,21,11,57,86,77,46,85,train
T002099,Nagpur,solo,1,0,0,1,packed,8392,medium,budget,no_restriction,non_vegetarian,private_transport,January,2,nightlife_traveller,2,19,49,45,77,52,26,13,56,67,21,63,train
T002100,Pune,couple,2,0,0,2,balanced,27059,medium,standard,no_restriction,no_preference,balanced,November,3,wellness_traveller,87,49,67,44,90,21,23,60,78,32,55,57,train
T002101,Ahmedabad,seniors,1,0,2,3,easy_going,73697,medium,premium,no_restriction,non_vegetarian,balanced,February,5,senior_traveller,76,99,86,49,40,29,37,61,60,75,64,49,train
T002102,Hyderabad,friends,8,0,0,8,easy_going,82537,medium,standard,no_restriction,no_preference,private_transport,August,3,wellness_traveller,92,59,70,42,80,29,10,64,47,58,61,43,train
T002103,Kolkata,couple,2,0,0,2,packed,6794,low,budget,no_restriction,no_preference,lowest_cost,January,1,balanced_traveller,61,46,60,54,49,81,46,62,75,61,49,50,train
T002104,Bengaluru,family,2,2,1,5,easy_going,183375,high,premium,no_restriction,vegetarian,fastest,January,9,family_traveller,91,86,35,24,10,70,12,66,25,72,39,13,train
T002105,Kolkata,friends,6,0,0,6,packed,79097,medium,luxury,no_restriction,vegetarian,lowest_cost,January,2,balanced_traveller,62,51,49,56,51,39,65,63,48,46,62,78,train
T002106,Mumbai,family,5,2,0,7,packed,121403,high,standard,no_restriction,no_preference,lowest_cost,April,5,wellness_traveller,81,63,85,55,74,12,45,50,77,52,53,57,train
T002107,Chennai,seniors,0,0,2,2,balanced,11099,low,premium,no_restriction,non_vegetarian,public_transport,February,1,senior_traveller,78,94,86,78,34,16,16,34,58,52,33,47,train
T002108,Bengaluru,friends,3,0,0,3,balanced,61961,medium,premium,no_restriction,no_preference,lowest_cost,March,5,culture_traveller,33,81,62,32,65,18,31,54,73,72,53,80,train
T002109,Pune,couple,2,0,0,2,balanced,26086,medium,standard,no_restriction,no_preference,balanced,December,3,nightlife_traveller,44,92,76,33,54,98,71,58,55,89,19,57,train
T002110,Kochi,family,3,1,0,4,easy_going,81326,medium,luxury,no_restriction,no_preference,lowest_cost,November,4,beach_traveller,70,11,100,84,54,40,52,54,29,77,62,20,train
T002111,Hyderabad,solo,1,0,0,1,packed,24747,high,budget,no_restriction,no_preference,balanced,November,3,wellness_traveller,85,52,81,54,82,22,17,37,78,60,60,56,train
T002112,Mumbai,family,4,1,0,5,balanced,48644,medium,standard,no_restriction,non_vegetarian,fastest,November,3,family_traveller,80,70,87,37,59,57,66,46,45,63,54,32,validation
T002113,Kolkata,friends,3,0,0,3,packed,89714,medium,luxury,no_restriction,no_preference,lowest_cost,December,3,beach_traveller,73,35,79,73,72,66,56,64,28,75,49,20,test
T002114,Nagpur,couple,2,0,0,2,balanced,21749,low,standard,no_restriction,vegetarian,public_transport,January,4,culture_traveller,48,94,54,56,56,24,12,51,89,70,59,75,train
T002115,Hyderabad,couple,2,0,0,2,balanced,73508,low,luxury,no_restriction,non_vegetarian,private_transport,June,5,food_traveller,24,0,57,13,9,56,59,65,50,88,12,78,train
T002116,Hyderabad,family,2,1,0,3,packed,47185,low,luxury,no_restriction,no_preference,fastest,November,2,family_traveller,69,79,81,77,40,49,69,45,49,77,61,67,train
T002117,Indore,friends,7,0,0,7,packed,89520,low,luxury,no_restriction,vegetarian,balanced,March,5,food_traveller,83,67,55,42,63,18,67,76,41,44,46,93,train
T002118,Delhi,seniors,0,0,3,3,packed,54300,medium,premium,no_restriction,no_preference,fastest,December,3,beach_traveller,51,25,84,82,52,58,55,47,31,94,59,19,validation
T002119,Chennai,friends,8,0,0,8,easy_going,47843,low,standard,no_restriction,no_preference,balanced,December,2,beach_traveller,47,19,82,81,42,63,41,70,37,76,41,19,test
T002120,Bengaluru,solo,1,0,0,1,balanced,67877,high,luxury,no_restriction,no_preference,private_transport,December,2,beach_traveller,51,14,76,84,78,61,64,69,14,67,57,31,train
T002121,Pune,solo,1,0,0,1,easy_going,22150,high,premium,no_restriction,no_preference,private_transport,December,1,senior_traveller,78,85,97,48,55,0,25,48,75,61,53,53,train
T002122,Pune,family,3,3,0,6,balanced,84538,high,standard,no_restriction,no_preference,balanced,April,2,family_traveller,72,77,83,64,53,40,52,54,77,63,37,53,test
T002123,Hyderabad,couple,2,0,0,2,balanced,26945,medium,standard,no_restriction,no_preference,private_transport,March,3,food_traveller,71,77,52,61,53,16,48,90,64,64,9,50,validation
T002124,Delhi,friends,7,0,0,7,easy_going,91670,medium,premium,no_restriction,vegetarian,lowest_cost,November,5,balanced_traveller,17,80,44,85,35,97,21,94,78,97,16,35,train
T002125,Kochi,seniors,0,0,3,3,balanced,80409,medium,premium,no_restriction,vegetarian,fastest,October,5,senior_traveller,66,75,92,59,75,17,9,36,47,49,27,46,train
T002126,Delhi,friends,7,0,0,7,balanced,65038,low,luxury,no_restriction,vegetarian,balanced,June,2,food_traveller,70,33,50,7,92,58,12,40,31,86,87,79,train
T002127,Nagpur,family,2,4,0,6,balanced,73871,high,budget,no_restriction,non_vegetarian,fastest,February,4,family_traveller,72,25,24,40,74,63,19,89,97,79,19,79,train
T002128,Mumbai,couple,2,0,0,2,balanced,15600,medium,budget,no_restriction,no_preference,balanced,December,2,balanced_traveller,51,49,47,71,60,44,72,55,45,80,43,47,train
T002129,Hyderabad,family,3,4,1,8,balanced,163042,medium,luxury,no_restriction,no_preference,private_transport,January,6,family_traveller,79,81,68,43,56,56,47,56,60,64,64,71,train
T002130,Jaipur,solo,1,0,0,1,balanced,6760,medium,standard,no_restriction,no_preference,balanced,January,1,food_traveller,89,70,59,63,39,44,70,90,61,45,3,55,validation
T002131,Hyderabad,couple,2,0,0,2,packed,46215,medium,standard,no_restriction,vegetarian,fastest,November,7,culture_traveller,60,81,68,57,22,7,0,80,93,64,44,70,train
T002132,Nagpur,solo,1,0,0,1,packed,23777,high,budget,no_restriction,non_vegetarian,fastest,November,5,adventure_traveller,52,62,91,81,63,79,52,0,62,78,41,12,train
T002133,Ahmedabad,solo,1,0,0,1,easy_going,46680,medium,standard,no_restriction,no_preference,private_transport,December,7,culture_traveller,80,77,52,58,41,21,28,74,92,84,54,80,train
T002134,Nagpur,family,5,3,0,8,easy_going,104798,low,premium,no_restriction,vegetarian,balanced,January,6,family_traveller,81,86,69,43,57,48,54,65,47,48,58,31,train
T002135,Jaipur,couple,2,0,0,2,easy_going,50194,high,standard,no_restriction,no_preference,balanced,October,3,wellness_traveller,71,40,79,34,100,32,26,66,72,49,52,61,train
T002136,Pune,solo,1,0,0,1,balanced,14285,high,budget,no_restriction,no_preference,public_transport,June,2,senior_traveller,86,89,84,79,70,27,10,70,47,65,27,51,train
T002137,Jaipur,solo,1,0,0,1,packed,43659,medium,standard,no_restriction,no_preference,private_transport,November,7,culture_traveller,60,69,58,55,51,43,36,47,87,87,58,73,train
T002138,Kolkata,friends,7,0,0,7,easy_going,74567,medium,premium,no_restriction,vegetarian,fastest,November,2,culture_traveller,52,72,65,76,85,23,17,56,92,92,54,91,train
T002139,Nagpur,couple,2,0,0,2,balanced,29368,medium,premium,reduced_walking,non_vegetarian,lowest_cost,January,2,food_traveller,68,76,54,72,66,22,34,84,37,67,31,57,test
T002140,Jaipur,family,2,3,0,5,balanced,49072,low,premium,no_restriction,no_preference,lowest_cost,February,3,wellness_traveller,13,61,70,75,51,60,97,34,21,96,91,0,test
T002141,Jaipur,friends,6,0,0,6,easy_going,53231,low,premium,no_restriction,no_preference,fastest,November,3,family_traveller,68,100,83,68,49,52,70,63,77,46,54,63,train
T002142,Bengaluru,friends,8,0,0,8,easy_going,50211,medium,budget,no_restriction,vegetarian,balanced,December,2,balanced_traveller,72,61,59,57,46,50,28,49,49,63,49,66,train
T002143,Bengaluru,seniors,0,0,2,2,easy_going,47445,medium,standard,no_restriction,vegetarian,lowest_cost,April,5,senior_traveller,88,80,79,48,56,15,0,47,66,52,47,57,train
T002144,Kolkata,solo,1,0,0,1,balanced,23674,medium,budget,no_restriction,no_preference,balanced,November,5,beach_traveller,54,29,87,83,71,41,54,31,6,68,34,13,train
T002145,Kochi,family,4,2,0,6,packed,108306,high,budget,no_restriction,no_preference,balanced,November,5,family_traveller,74,82,77,45,37,50,62,65,48,48,54,57,train
T002146,Kolkata,couple,2,0,0,2,balanced,23483,low,premium,no_restriction,jain,balanced,November,2,balanced_traveller,47,40,45,48,40,68,64,56,61,60,48,78,train
T002147,Mumbai,couple,2,0,0,2,easy_going,40149,low,standard,no_restriction,no_preference,balanced,November,7,culture_traveller,54,72,74,45,59,10,0,41,80,86,63,71,test
T002148,Bengaluru,solo,1,0,0,1,easy_going,21603,medium,premium,no_restriction,vegetarian,fastest,August,2,beach_traveller,59,13,97,75,72,30,53,52,22,79,73,16,test
T002149,Chennai,family,2,2,1,5,easy_going,33799,medium,standard,no_restriction,no_preference,fastest,February,1,food_traveller,88,86,57,68,58,15,38,92,55,51,18,74,test
T002150,Ahmedabad,seniors,1,0,2,3,balanced,12688,low,budget,no_restriction,vegetarian,lowest_cost,October,2,food_traveller,84,95,52,54,34,12,32,71,64,36,0,35,validation
T002151,Ahmedabad,friends,8,0,0,8,packed,191518,medium,premium,no_restriction,no_preference,balanced,February,10,culture_traveller,59,67,60,40,63,2,25,66,80,81,74,75,train
T002152,Bengaluru,solo,1,0,0,1,balanced,23838,medium,standard,no_restriction,no_preference,balanced,December,4,family_traveller,95,84,80,61,71,76,59,41,41,40,49,57,train
T002153,Jaipur,friends,7,0,0,7,balanced,41377,low,standard,no_restriction,non_vegetarian,fastest,April,3,nightlife_traveller,79,71,62,76,70,59,83,79,32,49,58,17,train
T002154,Pune,family,5,1,0,6,balanced,101422,high,budget,no_restriction,vegetarian,balanced,January,5,family_traveller,78,84,74,43,56,50,55,67,37,55,49,57,train
T002155,Pune,family,4,2,0,6,balanced,111967,low,premium,no_restriction,non_vegetarian,public_transport,October,7,family_traveller,30,95,66,32,60,16,92,38,19,7,3,64,train
T002156,Ahmedabad,solo,1,0,0,1,balanced,24280,high,standard,no_restriction,no_preference,lowest_cost,November,3,family_traveller,72,86,60,42,66,52,46,75,79,57,72,75,train
T002157,Nagpur,couple,2,0,0,2,balanced,65009,medium,standard,no_restriction,jain,balanced,August,7,adventure_traveller,46,29,78,85,59,90,45,13,68,81,59,47,train
T002158,Nagpur,solo,1,0,0,1,packed,20655,medium,budget,no_restriction,non_vegetarian,balanced,March,4,adventure_traveller,71,53,86,73,38,77,53,27,43,94,45,18,train
T002159,Kolkata,couple,2,0,0,2,balanced,16554,high,standard,no_restriction,jain,private_transport,September,1,senior_traveller,75,77,78,52,53,7,20,46,49,56,26,86,train
T002160,Jaipur,family,2,1,0,3,balanced,25550,medium,budget,no_restriction,vegetarian,balanced,October,3,adventure_traveller,82,24,50,14,98,38,82,38,34,24,40,87,train
T002161,Jaipur,couple,2,0,0,2,balanced,53735,medium,premium,no_restriction,non_vegetarian,balanced,December,4,senior_traveller,79,82,76,38,36,10,35,71,43,55,58,48,train
T002162,Indore,couple,2,0,0,2,balanced,24769,medium,budget,no_restriction,jain,balanced,December,3,nightlife_traveller,76,55,31,27,63,46,66,72,24,61,37,36,test
T002163,Kolkata,couple,2,0,0,2,balanced,32334,medium,standard,no_restriction,vegetarian,balanced,December,4,senior_traveller,78,87,80,74,40,36,13,82,62,67,55,65,train
T002164,Pune,seniors,2,0,1,3,packed,18920,low,budget,no_restriction,no_preference,lowest_cost,January,3,culture_traveller,98,14,50,34,32,41,57,1,15,61,73,67,train
T002165,Hyderabad,friends,8,0,0,8,balanced,69797,low,premium,no_restriction,non_vegetarian,public_transport,March,4,nightlife_traveller,69,59,47,68,59,34,78,65,5,51,45,44,train
T002166,Chennai,couple,2,0,0,2,balanced,34438,medium,standard,no_restriction,non_vegetarian,fastest,May,4,nightlife_traveller,70,59,51,55,51,62,74,83,6,35,52,26,test
T002167,Delhi,friends,3,0,0,3,balanced,26223,low,budget,no_restriction,no_preference,fastest,October,4,balanced_traveller,60,67,52,63,57,79,60,41,60,45,65,65,validation
T002168,Indore,couple,2,0,0,2,packed,26938,high,standard,no_restriction,vegetarian,private_transport,October,2,culture_traveller,57,88,52,24,50,13,20,62,95,82,44,80,train
T002169,Kolkata,family,2,3,0,5,balanced,39408,medium,premium,no_restriction,no_preference,balanced,September,2,balanced_traveller,76,52,64,65,52,45,65,39,41,64,54,48,test
T002170,Ahmedabad,friends,5,0,0,5,packed,53260,low,premium,no_restriction,no_preference,balanced,December,3,culture_traveller,70,76,55,58,76,18,47,52,80,89,80,79,train
T002171,Delhi,solo,1,0,0,1,packed,14171,low,budget,no_restriction,vegetarian,public_transport,February,5,wellness_traveller,83,72,85,75,75,18,14,50,60,54,39,53,validation
T002172,Jaipur,family,3,3,0,6,balanced,50237,medium,budget,no_restriction,no_preference,public_transport,October,2,food_traveller,87,82,58,54,18,27,64,78,39,50,32,52,train
T002173,Kochi,solo,1,0,0,1,easy_going,24512,high,standard,no_restriction,no_preference,private_transport,January,2,adventure_traveller,61,54,90,78,45,70,49,11,48,72,61,7,validation
T002174,Indore,friends,4,0,0,4,balanced,24751,medium,premium,no_restriction,vegetarian,fastest,February,1,nightlife_traveller,88,46,73,61,56,35,68,94,37,76,79,37,validation
T002175,Delhi,seniors,2,0,2,4,balanced,34818,medium,budget,no_restriction,no_preference,fastest,November,2,nightlife_traveller,93,38,64,45,56,69,89,75,12,38,35,9,train
T002176,Jaipur,couple,2,0,0,2,easy_going,6713,low,budget,no_restriction,vegetarian,balanced,December,1,family_traveller,78,69,78,46,56,62,50,63,53,53,53,54,train
T002177,Ahmedabad,seniors,2,0,4,6,balanced,65347,high,budget,no_restriction,vegan,private_transport,March,3,culture_traveller,37,84,40,44,45,15,5,45,89,83,57,85,train
T002178,Indore,seniors,0,0,3,3,balanced,25598,medium,budget,no_restriction,no_preference,private_transport,April,2,senior_traveller,9,25,65,20,93,34,51,66,13,68,12,82,train
T002179,Kolkata,family,3,2,1,6,balanced,33667,low,budget,no_restriction,no_preference,public_transport,February,3,wellness_traveller,82,67,95,49,85,22,1,68,75,66,49,40,train
T002180,Kolkata,couple,2,0,0,2,packed,22488,medium,budget,no_restriction,no_preference,public_transport,March,3,culture_traveller,90,82,71,53,40,49,9,68,83,91,56,72,train
T002181,Kochi,friends,5,0,0,5,easy_going,57063,low,budget,no_restriction,vegetarian,balanced,December,11,balanced_traveller,79,54,57,60,44,41,40,17,55,41,50,69,test
T002182,Kolkata,friends,6,0,0,6,easy_going,62206,medium,budget,no_restriction,vegan,fastest,December,4,beach_traveller,66,38,73,96,53,61,56,47,4,83,45,17,test
T002183,Indore,couple,2,0,0,2,easy_going,40852,high,standard,no_restriction,non_vegetarian,private_transport,December,3,beach_traveller,77,33,75,82,61,75,53,49,0,88,59,8,train
T002184,Ahmedabad,family,2,4,0,6,packed,67086,medium,budget,no_restriction,no_preference,private_transport,November,4,culture_traveller,50,76,71,59,60,33,41,74,86,79,62,81,validation
T002185,Hyderabad,solo,1,0,0,1,packed,25190,medium,budget,no_restriction,non_vegetarian,lowest_cost,February,6,adventure_traveller,54,51,90,82,65,79,52,30,65,79,43,0,train
T002186,Indore,family,5,3,0,8,balanced,29185,low,standard,no_restriction,no_preference,balanced,May,1,family_traveller,84,85,85,65,59,49,51,47,51,63,47,69,validation
T002187,Jaipur,friends,8,0,0,8,balanced,89148,high,standard,no_restriction,no_preference,private_transport,April,2,senior_traveller,80,80,89,53,51,7,8,67,51,63,64,45,train
T002188,Hyderabad,friends,7,0,0,7,packed,28867,low,budget,no_restriction,no_preference,lowest_cost,December,2,culture_traveller,52,79,65,46,47,15,27,65,84,87,70,83,train
T002189,Hyderabad,family,3,1,0,4,balanced,16890,medium,budget,no_restriction,no_preference,balanced,March,1,family_traveller,92,69,87,70,49,61,55,65,51,69,55,53,validation
T002190,Jaipur,couple,2,0,0,2,balanced,32439,high,standard,no_restriction,vegan,lowest_cost,November,3,wellness_traveller,70,49,70,38,76,5,18,59,47,64,49,55,validation
T002191,Pune,seniors,2,0,1,3,balanced,24182,low,premium,no_restriction,vegetarian,private_transport,February,2,senior_traveller,81,78,93,57,40,25,18,61,53,50,67,79,validation
T002192,Chennai,friends,6,0,0,6,balanced,71383,medium,standard,no_restriction,no_preference,lowest_cost,December,4,wellness_traveller,93,64,92,46,84,33,27,75,61,56,28,62,validation
T002193,Indore,family,3,2,0,5,packed,82447,medium,standard,no_restriction,no_preference,public_transport,December,6,senior_traveller,78,81,83,54,61,42,29,47,26,44,73,50,train
T002194,Jaipur,friends,7,0,0,7,easy_going,89472,low,standard,no_restriction,vegetarian,lowest_cost,November,7,family_traveller,29,68,10,65,86,36,21,85,48,83,7,21,train
T002195,Mumbai,couple,2,0,0,2,easy_going,32579,low,premium,no_restriction,non_vegetarian,lowest_cost,December,5,culture_traveller,80,81,67,66,66,36,2,45,82,91,71,81,train
T002196,Delhi,friends,4,0,0,4,easy_going,52275,medium,budget,no_restriction,no_preference,private_transport,December,4,food_traveller,88,80,41,73,77,35,62,84,56,58,28,65,train
T002197,Kochi,seniors,2,0,3,5,balanced,39641,medium,standard,no_restriction,non_vegetarian,fastest,December,3,adventure_traveller,65,51,88,92,67,86,67,25,67,72,56,25,validation
T002198,Hyderabad,couple,2,0,0,2,easy_going,29421,medium,standard,no_restriction,vegan,private_transport,February,3,food_traveller,75,71,51,73,53,24,46,96,53,59,9,46,train
T002199,Kolkata,friends,5,0,0,5,easy_going,166928,high,standard,no_restriction,no_preference,private_transport,February,8,food_traveller,84,90,66,70,71,17,79,88,45,48,21,67,train
T002200,Pune,solo,1,0,0,1,packed,12112,medium,budget,no_restriction,no_preference,fastest,January,3,culture_traveller,67,100,58,49,59,38,26,66,88,86,40,70,train
T002201,Kochi,solo,1,0,0,1,easy_going,84987,medium,standard,no_restriction,non_vegetarian,balanced,June,12,senior_traveller,79,88,77,58,61,23,22,40,58,46,35,51,train
T002202,Pune,family,3,4,0,7,easy_going,35209,low,premium,no_restriction,jain,private_transport,November,2,balanced_traveller,43,66,62,67,54,61,69,40,42,63,66,58,train
T002203,Indore,friends,3,0,0,3,balanced,43062,low,luxury,no_restriction,no_preference,balanced,October,2,balanced_traveller,54,59,32,46,60,69,55,65,39,51,60,56,test
T002204,Bengaluru,family,5,3,0,8,balanced,64929,low,standard,no_restriction,vegetarian,balanced,October,4,family_traveller,88,78,85,46,38,63,63,42,55,42,51,51,train
T002205,Hyderabad,solo,1,0,0,1,balanced,122139,medium,luxury,no_restriction,vegetarian,private_transport,December,5,food_traveller,89,79,58,61,62,6,59,73,59,66,43,63,train
T002206,Delhi,solo,1,0,0,1,balanced,65474,medium,luxury,no_restriction,vegetarian,private_transport,November,3,senior_traveller,65,63,5,83,8,85,98,67,93,62,98,79,train
T002207,Jaipur,solo,1,0,0,1,packed,17026,low,standard,no_restriction,non_vegetarian,fastest,April,3,wellness_traveller,96,55,88,58,88,25,29,67,62,58,69,55,train
T002208,Jaipur,solo,1,0,0,1,packed,60562,medium,luxury,no_restriction,no_preference,public_transport,November,3,balanced_traveller,40,41,50,63,57,47,67,60,69,46,74,75,train
T002209,Jaipur,family,3,2,0,5,easy_going,78449,medium,budget,no_restriction,no_preference,private_transport,January,7,family_traveller,78,92,94,73,69,62,56,79,60,52,62,70,train
T002210,Kolkata,seniors,1,0,1,2,balanced,141546,medium,luxury,no_restriction,no_preference,private_transport,June,5,wellness_traveller,83,65,87,77,93,36,10,48,45,62,51,64,test
T002211,Ahmedabad,seniors,2,0,2,4,balanced,31195,low,standard,wheelchair_friendly_preference,vegetarian,public_transport,November,3,senior_traveller,71,94,86,66,34,26,44,61,56,54,48,58,validation
T002212,Chennai,couple,2,0,0,2,packed,70817,medium,premium,no_restriction,non_vegetarian,private_transport,April,5,wellness_traveller,89,61,85,65,81,26,9,35,58,48,80,47,train
T002213,Delhi,seniors,1,0,3,4,packed,72583,high,budget,wheelchair_friendly_preference,no_preference,balanced,March,7,senior_traveller,71,66,78,57,52,0,0,57,66,59,79,56,train
T002214,Nagpur,couple,2,0,0,2,easy_going,33087,high,budget,no_restriction,vegetarian,fastest,December,3,family_traveller,74,79,67,60,72,45,53,54,54,44,57,75,train
T002215,Nagpur,family,3,3,0,6,balanced,43043,medium,standard,no_restriction,non_vegetarian,balanced,January,2,wellness_traveller,75,83,75,40,74,20,12,60,48,49,48,55,train
T002216,Ahmedabad,family,4,1,0,5,balanced,43579,high,premium,no_restriction,no_preference,fastest,January,1,family_traveller,91,87,89,68,53,64,52,64,71,75,64,61,train
T002217,Hyderabad,solo,1,0,0,1,balanced,19255,medium,premium,no_restriction,no_preference,fastest,January,2,adventure_traveller,36,54,70,83,76,76,66,11,56,74,64,37,train
T002218,Delhi,solo,1,0,0,1,packed,15053,low,standard,no_restriction,no_preference,fastest,December,3,beach_traveller,70,39,74,89,59,42,62,79,10,80,37,18,train
T002219,Jaipur,family,3,3,0,6,balanced,49861,high,budget,no_restriction,no_preference,private_transport,November,2,family_traveller,79,44,89,49,90,92,55,79,10,11,70,5,train
T002220,Hyderabad,seniors,2,0,3,5,easy_going,31794,low,luxury,no_restriction,no_preference,lowest_cost,January,1,senior_traveller,82,87,86,51,60,25,30,75,49,43,72,41,test
T002221,Delhi,friends,6,0,0,6,easy_going,91652,medium,luxury,no_restriction,no_preference,balanced,February,2,adventure_traveller,68,35,70,92,60,65,60,0,72,89,82,16,train
T002222,Ahmedabad,solo,1,0,0,1,easy_going,12357,low,standard,no_restriction,no_preference,fastest,January,3,culture_traveller,53,81,38,42,58,5,28,56,79,77,62,87,train
T002223,Kochi,family,4,3,0,7,packed,96570,low,premium,no_restriction,no_preference,fastest,March,8,family_traveller,46,2,32,83,93,36,28,75,69,37,90,45,train
T002224,Kolkata,couple,2,0,0,2,balanced,24316,medium,standard,no_restriction,vegetarian,balanced,November,3,adventure_traveller,49,64,78,73,48,74,61,35,54,90,50,18,test
T002225,Delhi,couple,2,0,0,2,balanced,23078,medium,premium,no_restriction,no_preference,balanced,November,1,nightlife_traveller,62,49,64,57,45,57,79,69,15,65,53,0,train
T002226,Jaipur,family,5,4,0,9,balanced,32383,low,budget,no_restriction,non_vegetarian,lowest_cost,June,2,family_traveller,89,77,82,50,66,49,48,44,44,69,52,45,train
T002227,Kolkata,solo,1,0,0,1,packed,7916,low,budget,no_restriction,no_preference,lowest_cost,January,2,adventure_traveller,54,63,81,82,38,75,79,6,57,95,65,23,train
T002228,Delhi,couple,2,0,0,2,balanced,14038,low,budget,no_restriction,vegetarian,private_transport,November,3,culture_traveller,69,79,59,48,48,26,3,43,94,88,62,73,train
T002229,Kochi,couple,2,0,0,2,balanced,113229,medium,luxury,no_restriction,no_preference,balanced,November,4,balanced_traveller,50,38,77,59,6,67,49,61,9,50,52,14,train
T002230,Jaipur,couple,2,0,0,2,balanced,33226,medium,premium,no_restriction,no_preference,private_transport,November,2,family_traveller,62,79,69,77,52,65,60,44,51,65,65,67,train
T002231,Kolkata,solo,1,0,0,1,packed,23171,high,budget,no_restriction,non_vegetarian,fastest,January,3,adventure_traveller,96,89,9,83,54,96,50,20,85,93,53,40,validation
T002232,Kolkata,couple,2,0,0,2,balanced,69188,medium,standard,no_restriction,non_vegetarian,fastest,December,8,senior_traveller,85,81,74,60,64,21,0,54,65,45,69,49,test
T002233,Kolkata,friends,7,0,0,7,balanced,49553,medium,premium,no_restriction,vegetarian,public_transport,January,2,food_traveller,75,85,59,58,64,13,49,89,57,50,17,53,train
T002234,Hyderabad,friends,5,0,0,5,packed,50144,low,premium,no_restriction,no_preference,private_transport,August,4,family_traveller,97,76,92,73,61,62,68,53,50,51,60,51,validation
T002235,Jaipur,family,5,1,0,6,easy_going,59269,medium,standard,no_restriction,jain,fastest,November,5,family_traveller,3,80,16,96,6,80,11,63,75,22,56,78,train
T002236,Hyderabad,solo,1,0,0,1,packed,20677,high,premium,no_restriction,vegetarian,fastest,October,1,culture_traveller,75,74,48,61,55,7,24,51,85,68,53,83,train
T002237,Hyderabad,seniors,1,0,1,2,easy_going,26387,high,standard,no_restriction,non_vegetarian,fastest,January,1,senior_traveller,85,78,89,42,28,21,16,34,64,36,55,66,train
T002238,Delhi,couple,2,0,0,2,balanced,15102,low,standard,no_restriction,no_preference,lowest_cost,December,2,culture_traveller,49,96,44,43,56,14,15,68,91,74,76,72,train
T002239,Bengaluru,couple,2,0,0,2,balanced,51344,medium,standard,no_restriction,vegan,fastest,October,6,adventure_traveller,60,64,72,76,50,80,55,31,68,75,65,37,train
T002240,Kolkata,friends,3,0,0,3,packed,40206,low,premium,no_restriction,non_vegetarian,public_transport,January,3,balanced_traveller,36,70,48,25,33,72,78,63,88,52,82,10,train
T002241,Indore,family,5,2,0,7,packed,38220,medium,budget,no_restriction,no_preference,balanced,December,2,family_traveller,98,75,77,49,52,65,57,57,65,38,65,58,validation
T002242,Delhi,seniors,2,0,4,6,packed,41184,low,budget,no_restriction,no_preference,public_transport,December,3,senior_traveller,77,89,87,60,49,32,7,74,48,46,57,59,train
T002243,Hyderabad,solo,1,0,0,1,balanced,16686,medium,standard,no_restriction,no_preference,public_transport,March,2,adventure_traveller,53,65,86,70,79,83,67,12,33,81,43,35,train
T002244,Kolkata,couple,2,0,0,2,balanced,97461,high,premium,no_restriction,non_vegetarian,lowest_cost,December,6,wellness_traveller,69,56,76,57,81,17,28,39,64,61,54,47,train
T002245,Indore,family,2,3,0,5,balanced,98406,medium,luxury,no_restriction,no_preference,balanced,January,4,wellness_traveller,85,61,71,64,80,12,11,42,57,54,41,63,train
T002246,Hyderabad,solo,1,0,0,1,easy_going,21830,medium,budget,no_restriction,non_vegetarian,fastest,December,7,food_traveller,82,79,43,44,82,2,71,73,58,80,30,39,train
T002247,Kochi,seniors,1,0,3,4,packed,63687,medium,luxury,no_restriction,no_preference,balanced,July,3,senior_traveller,89,97,92,48,60,25,0,46,51,82,61,41,train
T002248,Delhi,family,3,4,0,7,balanced,23054,low,standard,no_restriction,non_vegetarian,balanced,March,1,food_traveller,96,77,74,40,60,9,56,88,50,48,17,100,test
T002249,Mumbai,seniors,1,0,4,5,balanced,31586,low,standard,no_restriction,non_vegetarian,private_transport,January,2,senior_traveller,79,80,69,47,44,15,28,58,56,35,56,43,validation
T002250,Bengaluru,couple,2,0,0,2,balanced,32376,low,premium,no_restriction,vegetarian,private_transport,October,3,food_traveller,74,81,49,77,50,24,55,79,67,63,27,63,train
T002251,Chennai,couple,2,0,0,2,easy_going,40362,high,standard,no_restriction,vegetarian,balanced,January,3,family_traveller,84,83,80,56,76,63,59,62,57,63,49,83,train
T002252,Kolkata,friends,3,0,0,3,packed,45301,medium,budget,no_restriction,no_preference,private_transport,February,6,beach_traveller,36,31,73,76,66,71,50,44,9,90,71,24,train
T002253,Jaipur,family,3,4,0,7,balanced,41812,low,budget,no_restriction,non_vegetarian,balanced,December,4,wellness_traveller,90,52,79,66,78,3,21,29,61,64,53,70,train
T002254,Kolkata,solo,1,0,0,1,balanced,8304,medium,standard,no_restriction,non_vegetarian,balanced,November,1,culture_traveller,87,96,60,59,69,21,1,78,72,91,66,96,train
T002255,Indore,couple,2,0,0,2,balanced,27069,medium,budget,no_restriction,no_preference,lowest_cost,March,4,nightlife_traveller,75,70,58,56,49,63,93,100,7,55,34,28,train
T002256,Chennai,seniors,1,0,1,2,packed,17010,low,budget,no_restriction,non_vegetarian,balanced,October,4,culture_traveller,59,81,60,50,29,28,20,47,77,72,34,90,train
T002257,Kolkata,couple,2,0,0,2,packed,13450,low,standard,no_restriction,vegetarian,lowest_cost,February,2,balanced_traveller,1,91,87,28,32,59,20,87,26,5,53,73,train
T002258,Mumbai,friends,7,0,0,7,balanced,43034,low,standard,no_restriction,non_vegetarian,private_transport,January,2,culture_traveller,65,92,47,69,56,0,30,56,81,87,45,88,validation
T002259,Indore,couple,2,0,0,2,balanced,59491,medium,standard,no_restriction,non_vegetarian,private_transport,February,6,beach_traveller,49,15,75,79,64,46,42,54,5,92,48,20,train
T002260,Hyderabad,couple,2,0,0,2,packed,61000,medium,premium,no_restriction,vegan,balanced,February,4,adventure_traveller,66,51,95,76,37,88,50,3,67,67,62,14,train
T002261,Indore,seniors,0,0,4,4,easy_going,22124,low,standard,no_restriction,vegetarian,fastest,April,2,food_traveller,74,76,61,73,54,27,57,81,70,58,14,50,validation
T002262,Nagpur,family,3,4,0,7,packed,23368,low,budget,no_restriction,no_preference,balanced,January,1,adventure_traveller,43,67,94,11,42,94,46,89,68,86,75,7,train
T002263,Indore,solo,1,0,0,1,easy_going,9418,low,standard,no_restriction,vegan,private_transport,December,2,beach_traveller,57,5,67,74,43,56,37,51,45,81,57,20,train
T002264,Kolkata,couple,2,0,0,2,easy_going,62162,medium,standard,no_restriction,vegetarian,private_transport,March,7,nightlife_traveller,80,40,50,32,70,62,71,63,8,64,69,16,test
T002265,Kolkata,friends,4,0,0,4,packed,123096,medium,luxury,no_restriction,no_preference,private_transport,February,5,culture_traveller,67,95,50,81,59,18,36,44,82,80,62,78,validation
T002266,Jaipur,friends,8,0,0,8,packed,104014,high,budget,no_restriction,no_preference,balanced,November,3,adventure_traveller,77,68,12,3,66,60,76,87,66,63,52,56,train
T002267,Delhi,seniors,2,0,1,3,packed,101463,medium,premium,no_restriction,jain,private_transport,January,7,food_traveller,89,77,56,73,36,17,41,100,66,51,19,47,train
T002268,Jaipur,couple,2,0,0,2,packed,18390,high,budget,no_restriction,no_preference,private_transport,July,2,senior_traveller,90,86,81,68,100,5,18,41,61,59,80,53,train
T002269,Kolkata,family,3,4,0,7,easy_going,32979,low,standard,no_restriction,non_vegetarian,public_transport,August,2,wellness_traveller,69,95,34,12,25,63,98,81,78,36,61,40,train
T002270,Jaipur,seniors,1,0,2,3,easy_going,73625,high,budget,no_restriction,jain,lowest_cost,February,8,senior_traveller,83,80,84,59,63,17,27,64,53,56,54,42,train
T002271,Pune,family,4,1,0,5,easy_going,20534,low,budget,no_restriction,non_vegetarian,fastest,November,1,family_traveller,89,79,82,56,51,40,66,71,49,49,67,49,train
T002272,Jaipur,couple,2,0,0,2,balanced,17166,low,premium,no_restriction,no_preference,private_transport,June,2,adventure_traveller,55,42,78,84,64,79,48,21,52,73,60,20,train
T002273,Nagpur,family,2,1,0,3,balanced,8528,low,budget,no_restriction,vegan,fastest,November,1,family_traveller,83,100,82,70,84,77,58,70,58,56,67,67,validation
T002274,Ahmedabad,couple,2,0,0,2,balanced,71438,high,luxury,no_restriction,no_preference,lowest_cost,January,2,balanced_traveller,69,58,54,71,77,76,62,57,65,66,52,54,train
T002275,Delhi,couple,2,0,0,2,easy_going,42279,low,standard,no_restriction,non_vegetarian,balanced,November,7,adventure_traveller,56,45,86,80,39,90,50,24,61,83,44,38,validation
T002276,Ahmedabad,family,3,2,0,5,balanced,77249,low,standard,no_restriction,no_preference,public_transport,March,8,senior_traveller,83,79,95,58,64,4,19,70,40,56,61,74,test
T002277,Ahmedabad,couple,2,0,0,2,easy_going,92125,high,luxury,no_restriction,no_preference,public_transport,February,3,beach_traveller,5,73,85,84,54,39,31,74,80,93,98,70,validation
T002278,Delhi,family,4,1,0,5,balanced,41284,medium,premium,no_restriction,no_preference,fastest,October,2,family_traveller,75,81,89,52,60,63,82,68,46,30,58,48,train
T002279,Pune,solo,1,0,0,1,balanced,24448,medium,premium,no_restriction,vegetarian,fastest,November,2,senior_traveller,93,98,91,35,49,29,10,48,40,52,47,28,train
T002280,Chennai,solo,1,0,0,1,packed,34355,low,standard,no_restriction,jain,lowest_cost,October,8,nightlife_traveller,89,47,59,44,71,46,99,79,19,51,48,13,validation
T002281,Delhi,seniors,2,0,1,3,packed,25470,medium,standard,wheelchair_friendly_preference,no_preference,public_transport,October,2,senior_traveller,72,84,85,64,42,37,13,44,69,73,53,47,validation
T002282,Ahmedabad,couple,2,0,0,2,packed,18045,medium,budget,no_restriction,no_preference,private_transport,January,2,senior_traveller,89,89,86,60,64,0,23,69,59,57,49,50,train
T002283,Jaipur,solo,1,0,0,1,balanced,22033,high,budget,no_restriction,vegetarian,lowest_cost,February,4,senior_traveller,75,58,82,58,57,25,12,69,40,56,49,69,validation
T002284,Bengaluru,family,5,3,0,8,easy_going,71394,medium,budget,no_restriction,no_preference,balanced,February,4,senior_traveller,74,57,42,88,86,69,17,25,15,25,77,33,train
T002285,Bengaluru,couple,2,0,0,2,balanced,86748,medium,standard,no_restriction,no_preference,private_transport,January,12,balanced_traveller,88,92,96,86,80,23,18,60,53,72,11,28,train
T002286,Jaipur,couple,2,0,0,2,packed,62681,medium,premium,no_restriction,no_preference,fastest,November,6,adventure_traveller,73,63,87,71,48,71,69,24,58,94,63,34,train
T002287,Kolkata,family,3,1,0,4,easy_going,13471,low,standard,no_restriction,non_vegetarian,lowest_cost,January,1,family_traveller,75,84,82,56,38,44,78,69,60,62,65,51,test
T002288,Delhi,couple,2,0,0,2,balanced,21290,medium,standard,no_restriction,vegetarian,balanced,February,2,food_traveller,80,84,69,55,34,42,30,79,72,48,11,54,validation
T002289,Indore,family,2,3,0,5,packed,42483,medium,budget,no_restriction,no_preference,public_transport,February,3,beach_traveller,41,0,69,83,32,52,15,62,26,80,71,30,train
T002290,Jaipur,friends,7,0,0,7,easy_going,68198,medium,standard,no_restriction,non_vegetarian,fastest,February,3,beach_traveller,46,21,85,78,63,43,49,65,14,95,60,4,validation
T002291,Kolkata,friends,5,0,0,5,packed,53002,low,premium,no_restriction,vegan,balanced,January,3,family_traveller,85,82,79,28,36,59,61,61,56,42,44,31,train
T002292,Jaipur,friends,3,0,0,3,balanced,33042,low,budget,no_restriction,vegetarian,public_transport,January,8,nightlife_traveller,83,78,47,38,47,71,75,70,24,52,63,11,validation
T002293,Kochi,family,3,1,0,4,easy_going,25491,medium,budget,no_restriction,no_preference,public_transport,January,2,senior_traveller,77,75,87,69,57,19,47,65,32,56,59,53,train
T002294,Pune,seniors,0,0,4,4,balanced,36341,medium,premium,no_restriction,no_preference,private_transport,November,2,balanced_traveller,45,52,68,61,82,48,51,58,50,56,33,52,train
T002295,Mumbai,couple,2,0,0,2,easy_going,31050,high,standard,no_restriction,non_vegetarian,balanced,January,3,adventure_traveller,71,63,74,71,56,88,63,21,64,84,64,32,train
T002296,Kolkata,solo,1,0,0,1,balanced,29374,high,luxury,no_restriction,vegan,private_transport,July,1,nightlife_traveller,84,63,36,64,51,49,69,99,18,59,44,0,train
T002297,Pune,couple,2,0,0,2,easy_going,25690,medium,standard,no_restriction,non_vegetarian,balanced,February,3,food_traveller,72,92,60,35,63,50,52,76,63,69,30,53,validation
T002298,Ahmedabad,seniors,1,0,2,3,packed,85728,medium,luxury,no_restriction,no_preference,lowest_cost,December,4,beach_traveller,47,34,77,80,59,60,60,55,41,82,53,43,validation
T002299,Nagpur,friends,8,0,0,8,balanced,87423,medium,premium,no_restriction,non_vegetarian,balanced,September,3,beach_traveller,68,13,84,88,52,72,52,63,29,89,77,9,train
T002300,Ahmedabad,seniors,1,0,1,2,packed,18103,high,standard,no_restriction,non_vegetarian,fastest,May,1,senior_traveller,79,79,84,64,77,10,24,46,61,89,55,86,train
T002301,Delhi,seniors,2,0,3,5,balanced,59689,medium,premium,no_restriction,non_vegetarian,lowest_cost,August,3,culture_traveller,56,75,62,67,49,25,31,69,84,95,57,74,validation
T002302,Delhi,seniors,2,0,4,6,packed,71451,medium,budget,wheelchair_friendly_preference,no_preference,balanced,January,4,senior_traveller,77,90,76,47,56,15,20,48,70,70,66,65,train
T002303,Bengaluru,friends,8,0,0,8,easy_going,47379,medium,standard,no_restriction,non_vegetarian,balanced,January,1,beach_traveller,50,11,85,80,65,47,52,43,12,99,48,13,validation
T002304,Ahmedabad,family,5,2,0,7,balanced,95237,high,standard,reduced_walking,non_vegetarian,balanced,April,3,senior_traveller,66,100,73,79,51,4,14,49,50,57,62,74,train
T002305,Chennai,solo,1,0,0,1,easy_going,21355,low,premium,no_restriction,vegan,lowest_cost,November,3,family_traveller,77,89,99,76,51,35,52,49,37,63,57,63,train
T002306,Mumbai,friends,3,0,0,3,balanced,22085,medium,standard,no_restriction,vegetarian,balanced,September,2,family_traveller,100,79,80,61,63,49,61,45,49,37,58,54,validation
T002307,Nagpur,couple,2,0,0,2,easy_going,34441,high,standard,no_restriction,vegetarian,fastest,November,2,balanced_traveller,56,42,70,78,64,49,57,60,70,54,61,36,train
T002308,Ahmedabad,seniors,1,0,3,4,easy_going,45749,medium,budget,no_restriction,non_vegetarian,lowest_cost,January,5,senior_traveller,92,63,91,57,27,24,17,51,53,56,56,39,validation
T002309,Nagpur,couple,2,0,0,2,balanced,94470,low,premium,no_restriction,vegan,lowest_cost,November,9,beach_traveller,50,20,77,84,50,74,58,60,9,78,43,38,test
T002310,Chennai,couple,2,0,0,2,balanced,24863,high,standard,no_restriction,no_preference,balanced,November,2,beach_traveller,70,19,79,73,46,42,67,47,4,83,47,40,train
T002311,Chennai,solo,1,0,0,1,balanced,17254,low,standard,no_restriction,vegetarian,private_transport,November,5,balanced_traveller,33,51,47,58,65,60,62,68,53,25,36,62,train
T002312,Kochi,friends,3,0,0,3,packed,48059,medium,luxury,no_restriction,non_vegetarian,balanced,April,2,adventure_traveller,69,29,30,8,42,91,86,33,30,86,73,20,train
T002313,Ahmedabad,family,5,1,0,6,balanced,65675,high,premium,no_restriction,vegan,fastest,February,1,beach_traveller,62,7,90,96,49,55,71,35,20,79,67,16,train
T002314,Bengaluru,couple,2,0,0,2,balanced,17772,low,premium,no_restriction,no_preference,lowest_cost,November,2,beach_traveller,50,24,80,71,84,52,58,78,31,86,69,27,test
T002315,Chennai,couple,2,0,0,2,balanced,73336,high,premium,no_restriction,vegetarian,private_transport,December,4,culture_traveller,49,64,51,52,64,21,10,60,96,91,34,100,test
T002316,Mumbai,couple,2,0,0,2,balanced,25641,medium,standard,no_restriction,vegan,fastest,November,2,food_traveller,36,96,32,91,10,14,16,54,99,20,33,85,train
T002317,Kolkata,solo,1,0,0,1,packed,8038,high,budget,no_restriction,vegetarian,balanced,February,1,beach_traveller,49,2,87,82,67,56,45,66,0,79,47,39,train
T002318,Delhi,solo,1,0,0,1,packed,94318,high,standard,no_restriction,no_preference,balanced,November,9,nightlife_traveller,90,67,76,36,34,75,59,72,20,41,59,5,train
T002319,Ahmedabad,couple,2,0,0,2,easy_going,84934,medium,premium,no_restriction,vegetarian,lowest_cost,July,6,family_traveller,92,85,71,50,100,50,53,51,45,65,40,47,validation
T002320,Chennai,couple,2,0,0,2,packed,27640,medium,standard,no_restriction,non_vegetarian,fastest,February,4,senior_traveller,92,74,71,34,89,31,36,39,64,36,62,57,train
T002321,Bengaluru,family,2,1,0,3,packed,11682,low,budget,no_restriction,non_vegetarian,public_transport,November,1,family_traveller,75,82,82,76,44,46,63,61,63,60,55,63,train
T002322,Indore,family,3,4,0,7,packed,125220,low,standard,no_restriction,vegan,balanced,January,9,culture_traveller,57,88,32,64,61,0,12,60,85,89,77,80,train
T002323,Kolkata,couple,2,0,0,2,packed,37926,medium,luxury,no_restriction,vegetarian,public_transport,April,2,adventure_traveller,50,57,74,83,64,84,55,35,47,80,50,28,test
T002324,Ahmedabad,family,4,3,0,7,easy_going,49669,medium,standard,no_restriction,no_preference,lowest_cost,January,3,beach_traveller,53,28,79,83,71,62,48,34,18,85,58,8,train
T002325,Kochi,seniors,1,0,3,4,balanced,47982,high,budget,no_restriction,no_preference,public_transport,November,3,family_traveller,81,70,92,71,51,74,61,70,40,52,64,55,test
T002326,Hyderabad,family,3,3,0,6,packed,33192,medium,budget,no_restriction,vegetarian,balanced,April,1,balanced_traveller,23,57,51,75,65,67,63,58,67,56,72,44,validation
T002327,Kolkata,seniors,2,0,4,6,easy_going,30506,low,budget,no_restriction,non_vegetarian,lowest_cost,April,2,balanced_traveller,25,0,90,38,58,48,75,36,1,35,47,40,train
T002328,Pune,seniors,1,0,4,5,balanced,29693,medium,premium,no_restriction,non_vegetarian,balanced,November,1,family_traveller,63,74,76,70,50,35,43,77,52,44,36,57,train
T002329,Nagpur,family,2,3,0,5,balanced,128792,high,luxury,no_restriction,vegetarian,balanced,January,4,family_traveller,68,89,98,84,40,73,56,33,46,47,62,40,train
T002330,Chennai,family,3,4,0,7,easy_going,120913,medium,luxury,no_restriction,no_preference,balanced,December,3,family_traveller,90,75,79,38,71,60,59,53,45,72,81,72,train
T002331,Hyderabad,friends,5,0,0,5,balanced,195485,high,luxury,no_restriction,no_preference,balanced,February,6,family_traveller,77,75,76,82,51,60,79,64,29,51,49,36,validation
T002332,Indore,couple,2,0,0,2,balanced,22156,low,budget,no_restriction,no_preference,lowest_cost,January,6,beach_traveller,72,17,75,80,56,67,34,85,26,81,62,0,train
T002333,Kolkata,family,3,1,0,4,balanced,54296,medium,budget,no_restriction,no_preference,lowest_cost,October,6,family_traveller,77,85,86,55,47,76,62,53,47,67,56,68,train
T002334,Ahmedabad,solo,1,0,0,1,packed,62446,low,standard,no_restriction,vegetarian,public_transport,September,14,family_traveller,81,68,96,73,60,69,55,47,36,66,44,87,train
T002335,Kochi,family,3,1,0,4,balanced,37989,low,budget,no_restriction,no_preference,lowest_cost,March,5,family_traveller,78,86,77,48,69,60,57,33,64,51,60,34,train
T002336,Chennai,couple,2,0,0,2,packed,55260,high,budget,no_restriction,no_preference,balanced,February,6,family_traveller,81,82,81,61,47,50,65,52,51,46,51,44,validation
T002337,Mumbai,family,5,4,0,9,balanced,50176,medium,luxury,no_restriction,no_preference,balanced,December,1,family_traveller,75,86,76,60,74,65,41,58,68,38,77,58,train
T002338,Kochi,solo,1,0,0,1,packed,21859,low,standard,no_restriction,no_preference,balanced,November,6,balanced_traveller,74,38,60,66,49,73,35,56,36,47,51,50,validation
T002339,Jaipur,solo,1,0,0,1,balanced,32652,medium,standard,no_restriction,no_preference,fastest,December,7,senior_traveller,6,79,29,36,30,89,92,92,30,20,82,84,train
T002340,Kochi,couple,2,0,0,2,balanced,51230,medium,premium,no_restriction,no_preference,private_transport,March,3,adventure_traveller,89,83,92,74,76,78,67,17,17,50,69,2,train
T002341,Nagpur,couple,2,0,0,2,easy_going,17697,medium,standard,no_restriction,no_preference,fastest,March,2,food_traveller,76,92,43,61,51,16,57,72,55,69,19,98,train
T002342,Indore,couple,2,0,0,2,balanced,46709,high,standard,no_restriction,non_vegetarian,balanced,September,5,beach_traveller,79,13,88,86,46,57,44,74,8,84,51,7,train
T002343,Pune,solo,1,0,0,1,balanced,8844,low,budget,no_restriction,no_preference,balanced,October,3,culture_traveller,39,62,53,47,47,24,42,46,82,77,45,73,train
T002344,Nagpur,couple,2,0,0,2,balanced,25015,low,budget,no_restriction,no_preference,balanced,December,5,family_traveller,83,88,91,59,59,68,24,58,49,57,61,71,validation
T002345,Chennai,solo,1,0,0,1,packed,10889,low,standard,no_restriction,vegan,lowest_cost,January,2,wellness_traveller,69,50,93,39,90,27,14,66,59,31,52,52,validation
T002346,Pune,seniors,1,0,3,4,easy_going,39436,high,budget,no_restriction,no_preference,fastest,January,2,senior_traveller,90,76,72,43,56,45,33,71,44,70,68,60,test
T002347,Indore,couple,2,0,0,2,easy_going,25553,medium,standard,no_restriction,non_vegetarian,private_transport,December,3,nightlife_traveller,77,42,72,42,23,60,71,81,2,50,57,23,train
T002348,Hyderabad,solo,1,0,0,1,balanced,34536,high,luxury,no_restriction,no_preference,lowest_cost,December,1,senior_traveller,92,76,92,60,59,35,22,61,58,35,61,60,train
T002349,Chennai,family,2,3,1,6,balanced,62711,medium,budget,no_restriction,vegetarian,fastest,March,3,family_traveller,88,72,82,70,65,60,58,52,52,38,63,73,train
T002350,Kolkata,friends,7,0,0,7,balanced,127735,high,standard,no_restriction,no_preference,lowest_cost,February,5,beach_traveller,78,29,83,85,60,46,75,71,25,83,66,36,train
T002351,Nagpur,couple,2,0,0,2,easy_going,109641,high,luxury,no_restriction,no_preference,balanced,March,3,culture_traveller,68,77,57,50,58,0,45,47,77,82,40,79,train
T002352,Delhi,couple,2,0,0,2,easy_going,98821,high,luxury,no_restriction,jain,lowest_cost,February,3,senior_traveller,85,83,71,55,54,21,0,46,51,63,33,73,train
T002353,Mumbai,solo,1,0,0,1,packed,40494,medium,budget,no_restriction,non_vegetarian,fastest,January,13,beach_traveller,51,21,76,90,53,49,57,36,27,79,90,11,test
T002354,Pune,solo,1,0,0,1,packed,16840,medium,budget,no_restriction,vegan,fastest,October,4,senior_traveller,73,83,70,65,71,34,25,59,51,62,55,34,train
T002355,Kolkata,friends,6,0,0,6,easy_going,28590,medium,premium,no_restriction,no_preference,balanced,February,1,food_traveller,87,73,41,56,58,32,64,81,69,52,15,67,train
T002356,Hyderabad,couple,2,0,0,2,balanced,44671,low,premium,no_restriction,vegan,public_transport,September,7,culture_traveller,61,85,74,50,43,26,24,41,80,86,60,87,train
T002357,Pune,family,3,3,0,6,packed,127402,high,budget,no_restriction,vegan,balanced,December,7,beach_traveller,76,7,91,84,59,39,61,70,0,88,29,1,train
T002358,Delhi,couple,2,0,0,2,packed,13434,medium,premium,no_restriction,no_preference,balanced,December,1,senior_traveller,73,85,76,32,69,21,3,66,81,71,81,42,train
T002359,Pune,couple,2,0,0,2,packed,147083,medium,premium,no_restriction,vegetarian,private_transport,January,11,nightlife_traveller,87,68,55,42,42,69,79,73,10,55,41,19,validation
T002360,Chennai,solo,1,0,0,1,easy_going,59770,low,luxury,no_restriction,no_preference,lowest_cost,January,4,wellness_traveller,74,58,80,50,80,17,11,64,47,56,42,58,train
T002361,Kochi,friends,8,0,0,8,balanced,120694,medium,budget,no_restriction,vegetarian,lowest_cost,January,7,senior_traveller,84,72,86,82,59,8,16,53,48,65,35,60,validation
T002362,Indore,friends,6,0,0,6,balanced,55123,low,premium,no_restriction,non_vegetarian,balanced,November,3,senior_traveller,30,77,90,91,67,84,16,39,8,29,77,18,train
T002363,Pune,seniors,1,0,4,5,easy_going,41089,medium,budget,no_restriction,no_preference,private_transport,December,3,senior_traveller,88,82,91,35,69,15,28,69,59,57,52,77,train
T002364,Indore,couple,2,0,0,2,easy_going,27235,high,premium,no_restriction,non_vegetarian,public_transport,November,1,family_traveller,83,76,66,42,58,74,73,61,58,66,72,58,test
T002365,Ahmedabad,friends,4,0,0,4,easy_going,71754,high,budget,no_restriction,no_preference,balanced,January,4,senior_traveller,75,77,86,71,63,8,30,64,21,71,58,59,train
T002366,Pune,family,4,2,0,6,packed,49002,medium,budget,no_restriction,no_preference,private_transport,November,3,family_traveller,81,72,81,55,45,70,69,47,61,34,60,66,train
T002367,Pune,couple,2,0,0,2,easy_going,32908,medium,standard,no_restriction,vegetarian,lowest_cost,October,3,food_traveller,88,85,70,54,53,25,77,85,55,61,38,52,train
T002368,Bengaluru,solo,1,0,0,1,balanced,11454,high,budget,no_restriction,non_vegetarian,public_transport,August,2,culture_traveller,48,73,76,47,77,21,18,58,91,75,63,81,train
T002369,Bengaluru,solo,1,0,0,1,packed,20405,medium,budget,no_restriction,no_preference,private_transport,March,6,wellness_traveller,84,43,86,65,69,4,46,53,53,56,49,35,test
T002370,Bengaluru,solo,1,0,0,1,balanced,10029,low,budget,no_restriction,no_preference,fastest,December,4,culture_traveller,67,82,54,73,48,14,40,52,78,76,33,90,train
T002371,Kochi,family,3,1,0,4,balanced,30668,medium,budget,no_restriction,vegetarian,public_transport,November,2,adventure_traveller,52,54,77,75,64,94,51,25,49,82,41,8,train
T002372,Bengaluru,couple,2,0,0,2,balanced,52038,medium,premium,no_restriction,no_preference,fastest,January,4,family_traveller,78,80,85,47,49,55,59,45,63,75,34,61,train
T002373,Kochi,family,5,3,0,8,packed,33045,low,standard,no_restriction,no_preference,lowest_cost,February,1,balanced_traveller,10,80,93,68,0,9,96,8,90,37,93,19,train
T002374,Kochi,solo,1,0,0,1,packed,46980,high,standard,no_restriction,non_vegetarian,lowest_cost,January,4,nightlife_traveller,78,43,64,42,77,41,79,97,15,62,55,19,train
T002375,Delhi,couple,2,0,0,2,balanced,102980,medium,luxury,no_restriction,no_preference,fastest,February,4,culture_traveller,55,81,46,52,56,17,29,43,70,65,58,88,train
T002376,Indore,family,3,1,0,4,packed,35935,medium,premium,no_restriction,jain,fastest,April,2,food_traveller,88,52,59,10,91,86,39,19,79,57,83,48,train
T002377,Chennai,couple,2,0,0,2,easy_going,24942,high,standard,no_restriction,vegetarian,balanced,November,2,wellness_traveller,82,78,85,50,71,32,14,47,60,63,52,45,train
T002378,Hyderabad,friends,4,0,0,4,easy_going,43614,medium,budget,no_restriction,no_preference,private_transport,October,4,nightlife_traveller,70,59,58,40,74,67,73,84,18,60,59,28,validation
T002379,Delhi,couple,2,0,0,2,balanced,34343,medium,premium,no_restriction,jain,private_transport,January,2,senior_traveller,70,85,96,44,31,24,11,54,61,63,63,56,validation
T002380,Bengaluru,family,5,2,0,7,balanced,355800,high,standard,no_restriction,vegetarian,fastest,January,13,balanced_traveller,87,59,49,51,46,49,58,51,73,67,67,53,train
T002381,Jaipur,friends,5,0,0,5,balanced,71879,medium,premium,no_restriction,vegan,public_transport,March,3,senior_traveller,84,95,84,48,63,20,7,61,49,54,57,32,validation
T002382,Kolkata,couple,2,0,0,2,balanced,16050,low,standard,no_restriction,non_vegetarian,private_transport,December,2,senior_traveller,79,92,78,43,64,26,25,67,44,47,72,62,test
T002383,Hyderabad,friends,4,0,0,4,easy_going,70708,medium,standard,no_restriction,vegan,balanced,July,5,food_traveller,77,73,55,38,64,17,56,68,57,54,7,59,validation
T002384,Hyderabad,family,2,3,0,5,balanced,50221,low,standard,no_restriction,no_preference,public_transport,February,4,culture_traveller,53,100,49,64,54,25,5,38,93,71,74,79,test
T002385,Bengaluru,solo,1,0,0,1,packed,18819,low,premium,no_restriction,non_vegetarian,private_transport,March,2,wellness_traveller,88,49,86,80,68,31,30,64,45,55,45,62,train
T002386,Kochi,family,5,4,0,9,packed,89301,medium,premium,no_restriction,vegetarian,fastest,January,3,senior_traveller,89,87,83,39,77,20,24,48,54,71,66,53,train
T002387,Chennai,seniors,2,0,2,4,packed,30272,medium,budget,no_restriction,no_preference,fastest,February,3,family_traveller,73,83,70,56,76,66,59,43,56,47,74,51,validation
T002388,Kochi,family,5,3,0,8,easy_going,59177,medium,premium,no_restriction,non_vegetarian,balanced,August,1,family_traveller,80,100,80,50,55,63,15,61,26,74,36,47,train
T002389,Kolkata,couple,2,0,0,2,balanced,31660,medium,standard,no_restriction,no_preference,balanced,January,5,adventure_traveller,62,39,77,87,67,83,52,17,47,81,67,51,train
T002390,Mumbai,family,4,1,0,5,balanced,50608,medium,standard,no_restriction,no_preference,balanced,January,3,food_traveller,69,87,37,52,73,8,78,63,69,40,17,59,validation
T002391,Pune,solo,1,0,0,1,balanced,35773,high,budget,no_restriction,vegetarian,balanced,December,5,culture_traveller,68,77,36,47,70,24,15,57,79,88,61,79,validation
T002392,Kochi,friends,7,0,0,7,easy_going,31729,medium,standard,no_restriction,non_vegetarian,balanced,January,1,nightlife_traveller,80,67,58,61,73,74,81,92,7,59,63,18,train
T002393,Delhi,couple,2,0,0,2,easy_going,92979,high,premium,no_restriction,non_vegetarian,balanced,October,4,nightlife_traveller,61,45,82,64,49,61,87,94,14,49,51,12,test
T002394,Kochi,seniors,2,0,1,3,balanced,54562,medium,standard,no_restriction,non_vegetarian,private_transport,February,6,senior_traveller,79,93,72,69,83,25,11,47,55,65,39,53,train
T002395,Chennai,family,4,3,0,7,balanced,37963,medium,budget,no_restriction,vegetarian,balanced,March,2,family_traveller,86,84,75,66,34,52,59,70,50,70,49,66,train
T002396,Delhi,couple,2,0,0,2,balanced,49118,medium,premium,no_restriction,no_preference,private_transport,February,3,balanced_traveller,84,50,62,55,41,76,58,47,61,69,46,57,train
T002397,Delhi,couple,2,0,0,2,easy_going,15870,medium,budget,no_restriction,no_preference,public_transport,January,2,beach_traveller,45,36,76,73,69,49,58,41,15,81,52,13,train
T002398,Ahmedabad,couple,2,0,0,2,balanced,12863,medium,budget,no_restriction,no_preference,fastest,September,2,senior_traveller,79,85,77,27,40,34,9,63,48,66,58,39,validation
T002399,Pune,friends,6,0,0,6,easy_going,33360,medium,budget,no_restriction,vegetarian,fastest,January,1,adventure_traveller,63,44,92,81,67,88,55,0,59,86,49,22,validation
T002400,Jaipur,friends,4,0,0,4,easy_going,112923,high,standard,no_restriction,vegetarian,balanced,June,5,senior_traveller,86,87,90,44,58,0,16,65,46,83,57,35,train
T002401,Hyderabad,friends,6,0,0,6,packed,28815,low,budget,no_restriction,no_preference,private_transport,March,3,senior_traveller,100,97,99,75,49,19,23,61,43,43,40,51,train
T002402,Bengaluru,family,5,2,0,7,balanced,46790,low,budget,no_restriction,no_preference,balanced,November,3,family_traveller,79,72,77,50,52,35,48,67,62,52,42,58,train
T002403,Indore,family,3,1,0,4,easy_going,30487,medium,budget,no_restriction,jain,balanced,December,2,adventure_traveller,42,36,77,84,85,82,64,9,59,82,45,37,train
T002404,Jaipur,seniors,2,0,2,4,easy_going,31848,low,standard,no_restriction,non_vegetarian,balanced,March,4,senior_traveller,99,84,89,60,66,10,18,67,52,69,44,57,train
T002405,Nagpur,solo,1,0,0,1,balanced,17236,medium,budget,no_restriction,non_vegetarian,fastest,April,6,wellness_traveller,81,54,90,67,59,10,43,67,62,50,65,38,validation
T002406,Pune,couple,2,0,0,2,easy_going,50359,medium,premium,no_restriction,non_vegetarian,lowest_cost,February,3,senior_traveller,64,92,76,47,52,13,20,66,72,66,45,55,validation
T002407,Jaipur,family,4,2,0,6,packed,83399,medium,premium,no_restriction,no_preference,fastest,October,3,food_traveller,62,66,7,50,57,63,0,79,52,41,43,45,validation
T002408,Chennai,seniors,2,0,1,3,balanced,18253,low,budget,no_restriction,no_preference,lowest_cost,December,2,senior_traveller,87,14,62,64,34,9,65,34,15,91,48,70,train
T002409,Indore,friends,8,0,0,8,balanced,34178,low,premium,no_restriction,no_preference,balanced,January,1,food_traveller,72,80,35,93,77,40,71,0,33,16,30,20,train
T002410,Chennai,seniors,1,0,3,4,easy_going,74050,medium,standard,reduced_walking,non_vegetarian,lowest_cost,November,5,family_traveller,81,85,81,59,45,74,51,43,47,64,48,75,test
T002411,Delhi,couple,2,0,0,2,balanced,32283,medium,luxury,no_restriction,no_preference,balanced,October,1,beach_traveller,66,19,91,82,53,49,58,69,6,72,42,33,train
T002412,Kolkata,seniors,0,0,4,4,balanced,49478,medium,standard,no_restriction,no_preference,balanced,November,5,senior_traveller,76,64,79,49,68,24,3,49,82,46,66,48,train
T002413,Nagpur,solo,1,0,0,1,packed,22785,medium,standard,no_restriction,non_vegetarian,balanced,June,4,beach_traveller,52,27,75,74,57,59,72,62,29,79,52,11,train
T002414,Hyderabad,family,3,4,0,7,balanced,65259,high,standard,no_restriction,no_preference,balanced,April,1,senior_traveller,91,79,87,59,77,18,22,47,55,24,60,69,train
T002415,Hyderabad,friends,7,0,0,7,packed,114266,medium,premium,no_restriction,no_preference,lowest_cost,October,4,family_traveller,87,93,81,83,65,57,71,50,44,68,63,69,train
T002416,Pune,couple,2,0,0,2,easy_going,32438,medium,premium,no_restriction,non_vegetarian,balanced,December,2,senior_traveller,85,87,85,68,57,22,6,68,77,35,64,55,train
T002417,Chennai,solo,1,0,0,1,balanced,23999,low,premium,no_restriction,vegetarian,balanced,January,4,senior_traveller,71,78,88,58,65,11,14,64,76,52,57,70,train
T002418,Hyderabad,family,5,3,0,8,balanced,57344,low,premium,no_restriction,no_preference,balanced,November,2,family_traveller,81,82,70,60,75,56,53,43,53,63,56,51,validation
T002419,Kochi,solo,1,0,0,1,easy_going,8957,medium,standard,no_restriction,no_preference,lowest_cost,November,1,balanced_traveller,54,45,42,53,44,21,42,42,57,42,56,45,train
T002420,Mumbai,couple,2,0,0,2,easy_going,17876,medium,budget,no_restriction,jain,private_transport,December,2,family_traveller,86,69,81,33,48,51,74,55,46,55,74,32,train
T002421,Mumbai,couple,2,0,0,2,packed,44416,low,luxury,no_restriction,jain,balanced,September,3,senior_traveller,100,87,96,60,56,11,32,74,69,84,58,49,train
T002422,Ahmedabad,solo,1,0,0,1,easy_going,14622,medium,budget,no_restriction,vegetarian,public_transport,May,3,family_traveller,85,76,84,56,57,62,71,56,44,60,65,29,train
T002423,Delhi,couple,2,0,0,2,balanced,25229,high,standard,no_restriction,non_vegetarian,lowest_cost,November,2,culture_traveller,67,73,52,50,39,20,22,58,80,76,74,83,test
T002424,Pune,seniors,1,0,3,4,easy_going,63799,high,budget,no_restriction,vegetarian,fastest,January,3,food_traveller,85,86,69,63,61,0,59,95,64,68,11,56,train
T002425,Mumbai,solo,1,0,0,1,packed,14954,medium,premium,no_restriction,no_preference,balanced,November,1,adventure_traveller,70,75,94,78,42,89,72,25,56,76,64,27,train
T002426,Mumbai,solo,1,0,0,1,balanced,53434,medium,premium,no_restriction,vegetarian,balanced,January,5,family_traveller,89,86,78,83,38,49,50,58,70,66,58,41,test
T002427,Delhi,solo,1,0,0,1,balanced,13713,low,standard,no_restriction,vegan,balanced,March,3,balanced_traveller,61,60,34,52,64,55,43,64,37,59,50,62,train
T002428,Ahmedabad,couple,2,0,0,2,packed,23003,low,premium,no_restriction,no_preference,public_transport,November,3,family_traveller,97,86,74,73,43,57,58,52,55,57,44,60,train
T002429,Mumbai,solo,1,0,0,1,packed,25437,high,budget,no_restriction,vegetarian,public_transport,November,5,adventure_traveller,52,73,93,92,42,72,51,20,48,68,68,29,test
T002430,Kochi,solo,1,0,0,1,easy_going,41240,medium,premium,no_restriction,non_vegetarian,private_transport,October,5,food_traveller,66,79,45,55,36,5,75,91,68,74,0,56,validation
T002431,Hyderabad,couple,2,0,0,2,balanced,15114,medium,standard,no_restriction,vegan,lowest_cost,November,1,nightlife_traveller,80,24,59,59,45,63,83,85,15,36,36,28,train
T002432,Bengaluru,couple,2,0,0,2,easy_going,29362,low,premium,no_restriction,non_vegetarian,balanced,November,3,balanced_traveller,67,69,66,71,72,38,69,58,79,97,54,53,train
T002433,Kolkata,solo,1,0,0,1,easy_going,109762,high,luxury,no_restriction,non_vegetarian,fastest,October,3,nightlife_traveller,19,27,16,11,76,41,25,30,79,22,76,72,train
T002434,Kochi,family,4,4,0,8,balanced,49524,medium,budget,no_restriction,no_preference,public_transport,January,1,adventure_traveller,67,46,74,91,59,65,43,26,42,74,45,31,train
T002435,Bengaluru,solo,1,0,0,1,balanced,53588,medium,premium,no_restriction,no_preference,balanced,September,5,senior_traveller,79,69,77,42,80,20,28,55,79,41,47,70,validation
T002436,Mumbai,friends,3,0,0,3,easy_going,20854,medium,premium,no_restriction,vegetarian,balanced,January,1,wellness_traveller,83,74,79,45,70,10,1,70,51,47,62,80,validation
T002437,Pune,solo,1,0,0,1,easy_going,9766,medium,standard,no_restriction,vegetarian,fastest,December,1,beach_traveller,55,20,86,100,50,50,55,65,52,81,63,0,train
T002438,Ahmedabad,seniors,1,0,2,3,easy_going,22458,medium,budget,reduced_walking,no_preference,fastest,July,2,adventure_traveller,40,67,25,13,10,52,33,76,63,93,98,0,test
T002439,Indore,seniors,1,0,1,2,packed,19542,low,standard,no_restriction,jain,fastest,November,3,adventure_traveller,15,69,13,28,9,5,38,41,19,92,60,29,train
T002440,Nagpur,friends,5,0,0,5,balanced,84788,low,luxury,no_restriction,no_preference,balanced,November,6,balanced_traveller,46,74,44,43,43,47,57,53,63,43,46,58,test
T002441,Jaipur,solo,1,0,0,1,balanced,109466,high,premium,no_restriction,no_preference,balanced,November,6,adventure_traveller,67,78,96,89,61,84,74,2,72,83,45,4,validation
T002442,Nagpur,family,2,1,0,3,balanced,149321,high,luxury,no_restriction,no_preference,private_transport,October,5,family_traveller,92,76,100,57,50,74,58,52,50,82,45,70,validation
T002443,Kochi,couple,2,0,0,2,easy_going,16155,low,budget,no_restriction,no_preference,balanced,November,4,nightlife_traveller,40,98,52,33,18,75,93,92,6,7,99,95,train
T002444,Bengaluru,solo,1,0,0,1,balanced,7960,low,standard,no_restriction,no_preference,balanced,January,2,nightlife_traveller,14,79,50,59,28,97,98,36,78,80,91,86,validation
T002445,Hyderabad,couple,2,0,0,2,balanced,20299,medium,budget,no_restriction,vegetarian,balanced,December,2,wellness_traveller,63,43,71,66,76,16,0,47,47,54,53,74,validation
T002446,Hyderabad,family,5,1,0,6,easy_going,71256,medium,standard,no_restriction,non_vegetarian,fastest,December,3,senior_traveller,79,70,90,72,55,10,16,50,56,53,46,70,train
T002447,Ahmedabad,solo,1,0,0,1,packed,47683,medium,standard,no_restriction,no_preference,private_transport,March,9,senior_traveller,69,86,88,60,37,2,19,79,50,64,49,77,validation
T002448,Ahmedabad,family,3,4,0,7,balanced,52361,low,premium,no_restriction,no_preference,balanced,February,4,family_traveller,78,83,80,54,60,50,80,45,74,42,53,60,validation
T002449,Kolkata,couple,2,0,0,2,easy_going,39028,high,budget,no_restriction,non_vegetarian,public_transport,February,3,culture_traveller,54,83,53,53,80,20,18,45,81,78,78,86,train
T002450,Bengaluru,solo,1,0,0,1,balanced,39678,medium,premium,no_restriction,vegetarian,fastest,March,4,culture_traveller,47,86,64,43,62,22,28,71,88,75,55,75,train
T002451,Bengaluru,seniors,2,0,4,6,packed,57332,medium,standard,no_restriction,jain,lowest_cost,November,3,senior_traveller,82,89,72,83,49,14,20,65,67,74,56,60,train
T002452,Delhi,seniors,1,0,1,2,balanced,30352,medium,premium,no_restriction,non_vegetarian,public_transport,March,3,senior_traveller,97,77,81,47,46,19,24,69,50,49,72,76,test
T002453,Bengaluru,family,4,3,0,7,balanced,42159,low,premium,no_restriction,no_preference,balanced,October,2,family_traveller,69,68,65,69,58,81,65,81,49,61,41,53,train
T002454,Nagpur,seniors,2,0,4,6,balanced,95951,medium,standard,reduced_walking,no_preference,balanced,September,6,senior_traveller,11,74,31,29,23,89,30,17,36,71,41,76,train
T002455,Delhi,couple,2,0,0,2,balanced,34691,low,standard,no_restriction,non_vegetarian,fastest,March,5,wellness_traveller,84,70,98,59,96,28,11,58,66,67,51,52,train
T002456,Hyderabad,couple,2,0,0,2,balanced,19323,medium,premium,no_restriction,jain,balanced,February,1,beach_traveller,48,36,92,87,81,41,54,52,29,71,65,1,train
T002457,Ahmedabad,family,5,1,0,6,packed,45656,medium,budget,no_restriction,vegetarian,private_transport,November,3,family_traveller,76,54,42,14,88,5,11,84,68,84,97,34,test
T002458,Chennai,friends,6,0,0,6,packed,87511,low,premium,no_restriction,non_vegetarian,lowest_cost,January,5,balanced_traveller,61,42,71,44,75,51,75,49,46,56,48,54,validation
T002459,Delhi,family,5,3,0,8,balanced,198367,high,luxury,no_restriction,vegan,private_transport,October,3,food_traveller,80,90,55,36,48,11,76,88,68,42,20,76,train
T002460,Delhi,family,5,1,0,6,easy_going,121492,high,standard,no_restriction,no_preference,fastest,November,4,food_traveller,80,78,61,87,91,17,62,90,72,65,35,62,train
T002461,Indore,family,2,2,0,4,packed,51118,medium,budget,no_restriction,no_preference,balanced,November,7,family_traveller,72,42,97,87,51,45,23,15,24,55,14,88,train
T002462,Bengaluru,couple,2,0,0,2,packed,24091,medium,standard,no_restriction,no_preference,fastest,May,2,senior_traveller,75,87,80,67,54,11,18,41,47,67,53,56,train
T002463,Kolkata,couple,2,0,0,2,packed,15009,low,budget,no_restriction,no_preference,lowest_cost,May,3,beach_traveller,77,20,87,67,41,64,54,52,7,89,64,19,train
T002464,Kolkata,couple,2,0,0,2,easy_going,31119,medium,premium,no_restriction,vegetarian,fastest,January,2,adventure_traveller,50,50,98,73,56,90,38,23,38,82,81,0,train
T002465,Ahmedabad,solo,1,0,0,1,easy_going,30024,medium,standard,no_restriction,non_vegetarian,lowest_cost,January,4,culture_traveller,81,74,51,50,67,29,5,74,74,88,66,85,train
T002466,Ahmedabad,family,4,4,0,8,easy_going,87021,low,standard,no_restriction,vegetarian,balanced,December,6,food_traveller,81,100,71,53,53,22,50,79,38,28,45,50,validation
T002467,Ahmedabad,friends,4,0,0,4,packed,42816,medium,standard,no_restriction,vegetarian,private_transport,March,3,beach_traveller,46,34,54,84,28,1,67,56,51,78,84,14,train
T002468,Jaipur,solo,1,0,0,1,easy_going,28839,low,luxury,no_restriction,vegetarian,balanced,November,2,beach_traveller,46,8,80,80,66,41,26,57,41,80,61,18,validation
T002469,Mumbai,seniors,2,0,3,5,balanced,30430,low,standard,no_restriction,no_preference,balanced,November,2,senior_traveller,68,72,87,79,60,9,5,52,72,63,42,61,train
T002470,Indore,friends,4,0,0,4,balanced,122385,high,budget,no_restriction,non_vegetarian,fastest,November,8,nightlife_traveller,75,51,35,44,74,17,78,77,27,31,47,12,validation
T002471,Indore,friends,7,0,0,7,easy_going,58667,medium,standard,no_restriction,non_vegetarian,lowest_cost,March,3,wellness_traveller,78,52,84,45,87,15,8,34,43,54,55,53,train
T002472,Chennai,friends,6,0,0,6,easy_going,47027,low,budget,no_restriction,non_vegetarian,fastest,February,5,family_traveller,75,80,75,63,68,40,46,52,46,53,60,72,train
T002473,Delhi,family,3,2,0,5,balanced,20937,medium,budget,no_restriction,vegetarian,balanced,March,1,food_traveller,78,90,37,51,68,16,55,89,61,66,34,39,train
T002474,Nagpur,solo,1,0,0,1,balanced,25372,high,budget,no_restriction,no_preference,lowest_cost,February,4,family_traveller,85,85,87,38,48,43,63,44,53,47,72,48,train
T002475,Jaipur,friends,3,0,0,3,balanced,55160,medium,budget,no_restriction,no_preference,fastest,February,6,nightlife_traveller,75,51,71,53,76,61,68,90,32,35,64,37,train
T002476,Delhi,family,4,4,0,8,easy_going,185991,high,premium,no_restriction,vegetarian,balanced,March,4,adventure_traveller,46,44,85,91,61,83,42,18,58,74,61,9,train
T002477,Indore,couple,2,0,0,2,balanced,23854,high,budget,no_restriction,non_vegetarian,lowest_cost,November,3,balanced_traveller,60,52,79,50,68,61,39,63,48,84,46,45,test
T002478,Ahmedabad,seniors,1,0,3,4,easy_going,28617,low,standard,reduced_walking,no_preference,public_transport,October,4,senior_traveller,85,82,97,51,39,47,23,57,83,40,55,43,train
T002479,Indore,family,4,1,0,5,easy_going,87580,low,premium,no_restriction,jain,balanced,October,8,culture_traveller,46,88,59,59,40,32,6,36,84,80,54,87,train
T002480,Pune,solo,1,0,0,1,balanced,18841,medium,standard,no_restriction,no_preference,lowest_cost,February,3,nightlife_traveller,78,55,35,58,49,47,89,80,30,55,63,2,train
T002481,Mumbai,seniors,0,0,2,2,balanced,19530,medium,budget,no_restriction,vegan,fastest,November,4,nightlife_traveller,80,56,33,58,67,73,93,82,52,47,48,20,train
T002482,Jaipur,friends,7,0,0,7,balanced,81058,medium,budget,no_restriction,no_preference,fastest,December,4,food_traveller,72,86,69,62,72,23,55,75,81,44,19,52,validation
T002483,Nagpur,seniors,0,0,4,4,packed,22989,low,premium,no_restriction,no_preference,balanced,May,1,senior_traveller,91,75,83,55,51,32,17,34,62,56,65,52,train
T002484,Jaipur,friends,6,0,0,6,packed,93789,high,budget,no_restriction,non_vegetarian,private_transport,August,3,family_traveller,81,80,62,61,79,51,64,47,68,63,52,51,train
T002485,Nagpur,couple,2,0,0,2,easy_going,65897,medium,premium,no_restriction,vegetarian,private_transport,December,7,food_traveller,44,32,49,51,86,88,43,75,55,72,70,82,train
T002486,Kolkata,solo,1,0,0,1,easy_going,7931,low,standard,no_restriction,non_vegetarian,fastest,December,2,balanced_traveller,62,57,33,67,28,42,48,67,54,79,40,43,train
T002487,Hyderabad,seniors,0,0,3,3,packed,58171,medium,premium,wheelchair_friendly_preference,non_vegetarian,balanced,March,3,balanced_traveller,49,53,74,50,72,36,63,51,38,43,58,45,train
T002488,Nagpur,couple,2,0,0,2,balanced,34700,high,premium,no_restriction,no_preference,lowest_cost,July,2,adventure_traveller,93,81,76,43,1,96,38,24,85,20,17,47,train
T002489,Jaipur,solo,1,0,0,1,easy_going,41804,high,budget,no_restriction,no_preference,fastest,January,7,food_traveller,6,51,88,82,19,14,61,32,50,71,89,18,train
T002490,Mumbai,friends,4,0,0,4,easy_going,61784,high,budget,no_restriction,no_preference,private_transport,January,6,adventure_traveller,47,77,79,83,78,82,66,27,52,78,71,19,test
T002491,Ahmedabad,seniors,1,0,4,5,balanced,20386,low,premium,reduced_walking,no_preference,public_transport,April,1,beach_traveller,47,4,84,81,42,50,65,41,5,76,48,30,train
T002492,Ahmedabad,family,3,2,0,5,packed,99929,low,luxury,no_restriction,no_preference,private_transport,March,4,family_traveller,72,80,85,72,72,67,50,56,57,54,40,74,train
T002493,Kochi,family,2,2,0,4,easy_going,72093,medium,premium,no_restriction,vegetarian,private_transport,January,4,family_traveller,76,77,86,41,56,55,64,66,55,55,56,53,validation
T002494,Kochi,family,3,4,0,7,packed,59671,medium,premium,no_restriction,no_preference,balanced,January,3,family_traveller,83,87,86,55,52,65,47,57,73,42,54,71,validation
T002495,Delhi,couple,2,0,0,2,easy_going,48733,low,luxury,no_restriction,vegetarian,public_transport,January,3,food_traveller,68,78,42,48,64,4,84,87,49,55,3,39,train
T002496,Hyderabad,family,3,4,0,7,easy_going,87744,high,standard,no_restriction,non_vegetarian,private_transport,December,2,culture_traveller,45,96,60,40,46,18,37,54,86,76,64,92,validation
T002497,Chennai,friends,4,0,0,4,packed,64157,low,premium,no_restriction,vegetarian,lowest_cost,March,7,beach_traveller,50,27,90,81,64,63,56,56,29,97,68,35,test
T002498,Kolkata,friends,3,0,0,3,easy_going,29181,medium,premium,no_restriction,no_preference,lowest_cost,October,1,adventure_traveller,54,67,83,88,73,91,36,26,74,76,80,28,train
T002499,Delhi,seniors,2,0,4,6,balanced,55117,medium,standard,no_restriction,no_preference,private_transport,June,2,wellness_traveller,79,57,83,54,79,6,21,57,47,61,72,59,test
T002500,Kochi,family,5,3,0,8,easy_going,73473,low,luxury,no_restriction,no_preference,lowest_cost,March,2,wellness_traveller,75,58,100,53,92,17,34,65,58,66,72,59,train
T002501,Mumbai,family,3,1,0,4,balanced,31547,medium,premium,no_restriction,vegetarian,balanced,October,2,beach_traveller,65,12,86,83,56,51,38,50,30,86,48,35,test
T002502,Jaipur,friends,4,0,0,4,packed,83255,medium,premium,no_restriction,no_preference,lowest_cost,November,5,beach_traveller,63,24,80,80,46,82,64,39,4,87,58,0,test
T002503,Indore,family,4,1,1,6,balanced,48420,medium,budget,no_restriction,non_vegetarian,balanced,February,2,culture_traveller,59,83,58,42,52,32,25,79,89,79,66,81,train
T002504,Mumbai,family,5,4,0,9,packed,49444,low,luxury,no_restriction,no_preference,lowest_cost,November,2,family_traveller,73,85,76,74,74,52,24,64,70,65,63,61,train
T002505,Indore,couple,2,0,0,2,balanced,28938,medium,standard,no_restriction,vegetarian,private_transport,February,3,adventure_traveller,60,64,94,100,74,77,54,25,57,84,73,22,train
T002506,Kolkata,solo,1,0,0,1,packed,41542,high,standard,no_restriction,vegetarian,balanced,November,4,adventure_traveller,33,63,80,91,62,93,63,5,63,86,49,14,train
T002507,Jaipur,friends,4,0,0,4,easy_going,50374,low,luxury,no_restriction,no_preference,private_transport,November,2,culture_traveller,65,78,77,50,36,17,12,98,78,70,57,80,train
T002508,Bengaluru,family,3,1,1,5,packed,85578,low,luxury,no_restriction,vegetarian,public_transport,January,6,wellness_traveller,87,62,80,73,79,20,4,27,69,49,70,52,validation
T002509,Bengaluru,friends,8,0,0,8,balanced,79950,medium,budget,no_restriction,vegetarian,public_transport,March,6,beach_traveller,70,25,81,75,55,47,49,55,17,90,49,25,train
T002510,Kolkata,family,2,4,0,6,balanced,31820,low,standard,no_restriction,non_vegetarian,private_transport,December,3,culture_traveller,44,71,68,70,48,35,21,74,86,87,59,76,validation
T002511,Chennai,solo,1,0,0,1,easy_going,23636,high,standard,no_restriction,no_preference,lowest_cost,February,3,adventure_traveller,67,82,79,8,20,96,99,97,92,14,78,21,train
T002512,Kochi,couple,2,0,0,2,balanced,16933,medium,standard,no_restriction,no_preference,private_transport,February,1,beach_traveller,50,25,79,83,47,39,42,63,5,79,67,34,train
T002513,Ahmedabad,family,5,2,0,7,easy_going,62461,low,luxury,no_restriction,vegetarian,balanced,November,3,senior_traveller,84,86,80,69,70,16,29,61,88,67,61,50,train
T002514,Hyderabad,family,5,2,0,7,balanced,48138,medium,standard,no_restriction,non_vegetarian,private_transport,January,3,food_traveller,49,32,10,43,38,22,32,4,96,71,18,56,train
T002515,Bengaluru,seniors,2,0,1,3,balanced,61979,high,premium,no_restriction,vegan,balanced,February,2,adventure_traveller,28,60,28,74,98,21,99,49,41,19,7,74,validation
T002516,Pune,seniors,2,0,2,4,packed,123343,high,standard,no_restriction,non_vegetarian,lowest_cost,June,7,adventure_traveller,40,62,84,89,46,86,76,23,46,70,74,14,train
T002517,Indore,seniors,0,0,4,4,packed,43273,medium,budget,no_restriction,non_vegetarian,balanced,February,4,senior_traveller,76,89,76,88,58,27,0,61,71,46,50,48,train
T002518,Ahmedabad,solo,1,0,0,1,balanced,71532,high,premium,no_restriction,no_preference,lowest_cost,January,6,culture_traveller,62,68,46,72,78,18,17,44,93,73,80,81,train
T002519,Bengaluru,couple,2,0,0,2,easy_going,15724,medium,premium,no_restriction,no_preference,public_transport,January,1,balanced_traveller,65,74,40,46,47,62,59,63,31,74,59,63,train
T002520,Nagpur,couple,2,0,0,2,easy_going,25677,high,standard,no_restriction,non_vegetarian,lowest_cost,February,1,culture_traveller,82,79,42,65,47,23,27,51,79,88,70,82,validation
T002521,Chennai,friends,3,0,0,3,balanced,142614,low,luxury,no_restriction,non_vegetarian,public_transport,January,7,beach_traveller,26,0,80,84,68,62,37,64,17,89,48,0,train
T002522,Indore,seniors,1,0,3,4,balanced,44291,medium,budget,reduced_walking,vegetarian,fastest,November,3,adventure_traveller,70,58,93,88,41,83,46,36,58,76,32,35,validation
T002523,Nagpur,friends,8,0,0,8,packed,115757,high,standard,no_restriction,vegetarian,lowest_cost,December,4,nightlife_traveller,89,57,74,50,66,51,76,88,25,64,39,33,test
T002524,Nagpur,seniors,0,0,1,1,easy_going,24574,medium,premium,reduced_walking,no_preference,public_transport,June,2,wellness_traveller,69,58,92,61,79,30,25,54,58,53,64,46,train
T002525,Ahmedabad,couple,2,0,0,2,balanced,28426,high,standard,no_restriction,vegetarian,fastest,August,2,adventure_traveller,64,56,89,92,56,74,70,31,62,77,61,15,test
T002526,Mumbai,solo,1,0,0,1,balanced,24419,medium,luxury,no_restriction,no_preference,public_transport,February,1,culture_traveller,44,86,74,54,70,29,40,63,77,65,47,77,test
T002527,Delhi,couple,2,0,0,2,balanced,49478,medium,luxury,no_restriction,non_vegetarian,public_transport,January,2,senior_traveller,72,90,82,60,52,14,26,78,44,52,49,38,train
T002528,Jaipur,friends,8,0,0,8,balanced,63816,medium,premium,no_restriction,no_preference,lowest_cost,February,3,balanced_traveller,65,70,67,45,58,56,78,64,77,48,54,50,train
T002529,Bengaluru,couple,2,0,0,2,easy_going,98016,high,standard,no_restriction,no_preference,lowest_cost,March,8,family_traveller,89,84,89,46,79,83,57,61,56,69,66,35,train
T002530,Mumbai,seniors,0,0,2,2,easy_going,12395,low,standard,no_restriction,non_vegetarian,lowest_cost,November,2,wellness_traveller,86,57,82,47,78,41,11,33,99,51,53,52,train
T002531,Pune,family,4,4,0,8,packed,49900,medium,standard,no_restriction,no_preference,lowest_cost,December,1,food_traveller,6,81,88,52,56,42,79,87,31,90,24,22,train
T002532,Hyderabad,couple,2,0,0,2,balanced,53422,medium,premium,no_restriction,vegetarian,private_transport,November,5,beach_traveller,74,17,82,82,46,63,33,73,22,84,63,14,train
T002533,Hyderabad,solo,1,0,0,1,balanced,39405,medium,premium,no_restriction,non_vegetarian,public_transport,February,3,food_traveller,77,74,43,34,69,29,42,87,57,41,6,55,train
T002534,Ahmedabad,friends,8,0,0,8,packed,76291,medium,premium,no_restriction,vegetarian,private_transport,December,2,adventure_traveller,66,53,80,73,59,73,61,7,54,94,61,15,train
T002535,Ahmedabad,family,5,2,0,7,easy_going,38476,medium,standard,no_restriction,no_preference,private_transport,November,2,wellness_traveller,51,37,27,96,92,97,34,65,30,44,26,58,train
T002536,Kochi,seniors,0,0,1,1,balanced,40985,high,standard,no_restriction,vegan,balanced,November,4,food_traveller,94,82,52,65,53,5,39,70,59,65,7,62,train
T002537,Kolkata,family,5,3,0,8,balanced,128952,medium,premium,no_restriction,no_preference,lowest_cost,December,4,adventure_traveller,63,59,77,71,43,75,72,4,58,93,64,38,train
T002538,Bengaluru,family,5,4,0,9,balanced,62525,low,standard,no_restriction,no_preference,private_transport,January,4,beach_traveller,51,5,75,92,59,55,58,65,6,78,64,23,validation
T002539,Delhi,seniors,2,0,2,4,easy_going,84985,medium,premium,no_restriction,vegetarian,private_transport,April,5,senior_traveller,84,65,82,56,69,32,13,34,37,73,56,39,train
T002540,Kolkata,friends,8,0,0,8,balanced,49338,medium,standard,no_restriction,vegetarian,balanced,January,1,adventure_traveller,68,30,29,12,95,83,73,54,2,97,19,71,train
T002541,Nagpur,couple,2,0,0,2,easy_going,44763,medium,standard,no_restriction,vegan,private_transport,May,5,nightlife_traveller,83,64,37,59,40,36,71,80,19,56,43,21,validation
T002542,Ahmedabad,solo,1,0,0,1,balanced,7803,medium,budget,no_restriction,non_vegetarian,lowest_cost,December,2,family_traveller,71,85,92,59,47,67,59,54,67,56,57,67,train
T002543,Jaipur,friends,4,0,0,4,balanced,30230,medium,standard,no_restriction,non_vegetarian,balanced,January,2,family_traveller,92,87,68,64,42,59,48,61,48,44,60,58,train
T002544,Ahmedabad,friends,5,0,0,5,packed,27430,low,budget,no_restriction,no_preference,fastest,February,3,balanced_traveller,50,72,48,56,47,45,53,55,52,38,60,33,train
T002545,Bengaluru,friends,4,0,0,4,packed,41823,medium,budget,no_restriction,no_preference,balanced,December,5,nightlife_traveller,65,64,61,47,45,57,83,73,20,59,67,18,test
T002546,Delhi,couple,2,0,0,2,easy_going,32326,low,budget,no_restriction,non_vegetarian,public_transport,March,7,food_traveller,90,58,67,40,15,96,33,73,90,56,41,25,train
T002547,Indore,couple,2,0,0,2,packed,19900,medium,budget,no_restriction,no_preference,lowest_cost,January,3,wellness_traveller,56,53,80,73,90,26,29,67,62,73,41,51,train
T002548,Pune,solo,1,0,0,1,balanced,35404,medium,premium,no_restriction,vegetarian,private_transport,January,4,culture_traveller,47,76,67,66,68,26,6,75,92,78,61,83,test
T002549,Pune,solo,1,0,0,1,easy_going,19352,low,premium,no_restriction,vegetarian,private_transport,October,2,family_traveller,85,85,88,52,52,63,41,66,55,60,84,53,train
T002550,Nagpur,family,2,2,0,4,packed,38691,medium,standard,no_restriction,non_vegetarian,public_transport,April,2,culture_traveller,50,80,50,42,44,23,10,56,73,88,64,94,test
T002551,Jaipur,couple,2,0,0,2,easy_going,15464,medium,budget,no_restriction,no_preference,balanced,January,3,culture_traveller,49,81,55,61,49,5,21,66,81,80,42,86,train
T002552,Kochi,solo,1,0,0,1,easy_going,31826,medium,standard,no_restriction,non_vegetarian,balanced,November,5,beach_traveller,59,4,88,79,51,69,42,35,17,84,67,21,train
T002553,Ahmedabad,family,3,2,0,5,packed,33727,medium,premium,no_restriction,jain,fastest,October,1,culture_traveller,40,87,59,66,48,29,0,63,87,73,70,94,train
T002554,Delhi,family,5,4,0,9,balanced,85608,medium,premium,no_restriction,vegetarian,private_transport,November,4,family_traveller,90,83,93,41,35,39,65,71,69,63,72,49,train
T002555,Pune,couple,2,0,0,2,easy_going,65555,low,premium,no_restriction,vegan,fastest,January,6,beach_traveller,50,14,93,79,74,39,76,72,7,79,42,13,test
T002556,Nagpur,family,2,3,0,5,balanced,86962,medium,standard,no_restriction,no_preference,balanced,September,7,food_traveller,81,74,57,59,28,27,70,74,51,67,7,65,test
T002557,Indore,solo,1,0,0,1,balanced,32241,medium,standard,no_restriction,non_vegetarian,fastest,December,5,nightlife_traveller,55,77,48,51,90,49,80,84,24,49,70,22,train
T002558,Kochi,family,2,1,0,3,easy_going,51124,low,standard,no_restriction,no_preference,balanced,October,6,wellness_traveller,80,54,84,59,91,8,8,60,62,56,67,73,train
T002559,Bengaluru,friends,4,0,0,4,easy_going,56146,medium,standard,no_restriction,vegetarian,public_transport,January,5,culture_traveller,87,76,50,61,67,30,32,54,89,99,66,75,train
T002560,Ahmedabad,family,4,2,0,6,easy_going,21017,low,standard,no_restriction,no_preference,balanced,November,1,food_traveller,82,82,61,48,59,37,62,82,60,71,22,50,validation
T002561,Chennai,seniors,0,0,2,2,balanced,22816,medium,standard,reduced_walking,no_preference,balanced,November,2,senior_traveller,88,80,79,25,52,13,26,59,59,68,28,56,train
T002562,Indore,family,5,3,0,8,balanced,90741,high,luxury,no_restriction,no_preference,fastest,December,1,family_traveller,100,77,91,65,54,48,86,66,68,54,57,42,train
T002563,Indore,friends,3,0,0,3,balanced,24905,medium,premium,no_restriction,vegetarian,balanced,May,1,nightlife_traveller,67,49,71,75,57,52,82,98,16,57,44,11,train
T002564,Delhi,couple,2,0,0,2,packed,34621,medium,luxury,no_restriction,vegetarian,private_transport,February,1,senior_traveller,89,85,93,58,54,12,9,68,38,49,52,40,train
T002565,Ahmedabad,couple,2,0,0,2,packed,32404,medium,budget,no_restriction,vegetarian,balanced,December,7,food_traveller,83,86,66,81,56,10,65,100,50,47,0,32,train
T002566,Bengaluru,solo,1,0,0,1,balanced,17076,high,budget,no_restriction,no_preference,private_transport,March,3,adventure_traveller,51,69,76,81,50,96,63,23,53,77,44,37,validation
T002567,Chennai,couple,2,0,0,2,easy_going,31286,medium,premium,no_restriction,vegetarian,fastest,May,3,family_traveller,82,85,85,66,27,62,57,50,60,68,46,73,validation
T002568,Kolkata,solo,1,0,0,1,easy_going,13968,medium,premium,no_restriction,vegetarian,public_transport,September,1,culture_traveller,47,73,56,51,61,27,13,58,78,88,62,87,train
T002569,Ahmedabad,friends,4,0,0,4,balanced,77736,high,budget,no_restriction,no_preference,balanced,November,4,wellness_traveller,83,68,94,56,80,27,2,67,40,40,75,32,train
T002570,Kolkata,friends,5,0,0,5,packed,30100,low,budget,no_restriction,vegetarian,private_transport,March,2,wellness_traveller,72,52,93,38,81,31,28,60,48,72,42,65,train
T002571,Jaipur,couple,2,0,0,2,easy_going,51212,high,budget,no_restriction,no_preference,lowest_cost,January,5,beach_traveller,67,24,85,67,40,55,70,47,22,83,44,10,train
T002572,Hyderabad,couple,2,0,0,2,easy_going,24795,high,standard,no_restriction,no_preference,balanced,January,2,balanced_traveller,31,48,48,64,34,60,64,64,55,37,53,74,test
T002573,Mumbai,friends,7,0,0,7,balanced,113347,high,premium,no_restriction,non_vegetarian,balanced,January,2,balanced_traveller,35,85,20,92,66,47,12,65,58,42,40,58,train
T002574,Nagpur,couple,2,0,0,2,balanced,13394,medium,budget,no_restriction,vegetarian,lowest_cost,June,1,adventure_traveller,88,70,28,18,88,35,56,15,17,38,25,22,test
T002575,Hyderabad,family,2,1,0,3,balanced,71175,high,standard,no_restriction,no_preference,lowest_cost,January,4,family_traveller,41,0,33,0,86,21,66,89,88,82,63,22,train
T002576,Jaipur,couple,2,0,0,2,balanced,53731,medium,premium,no_restriction,vegan,balanced,December,5,balanced_traveller,36,47,31,41,67,53,66,66,43,59,37,60,validation
T002577,Indore,couple,2,0,0,2,easy_going,21680,medium,budget,no_restriction,vegetarian,balanced,December,3,beach_traveller,54,35,82,88,69,41,58,70,9,77,71,39,train
T002578,Chennai,friends,7,0,0,7,easy_going,63288,medium,luxury,no_restriction,no_preference,lowest_cost,December,2,beach_traveller,77,30,68,81,48,51,55,62,3,80,52,24,train
T002579,Chennai,friends,4,0,0,4,balanced,15596,low,budget,no_restriction,vegan,fastest,December,1,beach_traveller,58,0,78,61,66,83,50,59,25,72,55,26,train
T002580,Kochi,couple,2,0,0,2,easy_going,26219,high,standard,no_restriction,no_preference,lowest_cost,November,1,senior_traveller,82,80,92,45,67,45,0,33,59,64,57,31,validation
T002581,Chennai,family,4,4,0,8,balanced,67175,low,premium,no_restriction,no_preference,balanced,January,3,family_traveller,14,43,28,4,37,85,8,90,15,45,89,7,train
T002582,Bengaluru,friends,8,0,0,8,easy_going,43996,medium,budget,no_restriction,no_preference,private_transport,December,2,nightlife_traveller,71,62,74,56,67,51,98,69,18,66,56,37,train
T002583,Kochi,solo,1,0,0,1,easy_going,23809,medium,luxury,no_restriction,vegetarian,balanced,December,1,beach_traveller,71,0,88,88,53,51,43,33,31,88,55,29,validation
T002584,Nagpur,friends,6,0,0,6,balanced,17689,low,standard,no_restriction,no_preference,private_transport,April,1,senior_traveller,81,81,76,42,64,0,30,77,83,43,64,50,train
T002585,Hyderabad,solo,1,0,0,1,balanced,14031,high,standard,no_restriction,vegetarian,lowest_cost,November,1,wellness_traveller,75,56,75,88,74,23,25,49,46,53,46,59,validation
T002586,Indore,family,2,2,0,4,balanced,30904,medium,premium,no_restriction,non_vegetarian,fastest,January,1,family_traveller,88,77,87,75,53,55,65,22,45,69,58,54,train
T002587,Indore,friends,7,0,0,7,packed,71282,medium,budget,no_restriction,vegetarian,balanced,September,3,adventure_traveller,57,63,70,84,66,81,56,10,60,94,73,12,train
T002588,Kochi,solo,1,0,0,1,balanced,35197,low,premium,no_restriction,no_preference,lowest_cost,February,4,senior_traveller,80,74,77,54,58,27,17,63,71,69,64,63,train
T002589,Nagpur,couple,2,0,0,2,easy_going,10304,medium,standard,no_restriction,non_vegetarian,fastest,February,1,culture_traveller,63,80,66,65,64,23,0,72,71,76,53,82,validation
T002590,Kochi,solo,1,0,0,1,packed,33952,high,standard,no_restriction,no_preference,fastest,December,4,beach_traveller,43,15,88,70,40,36,57,30,0,85,75,20,train
T002591,Kolkata,solo,1,0,0,1,packed,25579,medium,standard,no_restriction,no_preference,lowest_cost,November,3,food_traveller,67,95,98,7,54,43,27,53,24,23,95,74,train
T002592,Indore,couple,2,0,0,2,easy_going,39085,medium,standard,no_restriction,non_vegetarian,balanced,December,4,senior_traveller,0,91,8,68,47,41,98,32,9,24,96,93,train
T002593,Nagpur,solo,1,0,0,1,balanced,15305,low,standard,no_restriction,no_preference,fastest,February,3,culture_traveller,52,84,42,46,62,28,52,57,86,79,72,73,train
T002594,Pune,couple,2,0,0,2,balanced,55589,high,standard,no_restriction,no_preference,lowest_cost,December,5,beach_traveller,61,18,72,66,55,53,52,65,36,87,52,20,train
T002595,Kolkata,couple,2,0,0,2,balanced,67025,medium,luxury,no_restriction,no_preference,fastest,January,4,food_traveller,72,75,47,42,53,20,71,72,67,60,24,55,validation
T002596,Mumbai,couple,2,0,0,2,packed,33338,low,premium,no_restriction,no_preference,balanced,September,3,adventure_traveller,71,32,72,80,42,88,66,41,50,86,72,22,train
T002597,Hyderabad,couple,2,0,0,2,packed,139478,high,luxury,no_restriction,no_preference,lowest_cost,November,4,wellness_traveller,80,51,84,45,76,30,6,41,52,60,73,61,train
T002598,Mumbai,solo,1,0,0,1,packed,67794,medium,luxury,no_restriction,vegetarian,public_transport,February,4,senior_traveller,79,87,82,29,81,13,9,55,50,51,58,34,train
T002599,Mumbai,friends,4,0,0,4,balanced,21848,low,luxury,no_restriction,jain,lowest_cost,October,1,senior_traveller,75,81,86,50,59,3,23,35,60,67,54,63,train
T002600,Delhi,couple,2,0,0,2,easy_going,48789,high,premium,no_restriction,vegetarian,balanced,February,3,adventure_traveller,74,31,90,87,52,93,49,30,54,72,81,10,train
T002601,Kochi,family,4,3,0,7,easy_going,32831,low,budget,no_restriction,vegetarian,private_transport,October,3,balanced_traveller,56,62,54,47,66,44,69,52,67,74,56,67,train
T002602,Delhi,couple,2,0,0,2,packed,78564,low,luxury,no_restriction,vegan,lowest_cost,December,5,wellness_traveller,92,42,88,45,75,13,10,65,60,62,57,50,train
T002603,Ahmedabad,seniors,2,0,3,5,balanced,29317,medium,standard,no_restriction,no_preference,private_transport,January,1,nightlife_traveller,70,48,42,42,60,65,84,73,0,32,42,6,train
T002604,Pune,solo,1,0,0,1,balanced,18145,low,premium,no_restriction,non_vegetarian,public_transport,April,3,senior_traveller,84,77,77,46,52,22,0,57,65,62,82,51,test
T002605,Delhi,solo,1,0,0,1,packed,18583,low,budget,no_restriction,no_preference,balanced,March,6,senior_traveller,91,83,90,49,54,36,19,66,49,54,63,61,validation
T002606,Mumbai,solo,1,0,0,1,packed,18788,low,premium,no_restriction,no_preference,lowest_cost,January,2,food_traveller,86,84,39,0,93,17,14,21,25,93,62,34,train
T002607,Hyderabad,couple,2,0,0,2,balanced,8791,medium,budget,no_restriction,non_vegetarian,lowest_cost,April,1,nightlife_traveller,87,84,62,56,58,62,92,78,10,88,43,31,test
T002608,Bengaluru,family,4,2,0,6,easy_going,19717,low,premium,no_restriction,no_preference,balanced,June,1,adventure_traveller,66,48,71,80,63,82,34,20,44,82,68,0,train
T002609,Jaipur,couple,2,0,0,2,balanced,96742,medium,luxury,no_restriction,no_preference,fastest,January,4,balanced_traveller,64,63,77,51,54,62,57,40,69,76,58,41,train
T002610,Indore,solo,1,0,0,1,balanced,11173,low,premium,no_restriction,no_preference,private_transport,January,1,senior_traveller,83,90,85,42,38,28,27,72,55,60,62,38,train
T002611,Hyderabad,seniors,1,0,4,5,balanced,37539,medium,budget,no_restriction,no_preference,lowest_cost,October,2,beach_traveller,43,0,87,80,61,56,56,58,17,79,44,52,test
T002612,Indore,solo,1,0,0,1,packed,21695,low,standard,no_restriction,non_vegetarian,balanced,October,6,culture_traveller,51,77,58,43,65,5,4,49,80,88,56,69,validation
T002613,Nagpur,couple,2,0,0,2,balanced,13210,medium,standard,no_restriction,non_vegetarian,lowest_cost,December,1,balanced_traveller,56,70,46,67,53,36,44,61,59,62,52,59,validation
T002614,Pune,couple,2,0,0,2,easy_going,12028,medium,budget,no_restriction,non_vegetarian,public_transport,February,1,culture_traveller,18,43,9,14,92,56,90,64,35,81,57,52,train
T002615,Bengaluru,couple,2,0,0,2,easy_going,38751,medium,standard,no_restriction,no_preference,balanced,December,5,culture_traveller,34,82,63,51,55,36,38,60,81,87,52,90,train
T002616,Chennai,seniors,2,0,1,3,easy_going,21588,medium,standard,no_restriction,no_preference,balanced,March,1,culture_traveller,77,88,47,68,50,21,0,66,76,80,40,83,test
T002617,Ahmedabad,couple,2,0,0,2,packed,40790,high,standard,no_restriction,vegetarian,private_transport,December,3,culture_traveller,78,66,42,60,95,56,42,45,18,90,55,39,train
T002618,Bengaluru,couple,2,0,0,2,balanced,41185,medium,premium,no_restriction,non_vegetarian,public_transport,September,3,wellness_traveller,26,57,11,41,82,89,18,94,46,15,75,8,train
T002619,Chennai,couple,2,0,0,2,packed,34229,low,standard,no_restriction,no_preference,lowest_cost,November,5,culture_traveller,65,82,46,74,52,27,2,66,68,97,65,80,train
T002620,Ahmedabad,couple,2,0,0,2,balanced,62716,medium,standard,no_restriction,non_vegetarian,fastest,February,7,food_traveller,82,71,44,74,48,14,47,85,60,80,13,63,train
T002621,Bengaluru,couple,2,0,0,2,balanced,23804,medium,budget,no_restriction,vegan,balanced,October,3,wellness_traveller,89,50,98,46,81,28,18,94,41,76,29,22,train
T002622,Chennai,family,3,1,0,4,balanced,28654,low,premium,no_restriction,vegetarian,private_transport,March,2,family_traveller,92,81,78,65,43,76,50,53,66,48,43,70,validation
T002623,Indore,friends,4,0,0,4,balanced,22777,medium,budget,no_restriction,vegetarian,public_transport,December,1,food_traveller,77,88,55,65,50,17,63,65,73,56,0,59,train
T002624,Kolkata,couple,2,0,0,2,balanced,103542,medium,luxury,no_restriction,vegetarian,lowest_cost,April,4,balanced_traveller,42,22,67,59,50,16,51,60,44,58,49,42,train
T002625,Kolkata,family,3,3,0,6,balanced,55411,medium,standard,no_restriction,vegan,lowest_cost,January,2,balanced_traveller,67,74,48,57,57,83,72,44,49,51,47,53,train
T002626,Bengaluru,couple,2,0,0,2,easy_going,25521,medium,budget,no_restriction,non_vegetarian,private_transport,December,4,wellness_traveller,75,39,94,67,85,12,14,46,64,58,65,62,train
T002627,Bengaluru,friends,7,0,0,7,balanced,182584,high,luxury,no_restriction,no_preference,public_transport,October,3,beach_traveller,50,97,3,58,19,7,62,37,74,36,10,73,train
T002628,Pune,seniors,1,0,2,3,packed,129796,low,luxury,no_restriction,no_preference,lowest_cost,February,7,family_traveller,89,77,78,49,36,56,66,51,42,68,73,51,train
T002629,Chennai,family,2,2,0,4,easy_going,48480,medium,budget,no_restriction,no_preference,balanced,February,5,food_traveller,53,74,67,80,77,51,26,82,43,13,89,20,train
T002630,Kolkata,family,3,1,0,4,packed,120030,high,premium,no_restriction,vegetarian,lowest_cost,March,4,adventure_traveller,49,21,88,11,7,56,20,85,17,47,75,5,validation
T002631,Hyderabad,couple,2,0,0,2,balanced,21641,low,budget,no_restriction,no_preference,fastest,November,4,beach_traveller,95,10,65,9,79,36,32,2,96,48,14,12,train
T002632,Kolkata,family,2,4,1,7,packed,51550,low,standard,no_restriction,vegetarian,balanced,March,4,family_traveller,84,81,74,66,69,68,65,47,45,67,42,48,train
T002633,Jaipur,seniors,0,0,4,4,easy_going,71688,medium,premium,no_restriction,no_preference,lowest_cost,November,5,beach_traveller,59,26,83,81,56,60,43,52,46,85,71,24,train
T002634,Nagpur,couple,2,0,0,2,balanced,36214,medium,standard,no_restriction,vegetarian,lowest_cost,January,4,balanced_traveller,58,58,50,67,80,43,57,49,63,62,58,49,train
T002635,Jaipur,family,4,2,1,7,balanced,110767,medium,premium,no_restriction,non_vegetarian,balanced,January,6,adventure_traveller,53,78,61,4,64,71,7,38,29,74,36,20,test
T002636,Indore,couple,2,0,0,2,packed,79760,high,premium,no_restriction,vegetarian,private_transport,September,4,culture_traveller,89,8,17,53,79,93,11,1,69,27,13,0,train
T002637,Kochi,couple,2,0,0,2,balanced,16842,low,standard,no_restriction,no_preference,fastest,January,2,balanced_traveller,49,58,57,44,73,47,74,40,39,52,61,61,train
T002638,Chennai,family,4,3,0,7,easy_going,49125,medium,budget,no_restriction,no_preference,lowest_cost,August,2,senior_traveller,74,63,78,45,38,19,4,61,42,92,69,48,train
T002639,Hyderabad,couple,2,0,0,2,balanced,43088,medium,standard,no_restriction,no_preference,lowest_cost,January,7,adventure_traveller,61,62,75,87,40,63,54,8,42,86,59,41,test
T002640,Nagpur,family,2,2,0,4,easy_going,40153,medium,standard,no_restriction,no_preference,lowest_cost,February,2,family_traveller,15,93,92,6,52,68,0,1,6,70,94,6,validation
T002641,Jaipur,friends,3,0,0,3,packed,74578,medium,premium,no_restriction,no_preference,lowest_cost,January,4,wellness_traveller,85,54,77,73,95,25,21,50,56,42,68,55,validation
T002642,Hyderabad,solo,1,0,0,1,easy_going,7127,low,budget,no_restriction,no_preference,balanced,January,3,balanced_traveller,43,51,79,85,71,64,33,89,61,43,89,55,train
T002643,Hyderabad,couple,2,0,0,2,easy_going,162400,medium,premium,no_restriction,vegetarian,lowest_cost,November,11,beach_traveller,66,13,44,80,5,27,62,17,51,69,94,97,train
T002644,Delhi,solo,1,0,0,1,easy_going,24275,medium,budget,no_restriction,vegetarian,balanced,January,9,beach_traveller,36,7,83,80,64,80,42,84,44,68,42,14,validation
T002645,Ahmedabad,family,4,1,0,5,balanced,48136,high,budget,no_restriction,vegetarian,lowest_cost,December,1,adventure_traveller,39,64,81,84,66,77,70,45,53,77,72,32,train
T002646,Kolkata,couple,2,0,0,2,easy_going,24830,medium,standard,no_restriction,no_preference,fastest,February,2,culture_traveller,61,80,42,55,61,13,13,57,87,85,71,81,train
T002647,Kochi,family,2,3,0,5,easy_going,133033,medium,premium,no_restriction,no_preference,private_transport,December,8,family_traveller,89,86,88,62,71,39,39,56,58,44,63,41,train
T002648,Indore,couple,2,0,0,2,easy_going,23734,medium,budget,no_restriction,non_vegetarian,balanced,October,3,culture_traveller,35,92,49,50,66,23,14,46,69,64,74,80,validation
T002649,Kolkata,family,4,1,0,5,packed,259571,high,premium,no_restriction,vegetarian,balanced,January,8,wellness_traveller,77,68,92,57,85,17,16,72,46,66,51,46,train
T002650,Kochi,solo,1,0,0,1,easy_going,16804,medium,standard,no_restriction,no_preference,lowest_cost,May,2,senior_traveller,76,82,80,59,47,15,27,29,62,31,57,63,validation
T002651,Chennai,couple,2,0,0,2,balanced,48178,low,budget,no_restriction,no_preference,lowest_cost,October,12,food_traveller,79,84,56,63,66,32,34,77,68,48,24,46,train
T002652,Mumbai,family,2,3,0,5,balanced,81430,high,standard,no_restriction,no_preference,lowest_cost,October,5,balanced_traveller,44,43,57,74,71,54,53,63,56,57,55,64,train
T002653,Bengaluru,couple,2,0,0,2,easy_going,21465,high,budget,no_restriction,no_preference,balanced,June,2,culture_traveller,69,86,70,53,60,11,12,60,82,85,58,79,train
T002654,Kochi,couple,2,0,0,2,balanced,59309,medium,luxury,no_restriction,no_preference,fastest,July,3,wellness_traveller,76,66,85,36,61,13,4,60,52,62,62,44,test
T002655,Ahmedabad,friends,7,0,0,7,easy_going,41087,medium,standard,no_restriction,no_preference,lowest_cost,November,2,food_traveller,76,89,67,45,61,27,77,80,57,64,36,61,train
T002656,Jaipur,solo,1,0,0,1,easy_going,25166,low,premium,no_restriction,non_vegetarian,balanced,December,4,adventure_traveller,61,79,67,89,45,81,57,19,46,71,34,17,train
T002657,Indore,seniors,1,0,1,2,balanced,39940,low,premium,no_restriction,vegetarian,private_transport,June,5,food_traveller,77,90,42,55,55,55,39,70,50,49,20,51,test
T002658,Indore,friends,5,0,0,5,packed,300424,high,luxury,no_restriction,no_preference,public_transport,July,10,wellness_traveller,65,56,81,68,77,12,22,64,59,67,65,51,validation
T002659,Chennai,couple,2,0,0,2,balanced,123224,high,premium,no_restriction,no_preference,balanced,March,6,nightlife_traveller,92,54,56,73,52,50,80,96,30,63,63,6,test
T002660,Jaipur,seniors,2,0,3,5,packed,44254,low,premium,reduced_walking,no_preference,fastest,October,4,wellness_traveller,86,93,87,42,92,29,19,45,55,72,64,74,train
T002661,Ahmedabad,friends,6,0,0,6,packed,67445,low,premium,no_restriction,no_preference,balanced,February,4,food_traveller,83,76,70,58,41,18,46,81,71,56,12,63,train
T002662,Indore,couple,2,0,0,2,balanced,186681,high,luxury,no_restriction,vegan,public_transport,November,5,culture_traveller,64,68,87,72,67,42,7,64,2,65,7,5,train
T002663,Chennai,couple,2,0,0,2,balanced,75308,medium,luxury,no_restriction,vegetarian,fastest,December,3,adventure_traveller,85,61,81,70,61,81,33,6,68,92,58,34,test
T002664,Nagpur,friends,3,0,0,3,easy_going,47003,high,standard,no_restriction,non_vegetarian,balanced,September,3,beach_traveller,58,19,76,71,58,53,60,31,14,89,38,45,validation
T002665,Jaipur,couple,2,0,0,2,balanced,56927,high,budget,no_restriction,vegetarian,balanced,March,8,culture_traveller,58,71,74,59,53,29,14,39,82,87,54,80,train
T002666,Jaipur,friends,5,0,0,5,balanced,81037,medium,luxury,no_restriction,no_preference,lowest_cost,March,2,nightlife_traveller,6,0,14,11,10,40,72,45,55,33,65,33,train
T002667,Ahmedabad,friends,8,0,0,8,easy_going,53797,low,budget,no_restriction,no_preference,lowest_cost,October,5,food_traveller,88,27,83,40,34,17,97,6,52,71,41,29,test
T002668,Indore,friends,5,0,0,5,balanced,65112,high,budget,no_restriction,no_preference,balanced,July,2,balanced_traveller,40,50,55,41,61,74,60,67,76,64,28,59,train
T002669,Nagpur,friends,6,0,0,6,balanced,76915,high,luxury,no_restriction,vegetarian,lowest_cost,March,1,family_traveller,77,75,68,44,56,52,69,49,56,50,68,39,validation
T002670,Bengaluru,friends,4,0,0,4,easy_going,28684,low,standard,no_restriction,no_preference,lowest_cost,February,4,food_traveller,84,79,61,65,55,18,75,87,61,52,28,61,train
T002671,Kolkata,solo,1,0,0,1,easy_going,22831,medium,luxury,no_restriction,no_preference,lowest_cost,October,1,culture_traveller,66,77,60,63,44,20,17,56,69,70,71,88,train
T002672,Mumbai,seniors,0,0,3,3,packed,66049,medium,luxury,no_restriction,no_preference,balanced,February,2,senior_traveller,79,71,89,71,86,32,11,50,32,47,41,64,test
T002673,Ahmedabad,couple,2,0,0,2,balanced,61183,medium,standard,no_restriction,vegetarian,lowest_cost,November,7,adventure_traveller,26,69,88,73,70,89,50,0,54,90,46,34,train
T002674,Ahmedabad,solo,1,0,0,1,balanced,35146,low,premium,no_restriction,vegetarian,fastest,March,6,adventure_traveller,58,63,78,86,61,86,67,0,52,80,54,8,train
T002675,Pune,solo,1,0,0,1,packed,28571,low,premium,no_restriction,vegetarian,public_transport,January,3,balanced_traveller,65,59,60,72,60,36,56,67,56,45,56,67,train
T002676,Mumbai,couple,2,0,0,2,packed,53234,high,premium,no_restriction,no_preference,lowest_cost,November,3,food_traveller,82,82,69,44,58,24,38,83,60,55,3,56,validation
T002677,Kolkata,seniors,0,0,3,3,balanced,25487,medium,standard,no_restriction,vegetarian,lowest_cost,September,2,wellness_traveller,86,80,83,53,88,36,12,67,54,45,48,42,train
T002678,Kolkata,friends,5,0,0,5,easy_going,51096,medium,premium,no_restriction,jain,balanced,January,2,culture_traveller,66,87,50,73,39,33,18,44,80,97,87,75,validation
T002679,Bengaluru,family,3,3,1,7,balanced,42253,medium,standard,no_restriction,vegetarian,lowest_cost,January,1,family_traveller,81,85,77,57,69,58,72,46,61,63,60,53,train
T002680,Jaipur,couple,2,0,0,2,balanced,37499,high,standard,no_restriction,vegetarian,lowest_cost,February,3,wellness_traveller,71,58,82,61,79,1,14,50,56,71,39,68,train
T002681,Jaipur,solo,1,0,0,1,easy_going,20738,medium,standard,no_restriction,no_preference,fastest,January,3,family_traveller,96,86,84,66,52,60,45,29,56,75,77,54,validation
T002682,Nagpur,solo,1,0,0,1,easy_going,62889,medium,premium,no_restriction,vegetarian,public_transport,January,5,wellness_traveller,74,68,100,55,93,33,18,63,41,58,53,73,train
T002683,Jaipur,couple,2,0,0,2,balanced,61536,high,standard,no_restriction,no_preference,lowest_cost,August,5,balanced_traveller,66,64,57,61,36,63,61,62,62,68,55,57,train
T002684,Hyderabad,seniors,1,0,3,4,packed,40869,medium,standard,no_restriction,no_preference,balanced,December,3,adventure_traveller,57,48,81,76,70,100,65,22,50,90,47,24,train
T002685,Pune,seniors,2,0,3,5,balanced,60251,medium,premium,no_restriction,non_vegetarian,balanced,February,3,family_traveller,90,82,84,55,44,39,44,73,60,63,66,54,test
T002686,Kochi,friends,5,0,0,5,balanced,101871,high,standard,no_restriction,non_vegetarian,balanced,December,4,balanced_traveller,54,57,52,38,61,50,59,45,71,65,52,60,train
T002687,Chennai,seniors,2,0,4,6,balanced,56917,medium,standard,wheelchair_friendly_preference,no_preference,lowest_cost,January,2,senior_traveller,77,80,84,61,49,0,0,56,59,54,57,76,test
T002688,Mumbai,couple,2,0,0,2,balanced,18102,low,standard,no_restriction,non_vegetarian,balanced,December,4,wellness_traveller,68,60,80,40,80,19,4,65,48,52,74,49,train
T002689,Pune,couple,2,0,0,2,balanced,27820,low,premium,no_restriction,no_preference,fastest,December,3,food_traveller,84,82,53,62,63,27,64,64,67,45,34,40,train
T002690,Jaipur,friends,7,0,0,7,easy_going,74505,low,premium,no_restriction,no_preference,lowest_cost,December,4,senior_traveller,30,30,25,43,41,39,43,31,98,57,46,23,train
T002691,Hyderabad,seniors,2,0,1,3,balanced,47941,high,budget,no_restriction,vegetarian,lowest_cost,October,3,senior_traveller,91,89,74,52,54,42,32,54,64,46,40,56,train
T002692,Chennai,family,2,2,0,4,easy_going,43664,medium,premium,no_restriction,vegan,lowest_cost,March,3,nightlife_traveller,75,65,49,54,71,63,82,81,17,68,60,16,train
T002693,Jaipur,solo,1,0,0,1,balanced,106960,low,luxury,no_restriction,vegan,private_transport,November,8,culture_traveller,55,87,49,38,65,15,53,68,73,87,56,86,train
T002694,Indore,friends,5,0,0,5,easy_going,59027,high,budget,no_restriction,vegetarian,fastest,October,3,culture_traveller,33,88,59,50,41,25,36,46,84,99,68,82,train
T002695,Mumbai,friends,5,0,0,5,packed,94974,high,premium,no_restriction,non_vegetarian,public_transport,November,4,adventure_traveller,51,68,97,91,61,82,50,22,64,83,57,20,test
T002696,Chennai,friends,5,0,0,5,easy_going,32032,medium,standard,no_restriction,no_preference,lowest_cost,May,1,culture_traveller,40,81,77,61,71,0,10,50,95,83,57,84,test
T002697,Nagpur,friends,5,0,0,5,balanced,105293,high,standard,no_restriction,vegan,fastest,December,7,food_traveller,88,91,49,36,81,14,57,91,54,44,48,51,train
T002698,Jaipur,solo,1,0,0,1,balanced,16717,medium,standard,no_restriction,vegetarian,private_transport,August,2,family_traveller,78,79,83,40,53,49,41,43,57,70,57,45,test
T002699,Nagpur,family,4,2,0,6,packed,33002,medium,budget,no_restriction,non_vegetarian,public_transport,December,2,nightlife_traveller,81,48,58,55,52,65,83,93,10,53,37,8,train
T002700,Mumbai,family,5,3,0,8,packed,60450,low,standard,no_restriction,no_preference,private_transport,December,6,nightlife_traveller,82,51,38,53,47,53,83,65,35,94,47,14,train
T002701,Kochi,seniors,1,0,2,3,packed,69605,high,budget,no_restriction,vegetarian,private_transport,February,6,senior_traveller,76,76,73,57,65,0,15,44,68,51,71,49,validation
T002702,Chennai,couple,2,0,0,2,balanced,49156,medium,premium,no_restriction,vegetarian,fastest,February,3,culture_traveller,0,34,70,73,0,68,75,23,15,70,56,39,train
T002703,Ahmedabad,couple,2,0,0,2,easy_going,34561,high,budget,no_restriction,non_vegetarian,balanced,February,3,culture_traveller,79,69,60,56,58,28,10,51,88,81,46,88,train
T002704,Kochi,family,3,2,0,5,balanced,47014,medium,standard,no_restriction,non_vegetarian,public_transport,January,3,family_traveller,82,74,81,66,58,49,70,61,48,58,32,60,train
T002705,Bengaluru,solo,1,0,0,1,balanced,80042,low,luxury,no_restriction,vegetarian,private_transport,February,5,senior_traveller,87,98,90,56,75,33,30,50,55,64,83,74,train
T002706,Ahmedabad,couple,2,0,0,2,balanced,30371,medium,budget,no_restriction,no_preference,public_transport,February,4,culture_traveller,42,95,59,71,55,26,3,45,74,68,70,82,train
T002707,Indore,couple,2,0,0,2,balanced,29199,medium,standard,no_restriction,vegetarian,lowest_cost,January,3,culture_traveller,40,75,48,63,49,22,18,57,89,83,54,85,test
T002708,Chennai,couple,2,0,0,2,balanced,13242,low,budget,no_restriction,no_preference,fastest,November,2,food_traveller,82,76,83,45,61,9,58,85,54,42,15,70,train
T002709,Jaipur,couple,2,0,0,2,packed,30422,medium,budget,no_restriction,no_preference,private_transport,December,5,beach_traveller,61,24,93,80,68,28,55,53,13,87,55,17,validation
T002710,Indore,friends,3,0,0,3,easy_going,37204,medium,standard,no_restriction,non_vegetarian,balanced,January,4,food_traveller,70,73,64,64,40,34,52,71,50,40,10,51,train
T002711,Chennai,family,3,1,1,5,balanced,47461,high,budget,no_restriction,vegetarian,fastest,April,2,family_traveller,41,81,32,62,84,55,92,30,50,54,17,49,train
T002712,Mumbai,family,3,2,0,5,easy_going,82507,medium,luxury,no_restriction,no_preference,lowest_cost,January,2,family_traveller,81,80,87,65,70,76,69,60,59,64,32,55,train
T002713,Mumbai,family,3,1,0,4,balanced,63918,medium,luxury,no_restriction,vegetarian,lowest_cost,October,2,family_traveller,78,92,89,56,67,56,45,58,80,69,61,46,train
T002714,Delhi,family,5,4,0,9,easy_going,57277,medium,premium,no_restriction,non_vegetarian,fastest,November,2,wellness_traveller,82,62,91,42,91,27,41,73,58,48,64,43,train
T002715,Hyderabad,solo,1,0,0,1,easy_going,15314,medium,standard,no_restriction,no_preference,fastest,December,3,beach_traveller,60,24,78,91,51,77,77,50,16,76,40,23,train
T002716,Indore,friends,7,0,0,7,balanced,42806,low,budget,no_restriction,vegetarian,fastest,January,3,adventure_traveller,52,43,86,86,71,95,55,10,62,78,49,19,train
T002717,Pune,family,5,3,0,8,packed,210404,medium,premium,no_restriction,no_preference,balanced,December,8,family_traveller,88,80,91,53,64,38,45,54,52,86,69,68,test
T002718,Kolkata,friends,6,0,0,6,easy_going,72337,medium,budget,no_restriction,no_preference,balanced,December,4,food_traveller,70,85,62,61,44,25,60,77,66,73,10,62,train
T002719,Kochi,family,2,2,0,4,packed,82087,high,standard,no_restriction,non_vegetarian,fastest,November,4,family_traveller,79,74,83,73,54,50,61,31,67,69,57,51,train
T002720,Delhi,couple,2,0,0,2,easy_going,79915,medium,luxury,no_restriction,no_preference,balanced,November,3,family_traveller,64,70,87,39,75,56,62,68,15,73,9,97,train
T002721,Kolkata,family,3,3,0,6,balanced,61966,low,premium,no_restriction,no_preference,lowest_cost,July,3,beach_traveller,41,19,91,79,58,32,46,65,33,83,64,14,test
T002722,Hyderabad,solo,1,0,0,1,packed,64368,high,standard,no_restriction,jain,private_transport,October,6,senior_traveller,64,73,98,62,26,13,17,63,56,36,49,46,train
T002723,Hyderabad,couple,2,0,0,2,easy_going,35975,high,budget,no_restriction,vegetarian,balanced,February,3,culture_traveller,17,44,31,24,14,75,81,49,82,91,15,83,train
T002724,Kochi,couple,2,0,0,2,balanced,39310,high,budget,no_restriction,no_preference,balanced,February,5,balanced_traveller,55,25,43,63,40,45,51,52,65,59,49,36,train
T002725,Bengaluru,couple,2,0,0,2,balanced,40964,low,luxury,no_restriction,vegetarian,balanced,November,2,culture_traveller,68,77,55,74,91,26,0,53,95,80,66,88,train
T002726,Chennai,solo,1,0,0,1,balanced,44562,low,premium,no_restriction,vegan,balanced,February,5,beach_traveller,73,11,86,76,69,62,51,42,19,85,72,28,train
T002727,Kochi,friends,8,0,0,8,balanced,81424,high,premium,no_restriction,vegetarian,lowest_cost,November,1,senior_traveller,80,79,90,45,60,39,22,63,40,66,61,55,train
T002728,Kolkata,family,3,4,0,7,balanced,97069,medium,standard,no_restriction,no_preference,balanced,December,7,nightlife_traveller,80,52,65,43,47,55,82,82,17,47,63,35,train
T002729,Ahmedabad,friends,3,0,0,3,balanced,42313,high,premium,no_restriction,no_preference,fastest,February,2,family_traveller,69,78,76,63,59,49,51,80,47,54,63,57,train
T002730,Delhi,couple,2,0,0,2,balanced,45307,high,premium,no_restriction,non_vegetarian,lowest_cost,January,3,senior_traveller,88,85,81,51,46,12,28,53,31,42,47,53,train
T002731,Nagpur,couple,2,0,0,2,balanced,9032,low,budget,no_restriction,vegetarian,fastest,July,2,balanced_traveller,72,53,54,59,57,79,63,48,39,75,52,60,train
T002732,Kolkata,couple,2,0,0,2,balanced,13850,low,standard,no_restriction,non_vegetarian,private_transport,March,2,beach_traveller,73,9,39,64,70,7,88,8,51,82,45,99,train
T002733,Bengaluru,seniors,0,0,3,3,easy_going,97391,high,standard,no_restriction,non_vegetarian,private_transport,November,8,beach_traveller,42,5,82,86,67,47,56,47,6,85,56,25,validation
T002734,Mumbai,family,4,4,0,8,balanced,163399,high,premium,no_restriction,no_preference,private_transport,September,4,nightlife_traveller,75,49,61,49,83,54,87,69,11,55,68,6,train
T002735,Kolkata,solo,1,0,0,1,packed,32982,low,luxury,no_restriction,vegan,balanced,November,2,adventure_traveller,65,37,78,81,64,77,63,7,59,79,52,51,train
T002736,Jaipur,family,4,1,0,5,balanced,17656,low,budget,no_restriction,vegetarian,balanced,February,2,family_traveller,84,86,75,58,44,55,73,54,46,61,67,47,train
T002737,Hyderabad,solo,1,0,0,1,easy_going,70413,high,premium,no_restriction,vegetarian,lowest_cost,December,5,culture_traveller,36,90,55,93,68,37,7,55,88,81,57,83,validation
T002738,Indore,solo,1,0,0,1,easy_going,27314,high,budget,no_restriction,no_preference,lowest_cost,October,4,senior_traveller,80,86,72,53,71,21,16,63,60,82,57,64,train
T002739,Mumbai,seniors,0,0,1,1,balanced,55560,high,premium,wheelchair_friendly_preference,no_preference,fastest,December,3,senior_traveller,100,68,85,56,47,25,7,44,43,57,49,46,test
T002740,Nagpur,couple,2,0,0,2,balanced,29094,low,premium,no_restriction,no_preference,fastest,October,3,nightlife_traveller,50,8,55,81,16,39,54,20,3,0,25,30,validation
T002741,Delhi,couple,2,0,0,2,balanced,27983,medium,luxury,no_restriction,no_preference,private_transport,November,1,family_traveller,86,80,73,55,62,69,51,51,55,78,73,63,train
T002742,Pune,solo,1,0,0,1,packed,17339,medium,standard,no_restriction,no_preference,balanced,December,3,food_traveller,75,86,47,66,56,10,40,76,44,35,29,70,test
T002743,Pune,solo,1,0,0,1,balanced,16938,low,standard,no_restriction,vegan,balanced,January,3,balanced_traveller,47,39,67,69,69,54,48,42,46,38,51,76,train
T002744,Ahmedabad,couple,2,0,0,2,balanced,48133,medium,premium,no_restriction,non_vegetarian,fastest,October,3,wellness_traveller,78,51,93,58,100,14,39,78,56,62,67,50,train
T002745,Mumbai,couple,2,0,0,2,balanced,18342,low,budget,no_restriction,no_preference,fastest,January,5,wellness_traveller,76,45,73,45,89,33,2,65,42,66,58,50,train
T002746,Mumbai,friends,7,0,0,7,balanced,212284,medium,luxury,no_restriction,jain,fastest,August,6,family_traveller,76,82,81,38,61,52,73,71,59,70,64,56,test
T002747,Kochi,seniors,2,0,3,5,balanced,28900,low,standard,no_restriction,no_preference,balanced,December,3,beach_traveller,49,43,85,80,55,34,53,71,14,80,60,5,test
T002748,Pune,solo,1,0,0,1,balanced,25131,high,standard,no_restriction,no_preference,private_transport,November,2,food_traveller,85,77,34,55,69,24,39,76,51,54,12,35,train
T002749,Kolkata,solo,1,0,0,1,packed,10334,medium,budget,no_restriction,non_vegetarian,balanced,April,3,culture_traveller,43,84,75,60,46,32,12,62,75,71,47,60,test
T002750,Ahmedabad,friends,8,0,0,8,balanced,38992,low,budget,no_restriction,no_preference,balanced,January,2,balanced_traveller,41,57,44,41,81,58,68,50,44,19,53,37,validation
T002751,Pune,solo,1,0,0,1,balanced,61243,medium,luxury,no_restriction,no_preference,lowest_cost,February,3,wellness_traveller,74,55,71,63,80,19,15,63,65,66,45,60,train
T002752,Nagpur,family,4,4,0,8,balanced,98985,high,standard,reduced_walking,vegetarian,private_transport,November,2,family_traveller,81,74,75,55,68,52,47,29,46,48,60,61,test
T002753,Nagpur,couple,2,0,0,2,balanced,22312,low,standard,no_restriction,non_vegetarian,balanced,December,3,adventure_traveller,46,47,76,88,53,82,68,16,42,89,52,43,train
T002754,Mumbai,friends,8,0,0,8,balanced,108730,high,standard,no_restriction,no_preference,balanced,November,3,food_traveller,86,81,61,54,55,5,53,72,56,52,26,39,train
T002755,Ahmedabad,friends,4,0,0,4,packed,28695,low,standard,no_restriction,no_preference,fastest,November,2,adventure_traveller,66,38,82,81,71,74,47,23,51,78,51,26,train
T002756,Hyderabad,seniors,2,0,3,5,easy_going,78205,medium,standard,no_restriction,no_preference,public_transport,September,5,senior_traveller,60,79,81,53,36,32,32,70,50,59,48,44,validation
T002757,Bengaluru,family,3,3,0,6,easy_going,76696,medium,standard,no_restriction,non_vegetarian,private_transport,October,4,adventure_traveller,67,49,93,78,70,81,50,0,54,72,45,26,train
T002758,Indore,solo,1,0,0,1,packed,14445,medium,premium,no_restriction,no_preference,public_transport,March,1,food_traveller,79,80,54,49,60,8,52,97,55,67,19,66,test
T002759,Pune,family,4,1,0,5,packed,97992,high,budget,no_restriction,vegetarian,balanced,December,6,family_traveller,16,92,80,2,60,58,47,14,93,52,73,84,test
T002760,Indore,couple,2,0,0,2,balanced,13986,low,standard,no_restriction,no_preference,lowest_cost,October,2,food_traveller,81,75,47,63,30,24,39,83,73,46,26,70,train
T002761,Bengaluru,seniors,0,0,1,1,packed,22398,medium,luxury,no_restriction,non_vegetarian,public_transport,October,1,culture_traveller,59,91,79,57,51,17,17,49,70,71,65,87,test
T002762,Kochi,couple,2,0,0,2,packed,34136,medium,standard,no_restriction,non_vegetarian,public_transport,February,4,balanced_traveller,62,50,73,56,58,38,47,49,66,68,50,59,train
T002763,Pune,seniors,1,0,3,4,balanced,59579,high,luxury,no_restriction,vegetarian,lowest_cost,January,1,balanced_traveller,58,77,68,54,48,64,62,54,24,45,67,41,test
T002764,Jaipur,seniors,2,0,3,5,easy_going,115685,medium,standard,no_restriction,no_preference,fastest,December,8,family_traveller,88,95,87,47,61,73,39,70,62,79,62,58,validation
T002765,Mumbai,couple,2,0,0,2,easy_going,46591,medium,standard,no_restriction,non_vegetarian,fastest,January,5,adventure_traveller,74,46,74,80,49,81,71,26,53,82,38,0,train
T002766,Kolkata,family,5,2,0,7,balanced,36322,low,budget,no_restriction,non_vegetarian,balanced,March,3,adventure_traveller,57,58,74,79,50,78,66,26,68,98,70,0,train
T002767,Indore,family,4,2,0,6,balanced,37898,low,luxury,no_restriction,no_preference,balanced,January,1,family_traveller,73,86,64,39,56,61,52,62,46,75,67,47,test
T002768,Chennai,solo,1,0,0,1,packed,5816,medium,budget,no_restriction,non_vegetarian,balanced,January,1,family_traveller,10,4,65,16,36,88,31,16,66,15,72,44,train
T002769,Hyderabad,friends,4,0,0,4,balanced,87540,high,standard,no_restriction,vegetarian,private_transport,December,4,food_traveller,72,76,59,55,84,0,52,88,51,56,53,57,train
T002770,Indore,friends,3,0,0,3,easy_going,25662,low,premium,no_restriction,non_vegetarian,fastest,February,2,senior_traveller,66,34,38,52,59,70,61,22,36,86,71,45,train
T002771,Chennai,family,4,4,0,8,balanced,92994,medium,standard,no_restriction,non_vegetarian,public_transport,January,4,family_traveller,85,86,77,45,66,62,77,62,35,38,54,66,train
T002772,Ahmedabad,family,5,1,0,6,balanced,131861,high,standard,no_restriction,no_preference,lowest_cost,October,5,family_traveller,80,100,82,66,61,45,62,49,45,64,41,67,train
T002773,Pune,friends,3,0,0,3,easy_going,33392,medium,premium,no_restriction,vegetarian,balanced,January,2,adventure_traveller,38,59,81,92,71,83,66,18,55,83,55,22,validation
T002774,Ahmedabad,family,3,1,0,4,packed,21469,low,budget,no_restriction,jain,lowest_cost,December,2,family_traveller,95,77,77,51,53,52,63,58,49,65,60,72,train
T002775,Kochi,solo,1,0,0,1,balanced,17873,medium,standard,no_restriction,no_preference,balanced,January,2,balanced_traveller,57,64,66,64,47,61,57,61,78,54,57,50,test
T002776,Ahmedabad,seniors,2,0,4,6,balanced,106530,medium,luxury,no_restriction,no_preference,lowest_cost,October,3,balanced_traveller,67,60,73,57,70,58,58,64,53,63,38,62,validation
T002777,Ahmedabad,family,2,1,0,3,balanced,27796,medium,premium,no_restriction,no_preference,lowest_cost,December,2,beach_traveller,50,9,81,83,69,61,73,73,20,81,38,12,train
T002778,Chennai,family,2,3,0,5,balanced,25238,medium,standard,no_restriction,vegetarian,private_transport,November,1,culture_traveller,68,74,75,34,62,38,6,82,83,84,71,85,train
T002779,Chennai,family,4,4,0,8,easy_going,29273,low,standard,no_restriction,non_vegetarian,fastest,November,1,family_traveller,91,86,81,26,79,80,65,72,57,66,67,56,train
T002780,Kochi,couple,2,0,0,2,balanced,43687,high,budget,no_restriction,no_preference,balanced,January,4,wellness_traveller,62,88,22,34,91,69,1,41,12,23,76,8,test
T002781,Indore,friends,6,0,0,6,packed,30676,low,premium,no_restriction,no_preference,lowest_cost,April,1,wellness_traveller,82,50,77,62,82,14,28,46,67,53,64,67,test
T002782,Bengaluru,couple,2,0,0,2,balanced,109017,medium,luxury,no_restriction,no_preference,balanced,November,5,senior_traveller,72,81,80,52,57,17,3,66,72,52,61,32,train
T002783,Bengaluru,solo,1,0,0,1,balanced,29361,medium,premium,no_restriction,non_vegetarian,private_transport,December,2,adventure_traveller,58,58,85,84,65,98,65,0,54,81,37,30,train
T002784,Nagpur,family,3,4,0,7,packed,62652,medium,standard,no_restriction,non_vegetarian,lowest_cost,January,2,adventure_traveller,55,68,79,76,70,69,65,3,35,87,60,11,train
T002785,Pune,friends,3,0,0,3,balanced,94598,medium,standard,no_restriction,vegetarian,balanced,January,8,nightlife_traveller,75,47,61,36,34,59,89,89,24,71,54,15,validation
T002786,Jaipur,family,4,2,0,6,balanced,56568,medium,standard,no_restriction,vegetarian,private_transport,January,2,family_traveller,78,81,87,72,72,76,54,31,26,66,56,74,train
T002787,Pune,family,4,2,0,6,easy_going,168632,high,standard,no_restriction,vegetarian,lowest_cost,December,7,family_traveller,78,84,85,63,69,65,63,49,54,42,51,62,validation
T002788,Jaipur,solo,1,0,0,1,easy_going,105824,high,luxury,no_restriction,vegetarian,balanced,March,4,beach_traveller,83,76,22,23,9,97,25,84,76,80,62,21,train
T002789,Indore,solo,1,0,0,1,easy_going,18018,medium,luxury,no_restriction,no_preference,lowest_cost,August,1,beach_traveller,54,7,87,83,52,69,83,46,27,83,64,37,train
T002790,Delhi,couple,2,0,0,2,balanced,30164,medium,standard,no_restriction,no_preference,balanced,December,3,culture_traveller,72,82,82,64,65,17,19,69,91,84,63,80,validation
T002791,Pune,couple,2,0,0,2,balanced,12514,medium,budget,no_restriction,vegan,lowest_cost,December,2,family_traveller,94,82,86,68,71,64,88,57,38,56,66,62,train
T002792,Mumbai,family,5,2,0,7,easy_going,109718,high,standard,no_restriction,vegetarian,fastest,April,3,balanced_traveller,33,76,56,44,63,77,54,76,52,42,78,48,train
T002793,Mumbai,friends,3,0,0,3,easy_going,36266,low,standard,no_restriction,no_preference,private_transport,April,5,adventure_traveller,61,53,79,84,42,100,26,12,63,87,46,11,validation
T002794,Mumbai,couple,2,0,0,2,easy_going,41411,medium,premium,no_restriction,no_preference,balanced,March,4,adventure_traveller,66,53,92,74,43,83,52,21,56,77,53,0,train
T002795,Bengaluru,friends,5,0,0,5,packed,88133,medium,standard,no_restriction,non_vegetarian,fastest,February,5,adventure_traveller,56,54,84,91,52,82,52,16,70,85,60,18,train
T002796,Hyderabad,friends,3,0,0,3,easy_going,10741,low,budget,no_restriction,vegetarian,lowest_cost,December,1,beach_traveller,58,22,94,77,58,46,39,60,23,65,65,19,train
T002797,Pune,family,4,1,0,5,balanced,98383,low,luxury,no_restriction,vegetarian,balanced,December,4,wellness_traveller,92,68,83,47,65,13,16,58,67,65,58,52,train
T002798,Bengaluru,couple,2,0,0,2,balanced,8953,low,standard,no_restriction,no_preference,fastest,November,1,nightlife_traveller,66,18,79,74,58,15,26,4,31,38,46,99,test
T002799,Bengaluru,friends,3,0,0,3,packed,105149,medium,premium,no_restriction,no_preference,lowest_cost,February,6,senior_traveller,84,78,70,53,59,5,17,56,62,37,49,59,train
T002800,Kochi,couple,2,0,0,2,packed,15982,medium,budget,no_restriction,non_vegetarian,balanced,February,2,family_traveller,93,63,82,68,71,51,61,65,72,61,60,53,train
T002801,Ahmedabad,friends,4,0,0,4,easy_going,58024,high,budget,no_restriction,no_preference,lowest_cost,February,3,family_traveller,88,78,86,38,49,36,46,47,32,71,50,53,train
T002802,Bengaluru,family,5,2,1,8,easy_going,132779,high,luxury,no_restriction,no_preference,public_transport,October,2,beach_traveller,74,0,82,89,68,63,55,20,46,86,46,15,train
T002803,Bengaluru,couple,2,0,0,2,packed,28813,high,standard,no_restriction,vegetarian,balanced,April,2,adventure_traveller,58,42,75,92,47,81,53,17,55,80,51,15,train
T002804,Nagpur,couple,2,0,0,2,easy_going,33506,high,standard,no_restriction,vegetarian,balanced,November,3,culture_traveller,51,81,58,68,59,0,3,38,77,84,46,75,train
T002805,Kolkata,family,4,4,0,8,packed,45554,low,budget,no_restriction,no_preference,fastest,January,3,family_traveller,62,36,99,63,0,37,1,62,91,74,26,17,test
T002806,Delhi,couple,2,0,0,2,balanced,15223,low,premium,no_restriction,non_vegetarian,public_transport,December,2,wellness_traveller,80,12,83,32,44,65,60,56,40,47,6,16,train
T002807,Ahmedabad,solo,1,0,0,1,balanced,12689,medium,budget,no_restriction,no_preference,lowest_cost,May,2,senior_traveller,89,75,80,55,38,28,12,56,63,65,42,61,train
T002808,Chennai,solo,1,0,0,1,balanced,48169,high,standard,no_restriction,no_preference,balanced,December,4,family_traveller,81,83,78,77,46,33,39,47,62,54,60,48,validation
T002809,Delhi,family,5,4,0,9,easy_going,46727,medium,luxury,no_restriction,no_preference,fastest,September,1,beach_traveller,49,9,86,95,84,67,56,68,24,79,80,32,test
T002810,Kolkata,solo,1,0,0,1,easy_going,59202,medium,premium,no_restriction,no_preference,balanced,October,6,culture_traveller,32,94,54,61,80,32,17,50,78,77,72,86,train
T002811,Chennai,friends,6,0,0,6,balanced,68877,low,standard,no_restriction,non_vegetarian,lowest_cost,November,8,family_traveller,68,83,82,54,52,66,42,71,56,46,53,59,test
T002812,Pune,couple,2,0,0,2,balanced,32797,medium,budget,no_restriction,non_vegetarian,private_transport,March,6,family_traveller,50,1,69,96,35,92,88,34,20,33,91,42,train
T002813,Kochi,friends,3,0,0,3,balanced,13900,low,standard,no_restriction,vegetarian,lowest_cost,March,1,family_traveller,81,90,93,44,67,56,41,45,52,69,44,35,train
T002814,Kochi,seniors,2,0,4,6,easy_going,40355,low,budget,no_restriction,non_vegetarian,lowest_cost,May,3,adventure_traveller,61,54,68,84,70,81,53,23,68,79,39,22,train
T002815,Ahmedabad,couple,2,0,0,2,easy_going,51838,medium,budget,no_restriction,vegetarian,public_transport,February,9,nightlife_traveller,85,72,65,81,69,68,72,88,31,56,32,0,train
T002816,Pune,couple,2,0,0,2,balanced,69515,medium,premium,no_restriction,vegetarian,lowest_cost,March,5,food_traveller,77,79,42,46,36,0,38,77,53,62,25,64,train
T002817,Chennai,solo,1,0,0,1,packed,38339,medium,premium,no_restriction,vegetarian,balanced,December,4,adventure_traveller,69,58,94,76,44,76,64,28,41,75,60,36,test
T002818,Indore,couple,2,0,0,2,balanced,12245,low,premium,no_restriction,non_vegetarian,lowest_cost,December,1,wellness_traveller,80,53,75,78,78,44,9,57,51,47,54,76,validation
T002819,Chennai,solo,1,0,0,1,balanced,5330,low,standard,no_restriction,non_vegetarian,lowest_cost,May,1,culture_traveller,60,81,40,46,52,19,24,52,93,78,58,90,train
T002820,Indore,family,4,2,0,6,packed,65458,medium,budget,no_restriction,vegan,private_transport,February,4,nightlife_traveller,81,39,49,40,55,48,92,84,2,67,54,29,train
T002821,Chennai,family,5,3,0,8,balanced,94510,high,standard,no_restriction,vegetarian,balanced,August,4,adventure_traveller,67,52,77,91,64,75,65,7,37,84,41,3,test
T002822,Delhi,couple,2,0,0,2,balanced,10263,low,budget,no_restriction,no_preference,lowest_cost,December,1,culture_traveller,56,69,49,58,45,24,36,67,81,93,58,80,train
T002823,Chennai,couple,2,0,0,2,easy_going,18602,high,standard,no_restriction,no_preference,lowest_cost,February,1,nightlife_traveller,79,50,54,61,60,74,80,89,8,41,68,25,train
T002824,Hyderabad,family,5,3,1,9,balanced,115957,high,premium,no_restriction,no_preference,lowest_cost,February,2,family_traveller,86,80,69,75,57,59,67,54,53,71,47,67,train
T002825,Chennai,friends,5,0,0,5,packed,69735,low,luxury,no_restriction,no_preference,lowest_cost,January,4,wellness_traveller,92,38,80,45,93,0,50,52,50,66,56,46,test
T002826,Ahmedabad,solo,1,0,0,1,balanced,23960,medium,standard,no_restriction,no_preference,fastest,February,3,senior_traveller,77,83,80,43,42,29,4,67,51,29,64,66,train
T002827,Jaipur,family,2,1,0,3,easy_going,132233,high,luxury,no_restriction,no_preference,lowest_cost,January,3,family_traveller,56,19,64,26,24,59,59,84,19,98,36,96,train
T002828,Delhi,friends,6,0,0,6,balanced,81414,high,premium,no_restriction,vegetarian,balanced,December,2,senior_traveller,79,88,80,73,73,7,13,63,73,58,59,61,train
T002829,Chennai,friends,3,0,0,3,balanced,59324,medium,standard,no_restriction,vegetarian,lowest_cost,January,6,family_traveller,73,90,83,59,50,66,54,66,51,44,48,62,train
T002830,Kolkata,seniors,0,0,3,3,balanced,58474,medium,premium,no_restriction,no_preference,private_transport,January,3,senior_traveller,83,82,82,60,58,7,0,82,49,54,70,61,validation
T002831,Jaipur,solo,1,0,0,1,balanced,6361,medium,budget,no_restriction,vegetarian,lowest_cost,November,1,family_traveller,88,88,87,51,55,46,59,47,62,71,56,50,test
T002832,Kochi,couple,2,0,0,2,easy_going,27691,medium,budget,no_restriction,non_vegetarian,lowest_cost,December,6,beach_traveller,10,39,28,40,40,35,51,93,52,82,77,41,train
T002833,Pune,friends,8,0,0,8,balanced,78903,medium,budget,no_restriction,no_preference,balanced,December,3,wellness_traveller,85,58,54,27,51,2,48,21,89,27,51,0,train
T002834,Pune,couple,2,0,0,2,balanced,34515,low,premium,wheelchair_friendly_preference,no_preference,balanced,May,4,nightlife_traveller,76,63,48,68,52,60,79,75,0,41,53,25,train
T002835,Hyderabad,seniors,1,0,4,5,balanced,36731,medium,premium,no_restriction,vegan,balanced,March,1,nightlife_traveller,75,49,42,45,37,61,75,94,32,57,63,31,test
T002836,Nagpur,family,2,1,0,3,balanced,18937,low,standard,no_restriction,no_preference,lowest_cost,February,3,balanced_traveller,51,48,45,49,49,51,61,63,60,26,44,44,test
T002837,Ahmedabad,family,3,2,0,5,packed,61075,low,premium,no_restriction,vegetarian,fastest,January,6,family_traveller,92,86,88,58,60,68,43,49,57,57,39,66,train
T002838,Mumbai,solo,1,0,0,1,balanced,7983,high,budget,no_restriction,vegan,lowest_cost,October,1,food_traveller,57,85,47,53,64,0,66,69,48,60,4,42,train
T002839,Chennai,friends,7,0,0,7,packed,64262,low,premium,no_restriction,no_preference,lowest_cost,September,3,food_traveller,81,84,77,49,72,2,61,85,56,68,20,60,train
T002840,Indore,couple,2,0,0,2,balanced,75502,high,premium,no_restriction,vegetarian,public_transport,January,3,balanced_traveller,54,53,40,67,43,66,41,59,44,48,62,71,train
T002841,Kolkata,couple,2,0,0,2,balanced,13044,low,budget,no_restriction,vegetarian,private_transport,November,3,nightlife_traveller,67,54,48,71,63,79,90,82,21,61,46,25,train
T002842,Hyderabad,couple,2,0,0,2,balanced,53544,medium,luxury,no_restriction,no_preference,balanced,August,2,family_traveller,72,79,96,49,52,54,48,38,78,35,36,65,train
T002843,Delhi,family,2,1,0,3,easy_going,21893,medium,budget,no_restriction,no_preference,private_transport,April,3,family_traveller,87,89,66,61,48,51,60,58,54,64,59,47,train
T002844,Nagpur,family,2,2,0,4,easy_going,14693,low,premium,no_restriction,vegetarian,lowest_cost,January,1,family_traveller,74,75,72,54,61,61,47,68,58,69,60,53,train
T002845,Hyderabad,solo,1,0,0,1,balanced,18278,low,premium,no_restriction,no_preference,lowest_cost,October,3,nightlife_traveller,100,54,31,59,69,63,85,76,14,46,48,17,test
T002846,Chennai,seniors,1,0,3,4,packed,37182,medium,luxury,no_restriction,non_vegetarian,public_transport,November,1,food_traveller,99,77,37,57,66,43,55,79,70,45,16,57,train
T002847,Chennai,friends,4,0,0,4,packed,54614,high,standard,no_restriction,no_preference,balanced,December,2,adventure_traveller,48,36,94,80,59,88,73,17,46,81,55,12,train
T002848,Indore,couple,2,0,0,2,balanced,13971,medium,budget,no_restriction,vegetarian,lowest_cost,October,1,senior_traveller,80,80,91,54,59,16,24,47,43,51,45,54,train
T002849,Kolkata,couple,2,0,0,2,balanced,79042,low,luxury,no_restriction,non_vegetarian,balanced,May,4,wellness_traveller,74,54,99,54,80,19,8,28,74,64,70,59,train
T002850,Ahmedabad,friends,4,0,0,4,easy_going,63082,medium,premium,no_restriction,vegetarian,private_transport,November,3,culture_traveller,75,85,54,72,42,16,7,43,73,76,59,79,train
T002851,Delhi,couple,2,0,0,2,balanced,48866,high,standard,no_restriction,non_vegetarian,fastest,December,3,culture_traveller,56,78,89,55,56,8,5,36,78,79,69,79,train
T002852,Indore,seniors,1,0,3,4,balanced,26934,low,standard,no_restriction,no_preference,fastest,January,3,senior_traveller,78,79,70,56,42,38,36,69,57,59,53,62,test
T002853,Indore,couple,2,0,0,2,balanced,146532,high,luxury,no_restriction,vegetarian,balanced,December,4,balanced_traveller,51,49,58,55,54,74,85,53,84,52,66,44,test
T002854,Kolkata,solo,1,0,0,1,balanced,11485,medium,budget,no_restriction,no_preference,balanced,December,3,food_traveller,93,86,42,52,49,31,44,83,52,47,22,54,validation
T002855,Delhi,family,2,3,0,5,balanced,50713,high,budget,no_restriction,no_preference,balanced,March,3,culture_traveller,47,76,63,57,39,44,42,59,76,76,61,93,train
T002856,Ahmedabad,couple,2,0,0,2,balanced,20595,medium,budget,no_restriction,non_vegetarian,lowest_cost,November,3,family_traveller,80,69,85,60,84,53,75,53,52,36,70,58,train
T002857,Delhi,family,3,2,0,5,easy_going,53340,high,budget,no_restriction,vegetarian,fastest,December,3,family_traveller,81,89,77,63,61,56,81,62,52,75,35,39,train
T002858,Nagpur,family,4,4,0,8,balanced,102678,low,premium,no_restriction,non_vegetarian,balanced,March,6,family_traveller,49,37,92,95,25,71,23,74,29,73,2,70,test
T002859,Indore,solo,1,0,0,1,packed,24730,medium,premium,no_restriction,no_preference,public_transport,December,2,family_traveller,81,82,91,58,75,56,38,46,48,58,75,59,test
T002860,Delhi,family,5,3,0,8,balanced,181074,high,standard,no_restriction,vegetarian,balanced,February,6,balanced_traveller,87,73,69,66,41,59,51,56,58,36,53,58,train
T002861,Nagpur,seniors,2,0,1,3,packed,19163,medium,premium,no_restriction,no_preference,public_transport,January,1,senior_traveller,80,81,92,71,45,18,38,52,60,63,73,65,test
T002862,Bengaluru,couple,2,0,0,2,balanced,12056,low,budget,no_restriction,no_preference,private_transport,October,2,family_traveller,74,62,74,59,74,27,44,61,51,58,61,52,train
T002863,Hyderabad,solo,1,0,0,1,balanced,19617,medium,budget,no_restriction,vegetarian,balanced,December,5,beach_traveller,69,88,53,27,20,27,30,60,92,22,35,59,train
T002864,Kolkata,couple,2,0,0,2,balanced,48891,low,luxury,no_restriction,non_vegetarian,fastest,December,3,nightlife_traveller,68,45,46,63,65,77,74,96,16,57,55,23,validation
T002865,Hyderabad,friends,5,0,0,5,packed,24071,low,standard,no_restriction,no_preference,lowest_cost,November,1,nightlife_traveller,30,65,44,65,55,92,12,62,45,92,85,31,train
T002866,Hyderabad,family,2,4,0,6,easy_going,59646,medium,budget,no_restriction,no_preference,balanced,December,3,family_traveller,81,69,78,47,61,53,41,75,59,68,43,52,train
T002867,Mumbai,solo,1,0,0,1,balanced,19035,medium,premium,no_restriction,jain,fastest,November,2,culture_traveller,50,82,59,50,68,15,12,70,83,62,25,94,train
T002868,Bengaluru,solo,1,0,0,1,balanced,21907,medium,standard,no_restriction,no_preference,fastest,December,4,beach_traveller,35,18,83,81,74,53,41,56,12,68,53,39,train
T002869,Kochi,friends,8,0,0,8,balanced,125320,high,standard,no_restriction,non_vegetarian,private_transport,January,3,wellness_traveller,5,62,65,30,93,17,15,36,49,46,69,19,test
T002870,Mumbai,seniors,2,0,4,6,packed,48703,medium,budget,no_restriction,no_preference,balanced,December,2,senior_traveller,12,55,98,75,53,83,63,8,62,7,37,36,train
T002871,Ahmedabad,solo,1,0,0,1,easy_going,12427,medium,budget,no_restriction,no_preference,lowest_cost,March,3,adventure_traveller,70,51,90,99,57,82,65,0,40,77,52,21,test
T002872,Chennai,family,3,3,0,6,easy_going,85686,high,budget,no_restriction,jain,balanced,December,4,balanced_traveller,62,64,50,61,56,33,50,47,38,46,65,57,test
T002873,Kolkata,seniors,1,0,4,5,balanced,154683,medium,luxury,no_restriction,no_preference,balanced,January,6,balanced_traveller,36,61,33,49,61,68,67,65,66,67,50,52,train
T002874,Jaipur,family,3,2,0,5,easy_going,46876,medium,budget,no_restriction,non_vegetarian,lowest_cost,November,3,culture_traveller,45,75,57,51,32,14,11,36,85,87,64,95,train
T002875,Ahmedabad,family,4,4,1,9,balanced,163561,medium,premium,no_restriction,non_vegetarian,balanced,December,6,family_traveller,90,71,89,27,44,51,69,78,51,56,69,83,test
T002876,Indore,solo,1,0,0,1,balanced,10036,medium,budget,no_restriction,non_vegetarian,lowest_cost,July,2,wellness_traveller,99,79,80,31,77,21,23,67,65,65,49,50,train
T002877,Delhi,family,3,4,0,7,balanced,56868,high,budget,no_restriction,vegan,lowest_cost,January,2,family_traveller,89,87,81,51,72,66,76,36,53,51,63,45,train
T002878,Chennai,family,3,1,1,5,balanced,65407,medium,premium,no_restriction,vegetarian,fastest,October,3,adventure_traveller,62,69,79,70,54,80,62,12,49,78,61,31,test
T002879,Jaipur,family,2,1,0,3,balanced,41187,medium,budget,no_restriction,vegetarian,fastest,January,4,nightlife_traveller,78,47,46,60,67,59,71,90,19,54,62,33,train
T002880,Mumbai,family,4,4,0,8,balanced,33980,low,budget,no_restriction,no_preference,fastest,November,3,nightlife_traveller,79,82,46,45,74,67,83,77,4,51,50,10,train
T002881,Bengaluru,solo,1,0,0,1,balanced,17621,medium,standard,no_restriction,vegetarian,balanced,November,2,senior_traveller,99,91,95,46,57,23,14,58,59,42,65,64,train
T002882,Nagpur,couple,2,0,0,2,easy_going,12407,medium,budget,no_restriction,vegetarian,balanced,December,1,nightlife_traveller,83,68,51,72,46,51,89,87,25,70,56,23,validation
T002883,Nagpur,solo,1,0,0,1,easy_going,17584,low,standard,no_restriction,non_vegetarian,lowest_cost,June,3,adventure_traveller,60,59,87,86,69,64,55,4,68,74,53,32,test
T002884,Hyderabad,friends,4,0,0,4,packed,34919,low,luxury,no_restriction,non_vegetarian,private_transport,June,2,beach_traveller,29,30,88,77,53,58,61,49,8,73,74,35,train
T002885,Delhi,couple,2,0,0,2,packed,66531,medium,luxury,no_restriction,vegan,fastest,November,3,senior_traveller,91,77,83,37,50,20,17,55,63,65,31,59,test
T002886,Hyderabad,friends,4,0,0,4,packed,64198,medium,luxury,no_restriction,vegetarian,public_transport,January,2,balanced_traveller,23,23,25,59,38,45,98,82,43,74,12,32,train
T002887,Nagpur,couple,2,0,0,2,balanced,35887,high,premium,no_restriction,no_preference,public_transport,February,2,nightlife_traveller,82,69,60,49,44,47,75,87,18,61,40,15,validation
T002888,Indore,solo,1,0,0,1,balanced,27168,low,standard,no_restriction,no_preference,lowest_cost,September,5,culture_traveller,73,89,57,27,38,18,28,39,82,87,56,77,train
T002889,Indore,couple,2,0,0,2,packed,43765,low,premium,no_restriction,vegan,balanced,November,5,beach_traveller,51,46,74,86,54,43,66,50,14,90,53,22,validation
T002890,Chennai,family,5,1,0,6,balanced,53110,high,standard,no_restriction,non_vegetarian,fastest,February,2,family_traveller,79,96,67,66,26,75,44,53,45,64,54,73,validation
T002891,Kolkata,family,2,1,0,3,easy_going,49593,medium,budget,no_restriction,no_preference,private_transport,February,5,family_traveller,88,92,90,43,62,54,56,76,51,65,36,57,validation
T002892,Pune,family,3,3,1,7,balanced,33604,low,standard,no_restriction,non_vegetarian,fastest,January,2,family_traveller,89,89,86,39,43,61,32,76,58,48,50,71,validation
T002893,Delhi,couple,2,0,0,2,balanced,23416,medium,standard,no_restriction,no_preference,lowest_cost,January,2,culture_traveller,66,96,61,70,67,15,2,70,96,78,71,83,validation
T002894,Ahmedabad,couple,2,0,0,2,easy_going,77777,high,luxury,no_restriction,jain,private_transport,January,2,beach_traveller,46,27,81,77,62,76,71,58,0,80,44,17,train
T002895,Hyderabad,friends,6,0,0,6,balanced,36171,medium,premium,no_restriction,no_preference,private_transport,November,1,food_traveller,21,10,92,87,75,2,52,23,7,2,71,37,train
T002896,Nagpur,friends,7,0,0,7,balanced,44188,medium,budget,no_restriction,no_preference,balanced,November,1,food_traveller,72,86,58,47,54,29,61,87,42,48,45,52,train
T002897,Nagpur,friends,4,0,0,4,easy_going,44570,high,standard,no_restriction,no_preference,balanced,January,1,food_traveller,93,88,69,58,51,36,41,94,66,52,0,56,validation
T002898,Delhi,friends,8,0,0,8,packed,48205,low,premium,no_restriction,vegetarian,lowest_cost,July,3,adventure_traveller,73,61,68,89,52,77,45,27,68,76,64,34,test
T002899,Delhi,family,5,1,0,6,balanced,87873,high,premium,no_restriction,non_vegetarian,balanced,February,2,nightlife_traveller,68,47,65,47,85,51,74,84,24,73,53,8,train
T002900,Hyderabad,friends,3,0,0,3,balanced,39239,high,premium,no_restriction,no_preference,balanced,November,1,nightlife_traveller,78,47,50,67,63,69,75,68,22,56,50,0,train
T002901,Jaipur,family,2,3,0,5,balanced,26706,low,luxury,no_restriction,vegetarian,balanced,December,1,family_traveller,84,70,93,62,50,60,71,61,61,75,49,45,validation
T002902,Kolkata,couple,2,0,0,2,balanced,36680,high,premium,no_restriction,non_vegetarian,balanced,August,2,culture_traveller,66,74,53,50,73,30,0,63,81,71,47,80,train
T002903,Kochi,seniors,1,0,4,5,packed,59040,medium,standard,wheelchair_friendly_preference,vegetarian,lowest_cost,January,3,senior_traveller,78,82,83,61,47,5,13,59,53,43,83,47,train
T002904,Hyderabad,friends,7,0,0,7,balanced,97671,low,budget,no_restriction,no_preference,lowest_cost,January,8,balanced_traveller,63,74,61,61,60,68,71,22,53,49,59,52,test
T002905,Indore,family,3,4,0,7,balanced,33261,low,standard,no_restriction,vegan,balanced,February,1,family_traveller,84,82,88,56,49,58,61,57,71,43,67,42,test
T002906,Jaipur,solo,1,0,0,1,easy_going,17811,high,budget,no_restriction,no_preference,lowest_cost,October,2,food_traveller,72,88,56,38,50,28,57,87,52,70,37,35,train
T002907,Ahmedabad,family,5,2,0,7,easy_going,64338,medium,standard,no_restriction,no_preference,lowest_cost,January,2,food_traveller,85,88,23,44,86,20,83,83,69,53,11,37,validation
T002908,Bengaluru,couple,2,0,0,2,easy_going,38238,high,budget,no_restriction,non_vegetarian,lowest_cost,January,3,senior_traveller,84,89,69,58,49,32,11,33,61,56,78,68,test
T002909,Chennai,family,3,2,0,5,easy_going,27232,low,budget,no_restriction,non_vegetarian,lowest_cost,September,4,senior_traveller,87,75,85,56,64,2,4,48,56,76,59,68,test
T002910,Kolkata,family,3,3,0,6,balanced,111793,medium,luxury,no_restriction,no_preference,fastest,February,3,family_traveller,85,79,79,38,72,37,67,52,46,45,57,52,test
T002911,Bengaluru,family,5,2,0,7,easy_going,57833,medium,budget,no_restriction,vegetarian,lowest_cost,December,2,adventure_traveller,67,66,81,87,39,71,75,34,75,80,45,17,train
T002912,Nagpur,solo,1,0,0,1,balanced,41311,medium,premium,no_restriction,no_preference,private_transport,March,4,culture_traveller,55,81,59,52,37,28,23,61,73,94,51,93,train
T002913,Jaipur,seniors,0,0,2,2,easy_going,170364,medium,luxury,reduced_walking,vegetarian,private_transport,February,7,nightlife_traveller,28,44,24,93,15,55,54,53,13,49,92,20,train
T002914,Kolkata,friends,8,0,0,8,packed,61275,medium,standard,no_restriction,vegetarian,balanced,November,3,culture_traveller,7,83,56,5,69,63,42,85,29,75,33,55,test
T002915,Jaipur,couple,2,0,0,2,balanced,26901,low,budget,no_restriction,no_preference,lowest_cost,December,7,wellness_traveller,83,87,75,69,80,21,8,49,72,63,62,37,train
T002916,Indore,couple,2,0,0,2,balanced,39406,low,premium,no_restriction,no_preference,lowest_cost,December,5,beach_traveller,71,14,93,70,65,49,59,60,15,76,46,23,train
T002917,Indore,solo,1,0,0,1,balanced,20248,low,standard,no_restriction,no_preference,lowest_cost,November,6,beach_traveller,65,32,77,89,71,63,63,50,46,74,51,32,train
T002918,Bengaluru,family,5,2,0,7,packed,93252,low,premium,no_restriction,vegetarian,fastest,January,5,food_traveller,75,77,70,38,56,34,32,76,38,41,22,64,train
T002919,Chennai,solo,1,0,0,1,balanced,24469,low,luxury,no_restriction,vegan,public_transport,January,2,family_traveller,83,73,78,69,86,36,46,70,41,55,78,48,test
T002920,Bengaluru,friends,8,0,0,8,balanced,58315,low,standard,no_restriction,vegan,lowest_cost,November,3,adventure_traveller,66,41,89,83,62,65,57,18,48,90,37,59,train
T002921,Jaipur,friends,6,0,0,6,balanced,30428,low,budget,no_restriction,no_preference,private_transport,March,4,adventure_traveller,61,66,72,86,75,71,58,25,66,89,71,21,test
T002922,Mumbai,solo,1,0,0,1,easy_going,79545,high,premium,no_restriction,no_preference,fastest,August,4,adventure_traveller,74,63,77,83,55,90,61,27,56,62,72,19,train
T002923,Mumbai,solo,1,0,0,1,balanced,7649,low,standard,no_restriction,non_vegetarian,lowest_cost,November,2,senior_traveller,72,82,91,59,51,39,18,40,68,64,59,76,train
T002924,Ahmedabad,family,3,1,0,4,packed,45709,low,standard,no_restriction,no_preference,balanced,November,5,family_traveller,72,81,81,57,63,78,37,52,46,60,65,42,test
T002925,Pune,family,2,3,0,5,balanced,28122,medium,premium,no_restriction,no_preference,lowest_cost,February,1,food_traveller,99,29,89,41,96,42,74,96,28,2,44,76,validation
T002926,Ahmedabad,solo,1,0,0,1,packed,49341,medium,luxury,no_restriction,non_vegetarian,private_transport,September,3,wellness_traveller,77,52,85,51,81,31,28,59,36,64,52,62,train
T002927,Mumbai,family,3,2,0,5,balanced,107398,medium,standard,no_restriction,non_vegetarian,balanced,January,9,balanced_traveller,81,29,19,75,12,87,87,55,42,88,71,3,train
T002928,Nagpur,seniors,2,0,1,3,balanced,33591,medium,standard,no_restriction,no_preference,balanced,November,2,senior_traveller,79,81,91,44,43,16,20,63,57,46,52,59,test
T002929,Indore,seniors,2,0,4,6,balanced,38042,medium,luxury,no_restriction,no_preference,public_transport,October,1,senior_traveller,88,91,77,66,59,25,36,48,66,58,71,61,test
T002930,Chennai,family,3,2,1,6,easy_going,56443,medium,budget,no_restriction,no_preference,fastest,January,4,food_traveller,84,89,63,49,77,0,67,85,71,54,13,43,test
T002931,Ahmedabad,seniors,0,0,4,4,easy_going,28679,medium,standard,wheelchair_friendly_preference,vegetarian,balanced,December,1,senior_traveller,76,75,78,58,63,11,22,54,53,56,75,66,test
T002932,Kochi,family,5,2,0,7,balanced,43896,low,standard,no_restriction,no_preference,fastest,February,2,balanced_traveller,58,80,61,65,63,57,58,56,28,70,70,67,train
T002933,Kochi,couple,2,0,0,2,balanced,8737,low,budget,no_restriction,non_vegetarian,lowest_cost,October,2,wellness_traveller,94,47,98,48,80,26,19,36,60,57,53,57,train
T002934,Nagpur,couple,2,0,0,2,packed,46070,medium,premium,no_restriction,vegetarian,fastest,February,3,beach_traveller,53,7,67,76,49,43,63,59,12,79,59,10,test
T002935,Nagpur,solo,1,0,0,1,easy_going,16383,medium,budget,no_restriction,no_preference,fastest,October,4,wellness_traveller,90,63,85,51,80,30,1,40,52,56,55,63,train
T002936,Pune,friends,7,0,0,7,easy_going,53794,medium,premium,no_restriction,vegetarian,public_transport,May,1,beach_traveller,68,9,89,84,51,29,39,77,41,70,33,36,train
T002937,Nagpur,family,3,1,0,4,packed,43661,medium,budget,no_restriction,vegetarian,fastest,October,3,senior_traveller,74,53,72,52,32,3,32,65,0,92,39,6,validation
T002938,Kochi,friends,8,0,0,8,easy_going,92269,medium,budget,no_restriction,no_preference,balanced,January,4,beach_traveller,61,21,81,81,50,51,53,53,26,85,72,29,train
T002939,Chennai,friends,4,0,0,4,easy_going,27149,medium,budget,no_restriction,non_vegetarian,fastest,December,2,adventure_traveller,54,75,72,87,52,76,36,42,65,71,41,11,train
T002940,Kolkata,couple,2,0,0,2,balanced,40921,low,premium,no_restriction,non_vegetarian,lowest_cost,November,4,food_traveller,64,78,65,79,40,17,35,80,69,68,19,53,validation
T002941,Hyderabad,couple,2,0,0,2,packed,22155,medium,standard,no_restriction,no_preference,fastest,January,2,nightlife_traveller,78,50,68,47,43,44,100,90,28,45,62,42,train
T002942,Kolkata,solo,1,0,0,1,easy_going,11206,medium,budget,no_restriction,vegetarian,lowest_cost,January,3,adventure_traveller,66,55,65,88,55,85,56,0,51,75,59,25,test
T002943,Chennai,seniors,1,0,4,5,packed,32804,low,standard,wheelchair_friendly_preference,no_preference,balanced,February,2,culture_traveller,80,87,43,90,43,25,17,55,85,85,73,76,train
T002944,Nagpur,friends,7,0,0,7,balanced,49613,medium,premium,no_restriction,no_preference,balanced,March,1,adventure_traveller,50,62,63,83,57,75,56,23,56,88,60,17,train
T002945,Nagpur,seniors,0,0,3,3,packed,60641,high,premium,no_restriction,no_preference,balanced,December,3,senior_traveller,79,85,79,57,72,31,38,61,35,48,37,68,train
T002946,Bengaluru,family,4,3,0,7,balanced,80242,medium,budget,no_restriction,no_preference,fastest,February,6,family_traveller,83,77,78,71,76,47,52,54,60,61,50,63,train
T002947,Kolkata,solo,1,0,0,1,packed,15849,high,budget,no_restriction,no_preference,public_transport,February,3,beach_traveller,83,16,94,86,56,46,48,55,18,86,48,11,train
T002948,Bengaluru,couple,2,0,0,2,balanced,20275,low,budget,no_restriction,no_preference,public_transport,April,4,wellness_traveller,78,64,75,44,84,19,18,67,56,49,59,49,train
T002949,Indore,solo,1,0,0,1,packed,28399,high,premium,no_restriction,non_vegetarian,private_transport,May,2,beach_traveller,65,23,73,79,47,51,51,54,1,78,68,42,test
T002950,Pune,family,5,3,0,8,packed,75501,medium,budget,no_restriction,no_preference,balanced,October,4,family_traveller,78,72,80,66,53,74,57,44,53,49,72,63,test
T002951,Indore,family,2,1,0,3,balanced,60860,medium,standard,no_restriction,no_preference,public_transport,November,7,family_traveller,73,87,85,65,46,63,67,40,49,38,47,55,train
T002952,Indore,solo,1,0,0,1,balanced,54509,high,standard,no_restriction,no_preference,balanced,January,5,culture_traveller,46,14,35,37,7,61,51,66,82,32,50,77,validation
T002953,Mumbai,family,2,4,0,6,packed,85397,high,premium,no_restriction,vegetarian,lowest_cost,July,2,balanced_traveller,49,56,65,43,47,67,47,58,68,58,60,75,validation
T002954,Hyderabad,friends,5,0,0,5,packed,112686,low,premium,no_restriction,non_vegetarian,public_transport,February,8,beach_traveller,81,21,81,73,47,45,48,51,16,87,56,43,test
T002955,Kolkata,family,5,2,1,8,packed,32611,medium,budget,no_restriction,vegan,private_transport,December,1,family_traveller,67,81,77,57,69,47,38,41,45,43,57,75,test
T002956,Bengaluru,friends,7,0,0,7,packed,23610,low,standard,no_restriction,non_vegetarian,balanced,November,1,balanced_traveller,70,9,70,21,97,74,70,21,23,55,16,31,test
T002957,Chennai,couple,2,0,0,2,balanced,26133,medium,standard,no_restriction,no_preference,balanced,March,2,balanced_traveller,61,59,67,69,45,34,48,58,50,64,41,75,train
T002958,Pune,family,2,3,0,5,easy_going,129861,medium,standard,no_restriction,no_preference,public_transport,October,10,culture_traveller,47,82,55,76,52,0,14,67,86,81,52,84,train
T002959,Ahmedabad,seniors,0,0,2,2,balanced,35376,low,premium,reduced_walking,vegan,lowest_cost,November,3,adventure_traveller,50,47,68,81,36,79,61,0,65,66,78,17,train
T002960,Nagpur,solo,1,0,0,1,balanced,55376,low,luxury,no_restriction,no_preference,balanced,September,3,senior_traveller,81,90,81,70,74,34,25,44,62,51,65,76,train
T002961,Nagpur,family,3,2,0,5,easy_going,184357,medium,luxury,no_restriction,no_preference,balanced,November,7,family_traveller,76,80,73,39,59,76,65,66,69,59,57,46,train
T002962,Bengaluru,couple,2,0,0,2,packed,29341,low,budget,no_restriction,vegetarian,lowest_cost,January,7,senior_traveller,82,80,80,70,52,51,0,46,46,54,74,43,test
T002963,Mumbai,solo,1,0,0,1,packed,9142,medium,budget,no_restriction,vegetarian,balanced,December,2,senior_traveller,94,84,72,38,64,1,30,49,42,63,44,62,train
T002964,Jaipur,solo,1,0,0,1,packed,137308,medium,luxury,no_restriction,no_preference,fastest,October,7,nightlife_traveller,93,45,49,41,51,69,70,85,8,79,58,18,train
T002965,Kochi,family,5,4,0,9,easy_going,71291,medium,budget,no_restriction,vegetarian,balanced,November,4,balanced_traveller,62,66,58,63,64,42,48,65,58,56,60,33,validation
T002966,Nagpur,family,5,4,0,9,easy_going,144072,high,standard,no_restriction,no_preference,public_transport,December,5,family_traveller,84,80,77,37,63,63,79,56,60,58,67,50,train
T002967,Chennai,family,4,3,0,7,easy_going,39061,medium,standard,no_restriction,vegan,fastest,October,2,family_traveller,88,80,76,45,49,46,56,80,81,81,55,65,train
T002968,Mumbai,family,4,3,1,8,packed,48564,medium,budget,no_restriction,non_vegetarian,lowest_cost,March,2,family_traveller,76,85,74,72,67,48,54,71,61,54,48,55,train
T002969,Indore,couple,2,0,0,2,balanced,29408,low,budget,no_restriction,jain,balanced,February,6,food_traveller,73,81,45,49,67,10,62,89,55,63,8,65,validation
T002970,Jaipur,friends,4,0,0,4,balanced,45856,low,luxury,no_restriction,non_vegetarian,lowest_cost,May,2,culture_traveller,70,91,58,52,78,0,0,62,81,79,35,74,test
T002971,Bengaluru,friends,8,0,0,8,easy_going,159257,medium,premium,no_restriction,no_preference,lowest_cost,February,8,culture_traveller,38,88,44,62,46,21,3,54,81,83,67,86,test
T002972,Indore,couple,2,0,0,2,easy_going,11215,low,budget,no_restriction,no_preference,fastest,December,3,senior_traveller,85,86,74,72,58,19,8,54,68,59,65,56,train
T002973,Nagpur,family,5,2,0,7,balanced,109709,medium,premium,no_restriction,no_preference,balanced,January,6,family_traveller,87,96,84,56,56,61,40,73,54,55,41,58,validation
T002974,Jaipur,couple,2,0,0,2,easy_going,31231,medium,budget,no_restriction,no_preference,balanced,December,5,beach_traveller,60,23,73,91,53,53,62,37,36,74,78,34,train
T002975,Kochi,couple,2,0,0,2,balanced,89596,high,standard,no_restriction,non_vegetarian,fastest,March,6,adventure_traveller,31,14,6,89,65,96,74,73,47,61,9,66,train
T002976,Nagpur,friends,8,0,0,8,easy_going,121560,high,standard,no_restriction,no_preference,balanced,September,3,senior_traveller,86,82,73,90,50,25,12,45,57,51,58,49,train
T002977,Chennai,family,4,2,0,6,balanced,31578,low,budget,no_restriction,no_preference,lowest_cost,February,2,family_traveller,90,85,100,52,46,71,71,70,44,48,37,80,train
T002978,Kolkata,solo,1,0,0,1,balanced,25947,high,standard,no_restriction,no_preference,fastest,February,3,nightlife_traveller,67,76,63,61,31,55,94,92,17,71,75,17,train
T002979,Pune,couple,2,0,0,2,balanced,21807,high,budget,no_restriction,no_preference,lowest_cost,December,2,adventure_traveller,38,53,88,82,52,84,69,0,55,82,78,35,train
T002980,Bengaluru,friends,6,0,0,6,balanced,50373,low,standard,no_restriction,no_preference,private_transport,November,6,senior_traveller,97,72,71,59,91,1,30,57,61,70,48,53,train
T002981,Pune,couple,2,0,0,2,easy_going,20316,medium,budget,no_restriction,non_vegetarian,balanced,November,3,beach_traveller,65,28,64,86,52,70,46,58,13,76,30,33,test
T002982,Pune,seniors,2,0,2,4,packed,75658,medium,luxury,no_restriction,vegan,lowest_cost,November,2,senior_traveller,83,84,89,43,52,23,34,67,51,63,50,52,test
T002983,Ahmedabad,couple,2,0,0,2,packed,6152,low,budget,no_restriction,non_vegetarian,private_transport,October,1,beach_traveller,42,25,84,81,51,56,62,46,38,87,28,17,train
T002984,Indore,friends,7,0,0,7,packed,97401,high,budget,no_restriction,non_vegetarian,balanced,February,5,food_traveller,78,61,49,58,70,52,47,86,52,53,21,55,validation
T002985,Pune,seniors,0,0,2,2,balanced,21744,medium,standard,no_restriction,vegetarian,lowest_cost,February,2,culture_traveller,41,75,57,66,59,26,4,53,83,82,44,75,train
T002986,Delhi,family,4,4,0,8,easy_going,80753,low,luxury,no_restriction,vegetarian,lowest_cost,January,3,culture_traveller,72,80,50,59,66,20,5,68,85,96,48,83,train
T002987,Hyderabad,family,3,2,0,5,packed,93008,medium,luxury,no_restriction,vegetarian,fastest,November,3,family_traveller,97,85,71,52,95,40,62,84,42,76,76,53,train
T002988,Kochi,family,4,4,0,8,balanced,65612,medium,standard,no_restriction,non_vegetarian,fastest,November,2,family_traveller,89,76,79,64,50,61,44,71,66,48,70,62,train
T002989,Indore,seniors,1,0,2,3,easy_going,68895,low,premium,no_restriction,vegan,lowest_cost,August,8,senior_traveller,92,94,81,52,34,2,18,51,53,61,78,50,validation
T002990,Kochi,family,2,1,0,3,packed,27195,medium,standard,no_restriction,no_preference,private_transport,December,3,adventure_traveller,60,42,90,85,54,85,56,20,49,83,62,9,train
T002991,Mumbai,family,2,4,0,6,balanced,186440,medium,standard,no_restriction,no_preference,fastest,February,11,beach_traveller,87,46,72,89,50,59,38,56,57,76,67,22,train
T002992,Jaipur,solo,1,0,0,1,easy_going,31670,high,standard,no_restriction,no_preference,private_transport,December,4,family_traveller,75,71,78,67,50,57,52,66,38,56,53,47,train
T002993,Mumbai,friends,7,0,0,7,easy_going,34484,medium,standard,no_restriction,no_preference,public_transport,February,1,adventure_traveller,71,28,85,94,44,84,55,30,51,89,54,56,test
T002994,Nagpur,solo,1,0,0,1,easy_going,8299,low,budget,no_restriction,vegetarian,private_transport,January,2,food_traveller,83,82,43,75,80,16,64,82,53,52,4,62,train
T002995,Ahmedabad,couple,2,0,0,2,easy_going,88108,medium,premium,no_restriction,vegan,public_transport,November,6,senior_traveller,88,76,78,80,70,27,13,47,44,49,54,60,train
T002996,Bengaluru,couple,2,0,0,2,balanced,49746,medium,standard,no_restriction,no_preference,balanced,November,5,senior_traveller,92,84,81,63,55,26,19,72,73,56,83,60,train
T002997,Mumbai,family,5,2,0,7,balanced,47292,medium,standard,no_restriction,vegetarian,lowest_cost,December,2,family_traveller,97,75,79,48,60,42,44,72,68,61,74,49,train
T002998,Mumbai,solo,1,0,0,1,balanced,15852,medium,standard,no_restriction,vegetarian,balanced,December,3,beach_traveller,55,8,75,81,69,67,50,67,39,75,66,20,test
T002999,Indore,couple,2,0,0,2,balanced,40855,medium,standard,no_restriction,vegetarian,private_transport,November,5,adventure_traveller,58,60,87,78,53,79,63,27,44,81,50,8,train
T003000,Bengaluru,friends,3,0,0,3,easy_going,56815,medium,budget,no_restriction,no_preference,balanced,January,7,nightlife_traveller,82,48,56,65,64,63,84,91,7,50,46,15,train
